122322.95,76125.00,105307.80,109963.15,42921.00,167902.55,10718.33,7451.00,94274.12,507.00,254.00,130813.98,133.00
43427.35,41763.00,68147.76,12458.11,13655.00,59791.63,26309.71,25233.00,68332.47,451.00,481.00,61448.52,138.00
61214.20,54578.00,73504.59,39862.62,29830.00,87577.50,13636.21,11572.00,77226.30,499.00,608.00,53786.95,485.60
110498.30,65716.00,110195.62,100494.31,51664.00,127477.46,2535.89,1327.00,125238.95,430.00,178.00,158317.30,845.20
22008.65,21020.00,68618.41,19481.49,17336.00,73646.69,6116.60,6102.00,65692.80,471.00,646.00,47782.44,944.00
104734.65,87524.00,78422.95,92439.20,80560.00,75199.80,1987.30,1526.00,85347.11,441.00,526.00,54945.59,948.10
139423.89,100338.00,91065.04,76443.23,48278.00,103769.48,6135.64,4468.00,89996.71,451.00,503.00,58760.91,1001.50
95952.85,77290.00,81360.67,49087.50,40334.00,79758.98,7595.77,4684.00,106275.92,486.00,358.00,88967.87,1110.90
121772.90,96417.00,82770.77,58101.75,46757.00,81437.14,17601.29,12394.00,93070.70,539.00,506.00,69810.09,1153.70
69661.60,58322.00,78278.23,49061.32,23286.00,138077.95,3296.30,2416.00,89414.87,536.00,611.00,57491.48,1198.30
127901.35,93062.00,90070.52,100321.77,50898.00,129173.78,16788.52,14388.00,76470.16,482.00,498.00,63430.43,1338.70
143263.80,119134.00,78809.88,80684.38,75242.00,70276.34,6648.53,4412.00,98757.50,435.00,234.00,121829.74,1536.10
136439.00,97467.00,91740.45,62441.68,34495.00,118631.05,8493.03,5785.00,96214.22,504.00,494.00,66862.64,1700.40
99443.15,73384.00,88808.27,31990.77,23009.00,91118.58,13775.44,10073.00,89624.47,440.00,204.00,141352.16,1732.80
148082.20,96575.00,100488.91,118811.98,91227.00,85352.61,22463.63,17677.00,83282.03,526.00,298.00,115677.64,1783.00
75247.60,62568.00,78817.08,23746.45,20636.00,75414.20,1712.41,1490.00,75318.45,433.00,342.00,82973.95,1868.10
61402.30,56397.00,71352.41,21843.64,20777.00,68900.46,7232.82,6035.00,78543.52,476.00,265.00,117717.49,1899.00
89574.55,64993.00,90322.93,38594.08,28549.00,88595.11,14285.95,9095.00,102940.53,441.00,232.00,124574.90,1915.80
69649.25,64614.00,70643.09,27329.54,22482.00,79666.79,10798.06,9780.00,72358.05,438.00,214.00,134134.44,1928.70
145400.34,105843.00,90029.17,103393.16,61927.00,109418.73,7777.84,5329.00,95651.82,539.00,555.00,63646.67,1930.50
118117.30,93765.00,82556.77,57181.88,48241.00,77682.31,12409.32,10586.00,76823.85,457.00,182.00,164560.19,1947.10
70873.80,64963.00,71498.94,25254.18,23303.00,71023.38,19751.62,17473.00,74082.43,470.00,207.00,148801.55,1950.30
82583.50,75983.00,71228.99,38179.96,38059.00,65744.29,2391.90,2185.00,71741.69,457.00,175.00,171142.58,1961.90
114199.50,97390.00,76847.51,62874.84,50202.00,82079.72,1050.77,764.00,90135.17,480.00,444.00,70849.73,1963.90
86412.00,69002.00,82071.48,46005.40,38590.00,78129.31,11250.26,7740.00,95258.02,433.00,155.00,183077.98,1984.40
98675.55,85186.00,75913.89,41439.37,40790.00,66579.32,2184.84,1680.00,85229.58,472.00,173.00,178803.44,1984.40
59071.95,54795.00,70651.32,32000.29,27119.00,77332.16,3312.96,2893.00,75049.48,442.00,186.00,155736.09,1984.40
106174.85,91558.00,75998.55,38494.12,32482.00,77666.11,15129.66,10980.00,90303.96,530.00,239.00,145330.89,1996.50
58380.35,52104.00,73430.34,26548.90,23260.00,74802.62,6624.73,4998.00,86866.42,431.00,179.00,157798.97,2071.50
115317.65,94540.00,79939.26,46296.95,32664.00,92888.72,1198.33,962.00,81635.92,515.00,439.00,76881.64,2196.00
85572.20,48864.00,114768.74,32564.35,17380.00,122792.72,1674.33,1035.00,106018.26,433.00,278.00,102075.85,2567.10
47836.30,45502.00,68898.07,23044.35,21946.00,68815.95,6636.63,6216.00,69970.76,475.00,606.00,51368.98,2663.70
40568.80,25531.00,104136.82,39437.79,23327.00,110798.44,1085.28,569.00,124999.84,490.00,347.00,92543.64,2766.20
82279.50,76181.00,70782.34,34369.58,32609.00,69074.34,1035.30,986.00,68812.80,461.00,602.00,50186.21,2814.70
154594.45,117134.00,86494.97,73812.13,51450.00,94020.45,15825.81,12232.00,84790.74,447.00,430.00,68126.96,2875.60
105600.10,87018.00,79530.77,68652.30,53838.00,83569.16,12080.88,8744.00,90545.82,438.00,334.00,85942.41,2973.00
93760.25,74803.00,82144.73,67956.14,45895.00,97038.33,3467.66,1557.00,145957.98,511.00,298.00,112378.84,3075.10
40552.65,37773.00,70358.68,15186.78,12553.00,79286.29,1693.37,1431.00,77551.86,519.00,667.00,50994.28,3108.90
93870.45,76890.00,80009.03,107656.92,80702.00,87425.40,1438.71,1432.00,65843.09,438.00,423.00,67859.98,3463.00
80848.80,60271.00,87911.39,86617.73,65019.00,87306.47,1642.20,1581.00,68072.88,514.00,489.00,68886.51,3629.10
123253.95,98621.00,81905.17,72729.23,57817.00,82439.13,20219.29,16547.00,80080.47,455.00,270.00,110440.29,3630.80
73282.05,66535.00,72181.74,45134.32,44739.00,66115.09,4360.16,3365.00,84917.52,515.00,362.00,93234.92,3701.10
69347.15,57484.00,79060.87,86017.96,66808.00,84380.21,6147.54,3998.00,100771.69,519.00,698.00,48729.50,3787.40
22276.55,19283.00,75710.00,25695.67,21655.00,77764.56,14404.95,10981.00,85970.58,474.00,382.00,81319.55,3853.00
124408.20,87066.00,93644.08,57106.91,41854.00,89419.38,21224.84,14984.00,92831.77,431.00,150.00,188306.78,3870.30
73022.70,66646.00,71806.49,93382.88,74034.00,82663.91,2445.45,1792.00,89433.61,514.00,494.00,68189.27,4006.40
56469.90,41702.00,88744.21,42221.20,26770.00,103362.30,18084.43,15428.00,76820.16,517.00,347.00,97642.98,4044.40
96444.95,82362.00,76741.89,43217.23,32846.00,86229.21,8514.45,7324.00,76188.29,435.00,470.00,60655.66,4305.80
70206.90,62318.00,73832.27,43872.92,26730.00,107566.62,14042.00,11884.00,77436.60,489.00,423.00,75761.48,4460.20
86732.15,76010.00,74780.66,41316.80,40686.00,66552.08,1956.36,2184.00,58705.14,455.00,455.00,65536.00,4552.30
149700.05,109414.00,89666.25,83436.85,57186.00,95619.86,29365.63,18944.00,101589.20,534.00,458.00,76410.98,4752.00
116899.40,80901.00,94697.45,46455.22,29729.00,102408.07,14095.55,12119.00,76224.61,455.00,183.00,162944.70,5227.60
93366.00,84935.00,72041.38,39411.61,39539.00,65324.86,2752.47,1937.00,93126.43,465.00,179.00,170247.14,5265.20
79458.95,71403.00,72930.01,56823.69,53055.00,70191.26,5628.70,4605.00,80104.77,488.00,407.00,78578.79,5346.30
84142.45,74321.00,74196.52,50826.09,39765.00,83765.60,2967.86,2199.00,88450.06,448.00,174.00,168736.38,5397.50
103493.95,90694.00,74785.31,49737.24,47986.00,67927.73,1375.64,1168.00,77186.60,462.00,381.00,79468.85,5414.10
97093.80,89027.00,71474.25,68827.23,67879.00,66451.49,15754.41,13137.00,78593.38,459.00,210.00,143242.98,5414.40
136019.09,85186.00,104643.34,63240.17,47446.00,87352.10,16912.28,8256.00,134249.42,491.00,147.00,218899.17,5422.00
99350.05,87810.00,74148.78,59668.98,55974.00,69862.20,11961.88,10160.00,77158.84,440.00,167.00,172669.70,5455.80
106183.40,95714.00,72704.47,42330.68,41366.00,67064.34,2303.84,1600.00,94365.30,504.00,207.00,159565.92,5455.80
103610.80,91887.00,73897.70,20905.92,20843.00,65733.84,1751.68,1453.00,79007.64,447.00,151.00,194003.92,5455.80
95141.55,57838.00,107804.49,11615.59,6058.00,125658.53,2713.20,1420.00,125219.93,429.00,182.00,154477.72,5463.80
62842.50,56729.00,72598.61,32744.04,29325.00,73176.94,1668.38,1391.00,78604.58,470.00,458.00,67253.10,5504.20
89991.60,79861.00,73849.43,40176.78,39025.00,67470.23,1566.04,1034.00,99257.25,437.00,160.00,178995.20,5506.10
128098.00,97942.00,85714.31,101235.69,75874.00,87442.10,13911.10,11940.00,76354.94,446.00,292.00,100099.51,5526.10
125347.75,90788.00,90483.22,69158.05,56384.00,80383.48,13444.62,9023.00,97651.18,446.00,247.00,118336.26,5557.90
119875.75,95473.00,82286.90,127602.52,103189.00,81041.18,27876.94,23742.00,76949.84,446.00,221.00,132258.17,5561.80
157751.30,128115.00,80696.16,87390.03,74375.00,77004.28,1260.21,913.00,90459.08,437.00,237.00,120840.64,5577.30
88358.55,75092.00,77114.28,30354.52,28368.00,70125.29,8081.29,6719.00,78823.56,456.00,169.00,176830.86,5648.70
108342.75,95343.00,74471.66,47647.60,46459.00,67212.66,8463.28,6605.00,83974.20,435.00,185.00,154098.17,5678.80
111253.55,93234.00,78202.29,57102.15,53766.00,69602.48,21308.14,18212.00,76677.48,434.00,220.00,129284.66,5764.60
41762.95,36131.00,75751.48,27082.02,19591.00,90595.04,5266.94,5077.00,67987.84,507.00,415.00,80064.46,5804.90
98684.10,75223.00,85975.84,36698.41,30563.00,78692.11,11138.40,6721.00,108609.77,457.00,198.00,151262.39,5851.70
106259.40,92266.00,75475.43,55531.35,38974.00,93377.70,9678.27,7864.00,80655.53,502.00,698.00,47133.34,5901.70
110299.75,85772.00,84276.98,41823.74,30648.00,89433.60,13032.88,8906.00,95904.21,464.00,234.00,129951.73,6005.00
165688.55,108907.00,99704.93,93365.02,50143.00,122026.41,5688.20,3497.00,106600.48,431.00,165.00,171187.97,6040.30
101657.60,79347.00,83963.26,50735.65,41047.00,81004.98,14011.06,8677.00,105823.32,457.00,243.00,123250.84,6054.10
64733.95,60387.00,70253.59,27391.42,27575.00,65099.70,5438.30,4705.00,75750.15,437.00,235.00,121869.07,6116.70
83340.65,76098.00,71773.41,27279.56,25862.00,69128.20,5769.12,4544.00,83205.34,438.00,203.00,141402.80,6120.80
52656.60,29855.00,115588.77,54670.98,25451.00,140777.09,1075.76,861.00,81882.70,500.00,586.00,55918.09,6168.70
93299.50,67569.00,90492.34,67154.09,43765.00,100560.04,21350.98,14074.00,99421.48,507.00,326.00,101922.55,6180.00
112748.85,73838.00,100071.91,100535.96,54730.00,120385.98,1165.01,872.00,87557.45,448.00,311.00,94405.55,6183.80
101123.70,84863.00,78093.43,45641.26,36491.00,81969.41,28495.74,19881.00,93933.75,454.00,209.00,142360.50,6241.10
106058.00,82723.00,84022.79,49200.55,36583.00,88139.51,5462.10,4017.00,89112.32,438.00,198.00,144973.58,6241.10
73092.05,67203.00,71278.97,37771.79,38551.00,64211.36,11244.31,9809.00,75125.62,453.00,226.00,131361.98,6309.10
119614.50,103193.00,75965.00,57810.20,55597.00,68144.85,6442.66,5395.00,78262.51,469.00,186.00,165249.38,6309.90
89937.45,80426.00,73286.51,57878.03,36078.00,105135.94,7343.49,6104.00,78843.88,439.00,162.00,177594.47,6353.80
90238.60,81074.00,72944.19,36077.23,34726.00,68086.09,14238.35,11136.00,83793.52,501.00,253.00,129776.82,6369.40
129949.55,111079.00,76669.52,37842.00,35331.00,70193.70,11084.85,8609.00,84383.41,481.00,275.00,114628.42,6408.50
80419.40,65562.00,80387.51,27666.31,21854.00,82966.02,4499.39,3576.00,82458.62,449.00,908.00,32407.12,6444.70
107478.25,83804.00,84049.62,44708.30,34024.00,86115.78,14582.26,10046.00,95128.72,436.00,259.00,110323.15,7028.00
50209.40,46584.00,70636.34,28902.72,25868.00,73224.41,13800.43,12474.00,72504.81,447.00,522.00,56119.91,7082.40
106949.10,79189.00,88509.98,48015.31,34689.00,90712.67,38188.29,28862.00,86712.92,437.00,314.00,91207.74,7146.00
78107.10,59442.00,86114.66,46471.88,26630.00,114366.55,18648.49,16260.00,75162.83,538.00,442.00,79770.06,7146.70
123535.15,90597.00,89362.78,89207.16,36673.00,159416.48,19784.94,16071.00,80681.11,523.00,638.00,53723.09,7154.80
39843.95,24879.00,104956.51,22449.35,9259.00,158898.45,1780.24,877.00,133032.86,467.00,394.00,77678.45,7413.90
128708.85,104061.00,81058.84,74133.43,53673.00,90518.66,15581.86,12075.00,84569.17,499.00,419.00,78048.84,7577.50
59397.80,31141.00,125002.23,32177.60,15905.00,132586.69,1616.02,1150.00,92093.48,503.00,283.00,116482.71,7673.70
94889.80,86445.00,71938.20,28694.47,28553.00,65860.72,30362.85,26015.00,76488.95,468.00,423.00,72507.91,7675.20
63232.95,57536.00,72025.08,40990.74,32948.00,81533.61,12973.38,11451.00,74248.84,465.00,449.00,67871.36,7884.90
133200.45,100177.00,87140.01,75804.20,44101.00,112648.32,13449.38,11747.00,75033.52,446.00,419.00,69759.09,7957.70
96657.75,80372.00,78815.55,47585.72,34688.00,89903.65,3879.40,2559.00,99351.45,456.00,566.00,52799.32,8010.50
92078.75,83605.00,72178.38,47964.14,45329.00,69345.85,30400.93,25335.00,78640.43,509.00,647.00,51557.69,8049.60
115515.25,71614.00,105711.28,66059.28,39530.00,109518.37,18484.27,10508.00,115282.19,477.00,315.00,99240.23,8744.70
78813.90,47975.00,107663.32,25467.19,14611.00,114230.23,2897.65,1249.00,152041.95,461.00,182.00,166000.53,9766.10
84178.55,50980.00,108213.52,28502.88,17168.00,108805.04,8175.30,3910.00,137027.23,451.00,174.00,169866.30,9786.70
103122.50,62761.00,107682.09,28094.71,16541.00,111312.20,8028.93,3987.00,131974.92,461.00,159.00,190013.19,9886.40
119023.60,72458.00,107653.14,45766.21,27310.00,109825.50,20100.29,10536.00,125027.78,465.00,147.00,207307.75,9891.10
68663.15,44474.00,101180.65,23275.21,14254.00,107013.07,10367.28,5948.00,114228.33,461.00,144.00,209806.22,9916.90
80577.10,46939.00,112501.36,70273.07,25807.00,178456.08,11233.60,5225.00,140900.52,431.00,166.00,170156.72,9945.00
112421.10,66075.00,111504.04,38332.28,21919.00,114610.36,4574.36,2285.00,131197.06,442.00,426.00,67997.45,10051.40
68688.80,42825.00,105115.91,13458.90,8605.00,102503.49,18120.13,9683.00,122639.78,459.00,187.00,160861.09,10420.30
71239.55,41931.00,111343.75,27544.93,15535.00,116201.13,3690.19,1901.00,127217.41,475.00,159.00,195783.66,10474.30
46817.90,29090.00,105474.67,17316.88,9942.00,114149.98,11415.67,5748.00,130156.13,504.00,177.00,186610.98,10542.70
106566.25,63884.00,109321.98,33956.65,19560.00,113772.15,8224.09,3990.00,135081.20,528.00,215.00,160944.23,10593.40
74270.05,47854.00,101712.75,19417.23,12026.00,105814.70,8082.48,4428.00,119623.64,492.00,155.00,208023.94,10609.60
94330.25,60161.00,102758.06,38848.74,23413.00,108742.64,2679.88,1763.00,99619.19,475.00,228.00,136533.33,10756.40
109466.60,63578.00,112837.82,42747.18,23870.00,117364.03,5105.10,2408.00,138940.14,444.00,134.00,217149.14,10839.20
106317.35,92265.00,75517.41,67169.55,57773.00,76195.18,22575.49,20359.00,72670.92,511.00,505.00,66314.65,12032.30
73893.85,47686.00,101554.07,86840.26,31154.00,182678.42,1476.79,736.00,131498.52,431.00,347.00,81400.62,12062.20
121506.90,105320.00,75608.40,45738.84,42604.00,70358.20,7072.17,6458.00,71768.62,445.00,216.00,135016.30,12607.90
124955.40,96350.00,84993.02,38141.88,27114.00,92191.00,9187.99,6492.00,92751.71,450.00,358.00,82377.65,12729.20
82232.00,67903.00,79365.52,57768.55,42331.00,89436.11,5767.93,4377.00,86362.14,532.00,196.00,177883.44,12738.30
121465.10,100317.00,79351.83,59169.18,48425.00,80076.65,21070.14,16623.00,83068.80,464.00,271.00,112209.24,12799.40
100030.25,84851.00,77259.93,48554.38,40775.00,78039.49,16803.99,13605.00,80945.71,431.00,245.00,115289.87,12859.40
107665.40,85050.00,82962.49,52443.30,43950.00,78200.77,16688.56,11480.00,95270.16,440.00,198.00,145635.55,12865.80
60477.00,54818.00,72301.45,21967.40,19798.00,72717.22,20848.80,18272.00,74778.19,433.00,167.00,169922.69,12872.90
64710.20,50402.00,84140.46,23877.35,13670.00,114471.55,1259.02,784.00,105243.80,442.00,222.00,130481.59,12904.40
93199.75,84634.00,72168.85,34481.44,33854.00,66750.62,10043.60,8024.00,82031.09,444.00,171.00,170163.66,12966.70
41443.75,38535.00,70482.88,18455.71,14227.00,85015.36,5330.01,5205.00,67110.01,470.00,214.00,143934.22,13043.80
63217.75,54499.00,76020.45,48300.91,46887.00,67512.29,30997.12,27109.00,74935.54,524.00,185.00,185626.30,13044.60
53524.90,49884.00,70319.30,20456.10,20792.00,64477.26,4488.68,3846.00,76487.30,447.00,167.00,175416.70,13044.70
126224.60,99818.00,82873.39,56197.75,42494.00,86670.50,15051.12,11608.00,84975.05,474.00,207.00,150067.94,13062.00
59367.40,34347.00,113276.33,62260.80,22863.00,178468.45,1616.02,829.00,127753.30,460.00,507.00,59460.67,13139.20
79686.95,65074.00,80252.69,42582.96,36038.00,77438.17,8848.84,7264.00,79834.48,518.00,242.00,140279.53,13151.60
61251.25,55254.00,72649.25,80037.02,66562.00,78803.32,1192.38,1380.00,56625.96,532.00,483.00,72184.59,13256.30
58545.65,31899.00,120281.12,83339.27,27615.00,197781.03,1900.43,733.00,169913.48,480.00,235.00,133860.77,13269.40
90818.10,81255.00,73249.10,35154.98,32755.00,70337.87,15531.88,11957.00,85129.82,459.00,294.00,102316.41,13316.50
110525.85,99820.00,72564.84,43448.09,41784.00,68146.04,3779.44,3042.00,81423.20,450.00,171.00,172463.16,13543.20
84542.40,77135.00,71829.52,68096.56,65643.00,67985.57,1323.28,1049.00,82671.58,535.00,355.00,98765.52,13559.00
132313.14,87574.00,99016.54,102361.42,62610.00,107145.16,1493.45,816.00,119944.54,432.00,439.00,64491.01,13596.90
82935.95,71499.00,76019.12,19567.17,16511.00,77666.66,10511.27,8749.00,78736.62,473.00,303.00,102305.38,13616.00
72851.70,50822.00,93943.73,44383.43,26258.00,110774.35,5395.46,4724.00,74851.16,477.00,579.00,53990.80,14234.00
134526.64,93059.00,94739.23,97111.15,52375.00,121513.63,1946.84,1461.00,87329.31,453.00,379.00,78331.95,14555.90
124530.75,104361.00,78202.08,38917.76,30813.00,82773.98,12690.16,10819.00,76870.54,473.00,290.00,106891.48,14841.00
87330.65,61134.00,93618.96,76852.59,30218.00,166675.86,2481.15,1640.00,99149.18,441.00,323.00,89477.95,15307.10
111800.75,97131.00,75433.94,72150.89,57343.00,82459.60,34275.57,28777.00,78058.31,432.00,430.00,65840.82,15507.00
71573.00,64658.00,72544.90,32915.40,29510.00,73098.73,3310.58,2720.00,79765.51,464.00,550.00,55288.55,15803.60
136607.14,87655.00,102135.48,110368.94,72931.00,99177.84,3597.37,2225.00,105958.32,514.00,407.00,82765.37,15883.80
130051.20,114015.00,74753.63,65814.14,55771.00,77337.61,22762.32,20265.00,73612.21,485.00,518.00,61360.93,16040.40
84915.75,74070.00,75132.16,59935.54,43666.00,89954.10,8565.62,7892.00,71129.82,478.00,387.00,80946.27,16255.50
138510.95,92586.00,98043.48,99151.99,62990.00,103159.63,7004.34,5660.00,81101.85,529.00,379.00,91473.73,16265.70
84789.40,75342.00,73753.80,36309.28,36634.00,64955.10,13375.60,11784.00,74387.60,453.00,363.00,81784.59,16647.80
62792.15,36618.00,112380.42,44084.74,19950.00,144818.95,3217.76,1468.00,143650.64,463.00,197.00,154026.23,16765.00
122981.30,107795.00,74768.79,61312.37,42551.00,94431.80,11565.61,9249.00,81950.90,529.00,509.00,68111.09,16774.80
87169.15,56391.00,101305.48,98975.88,37875.00,171260.27,2825.06,2273.00,81453.21,438.00,540.00,53156.98,16904.70
140602.84,100642.00,91557.68,130847.65,70806.00,121108.83,8771.49,6144.00,93562.57,501.00,467.00,70307.36,17043.40
130454.95,103288.00,82773.37,49546.84,41996.00,77319.32,4311.37,3566.00,79234.42,474.00,202.00,153782.50,17058.20
145814.55,104535.00,91415.34,128007.12,93315.00,89900.61,27243.86,22177.00,80509.26,466.00,279.00,109461.56,17308.50
79952.95,75394.00,69498.85,40321.96,41302.00,63980.92,8736.98,8560.00,66890.98,463.00,202.00,150213.70,17311.90
126031.75,114053.00,72419.12,62231.05,60081.00,67881.27,20899.97,17326.00,79054.62,505.00,375.00,88255.16,17351.40
64878.35,61474.00,69165.30,91073.09,89446.00,66728.15,1494.64,1472.00,66543.98,451.00,338.00,87445.97,17389.10
86034.85,78947.00,71419.81,35516.74,35399.00,65753.98,6534.29,5569.00,76895.54,506.00,356.00,93149.48,17456.20
111559.45,93771.00,77968.24,50121.61,48079.00,68320.27,1607.69,1325.00,79518.16,430.00,251.00,112272.83,17461.90
134346.14,98603.00,89292.51,57543.64,39023.00,96639.94,15228.43,8697.00,114753.41,464.00,165.00,184295.17,17499.60
107512.45,88768.00,79374.73,50941.52,43364.00,76987.91,10186.40,6603.00,101101.91,467.00,170.00,180031.25,17528.20
99702.50,76368.00,85560.75,46319.56,32548.00,93265.30,11177.67,7474.00,98011.76,433.00,242.00,117260.70,17564.70
113645.65,75910.00,98114.62,105156.73,59650.00,115533.14,7187.60,6160.00,76468.60,536.00,222.00,158231.08,17756.00
95114.95,73353.00,84978.85,44709.49,37085.00,79009.88,8315.72,5427.00,100419.95,437.00,239.00,119829.42,17899.30
52707.90,31242.00,110564.79,43166.06,19054.00,148469.16,1137.64,604.00,123437.71,466.00,458.00,66680.73,17952.60
85959.80,79157.00,71168.20,17252.62,17425.00,64887.68,1188.81,1246.00,62527.97,464.00,570.00,53348.61,17984.50
95396.15,73634.00,84904.83,45322.34,35446.00,83796.34,6302.24,4500.00,91783.03,521.00,238.00,143463.25,18056.60
114990.85,89011.00,84664.14,39622.24,28247.00,91927.75,5363.33,3541.00,99263.27,504.00,175.00,188743.69,18057.70
72809.90,65475.00,72877.74,44993.90,38567.00,76457.09,16614.78,14997.00,72605.61,439.00,427.00,67377.76,18108.90
145597.00,102495.00,93095.72,69097.35,48523.00,93324.08,1110.27,509.00,142952.19,444.00,167.00,174239.42,18116.40
101233.90,92466.00,71750.33,55469.47,40054.00,90758.66,15589.00,13092.00,78035.51,489.00,219.00,146333.81,18116.40
83532.55,71898.00,76141.05,57926.82,55918.00,67890.35,17482.29,15852.00,72276.02,493.00,299.00,108057.69,18275.10
101383.05,85777.00,77459.46,47410.79,35797.00,86798.16,3085.67,2391.00,84576.53,437.00,170.00,168466.08,18305.80
105897.45,89521.00,77524.77,69117.59,42789.00,105861.09,3904.39,3630.00,70489.84,440.00,210.00,137313.53,18316.70
134422.14,91697.00,96071.73,63296.10,48277.00,85924.42,8155.07,6275.00,85171.42,479.00,198.00,158544.17,18384.90
117596.70,74233.00,103819.29,100696.62,73629.00,89628.47,2443.07,1687.00,94907.55,527.00,402.00,85914.11,18422.40
60072.30,49683.00,79240.36,22637.37,17255.00,85978.72,1970.64,1957.00,65992.78,461.00,474.00,63738.60,18598.40
88948.50,68200.00,85474.03,59564.26,52348.00,74570.25,9044.00,7910.00,74931.43,488.00,346.00,92432.28,18765.60
127634.40,86290.00,96936.47,81480.49,57046.00,93607.01,21152.25,18276.00,75849.96,455.00,218.00,136783.86,18968.30
61480.20,34364.00,117249.64,53145.40,27512.00,126597.02,1679.09,842.00,130689.84,456.00,263.00,113628.97,19010.70
72095.50,46874.00,100798.96,46877.67,19518.00,157402.14,1569.61,888.00,115840.05,471.00,747.00,41321.89,19172.70
27063.60,26255.00,67554.38,24562.79,22027.00,73080.64,1799.28,2061.00,57213.79,528.00,550.00,62914.56,19241.60
49574.80,45611.00,71231.37,31889.62,21279.00,98215.06,1262.59,1533.00,53975.93,432.00,398.00,71134.55,19731.80
23438.40,22198.00,69198.08,21628.25,19874.00,71320.78,1100.75,1168.00,61762.63,463.00,499.00,60807.95,19822.70
107511.50,95369.00,73880.12,34039.95,31997.00,69720.37,23387.07,19119.00,80166.07,463.00,403.00,75293.23,20053.20
85175.10,74306.00,75122.27,34226.78,31814.00,70506.27,6930.56,5744.00,79074.03,444.00,485.00,59995.85,20126.40
55091.45,32991.00,109438.13,74902.17,27275.00,179973.92,2083.69,1273.00,107271.59,431.00,311.00,90823.20,20484.20
106288.85,92675.00,75163.16,52590.86,46631.00,73912.09,14346.64,10417.00,90258.38,501.00,551.00,59589.00,21171.90
143532.64,96588.00,97388.45,83979.49,41352.00,133093.44,2501.38,1402.00,116926.14,533.00,336.00,103960.38,21244.70
90984.35,68450.00,87111.04,43229.13,31462.00,90047.18,23124.08,19604.00,77303.61,437.00,523.00,54759.53,21393.60
122962.30,104975.00,76765.49,58840.74,54907.00,70231.25,14533.47,11101.00,85799.98,511.00,186.00,180047.83,21480.70
111640.20,98590.00,74210.90,83507.06,78058.00,70110.93,9665.18,8504.00,74484.63,442.00,438.00,66134.50,21583.20
108833.90,83478.00,85442.13,49625.38,23426.00,138830.77,1369.69,544.00,165007.38,511.00,186.00,180047.83,21894.20
117130.25,84626.00,90707.92,35515.55,26470.00,87931.51,29683.36,19680.00,98848.02,434.00,134.00,212258.39,21902.10
71407.70,46055.00,101612.74,111304.27,64451.00,113178.03,1223.32,657.00,122026.64,512.00,495.00,67786.73,22105.80
88187.55,80934.00,71409.53,24097.50,24338.00,64888.40,6572.37,5248.00,82074.47,512.00,194.00,172960.98,22244.70
72110.70,65259.00,72416.78,21768.67,21583.00,66099.79,3127.32,2477.00,82742.05,530.00,218.00,159330.64,22301.00
138051.14,98372.00,91970.48,85985.84,67200.00,83856.66,10280.41,8399.00,80216.33,432.00,186.00,152212.64,22382.20
99272.15,78274.00,83116.99,51900.66,48246.00,70500.40,1169.77,596.00,128627.60,540.00,178.00,198817.08,22435.00
89983.05,81854.00,72044.48,21661.57,19578.00,72510.60,6987.68,5144.00,89025.01,462.00,243.00,124599.31,22497.70
86657.10,70977.00,80014.10,36652.00,33701.00,71274.60,7019.81,4627.00,99427.34,540.00,203.00,174332.22,22559.20
157520.45,104998.00,98318.64,64995.42,39362.00,108214.52,21281.96,12532.00,111293.86,530.00,391.00,88833.96,22775.00
88847.80,82878.00,70256.63,38288.25,37850.00,66294.82,2193.17,1752.00,82038.59,429.00,162.00,173549.03,23263.10
127164.15,101769.00,81889.67,62914.11,53533.00,77020.52,18813.90,14947.00,82490.65,465.00,175.00,174138.53,23263.50
84644.05,74265.00,74695.11,40354.09,35453.00,74595.83,7993.23,7239.00,72364.20,435.00,447.00,63776.64,24150.00
109349.75,91606.00,78230.09,50920.10,38850.00,85897.04,4668.37,3380.00,90516.66,442.00,447.00,64802.93,24338.70
59408.25,33946.00,114693.32,86166.71,38462.00,146820.80,1502.97,956.00,103032.06,471.00,354.00,87196.20,24976.50
28216.90,27517.00,67202.92,12953.15,7209.00,117755.26,2701.30,2395.00,73917.49,470.00,819.00,37609.18,25106.80
64351.10,46302.00,91082.77,52411.17,37834.00,90786.55,1081.71,888.00,79832.16,447.00,455.00,64383.72,25262.60
35332.40,34122.00,67860.74,12145.14,13214.00,60234.89,5337.15,5116.00,68368.94,495.00,602.00,53887.57,25423.30
62595.50,54383.00,75432.73,38285.87,27131.00,92481.03,15293.88,13277.00,75491.44,527.00,602.00,57371.21,25929.80
110288.35,85783.00,84257.45,51861.39,42083.00,80763.93,17504.90,14305.00,80195.82,507.00,179.00,185624.31,26609.10
83795.70,70761.00,77608.21,51186.66,49181.00,68208.65,1243.55,819.00,99508.30,488.00,234.00,136673.38,26639.00
89627.75,67450.00,87084.42,41736.87,32990.00,82912.02,3850.84,2940.00,85839.68,430.00,180.00,156558.23,26718.70
93491.40,82855.00,73949.11,30218.86,28707.00,68987.48,7022.19,5365.00,85779.37,452.00,171.00,173229.67,26775.90
81721.85,71963.00,74423.30,33447.33,32591.00,67257.97,3650.92,3001.00,79728.98,478.00,206.00,152068.97,26779.40
71789.60,49931.00,94226.10,51988.72,22623.00,150604.81,17498.95,14669.00,78179.24,443.00,323.00,89883.74,26952.80
120299.45,96255.00,81906.87,63147.35,58107.00,71220.77,1078.14,649.00,108870.55,437.00,175.00,163652.75,26957.10
82134.15,50040.00,107568.81,93629.20,23420.00,262001.86,3715.18,2046.00,119001.98,535.00,150.00,233745.06,26965.70
106320.20,89234.00,78084.59,68596.37,54934.00,81835.14,21336.70,17360.00,80548.50,433.00,355.00,79935.46,27432.30
96897.15,81866.00,77568.84,48836.41,43454.00,73653.59,7406.56,5548.00,87490.34,512.00,255.00,131586.00,27502.40
86819.55,78054.00,72895.77,40495.70,38930.00,68171.76,3966.27,3312.00,78482.33,450.00,234.00,126030.77,27570.20
151715.95,107765.00,92264.25,51036.72,32913.00,101623.75,24455.69,15815.00,101342.29,435.00,147.00,193933.06,28305.60
42385.20,30266.00,91778.12,21086.80,16910.00,81723.51,2131.29,1468.00,95147.29,486.00,458.00,69542.57,28327.00
70012.15,65600.00,69943.84,24646.09,23364.00,69132.27,13820.66,12619.00,71776.75,470.00,490.00,62861.07,28441.70
158699.39,103407.00,100578.52,69193.74,39451.00,114944.64,32808.30,26409.00,81416.37,443.00,338.00,85894.81,30022.30
47763.15,46438.00,67406.12,26670.28,25570.00,68356.03,9792.51,9040.00,70991.37,436.00,447.00,63923.26,30270.40
39099.15,36670.00,69877.34,16466.03,14538.00,74227.39,1035.30,984.00,68952.67,464.00,483.00,62957.98,30392.30
97880.40,74775.00,85786.56,43132.74,23091.00,122417.71,6299.86,5249.00,78656.45,511.00,690.00,48534.63,30557.40
