90226.25,69872.00,84627.14,53358.41,34692.00,100798.37,2557.31,1684.00,99522.50,654.00,502.00,85379.57,113.80
88238.85,54434.00,106235.46,99405.46,45222.00,144059.02,1930.18,870.00,145398.03,565.00,375.00,98740.91,275.60
45273.20,39169.00,75749.30,21089.18,15061.00,91766.85,2080.12,1825.00,74697.40,642.00,530.00,79385.12,340.60
104019.30,87317.00,78071.95,28737.31,24977.00,75402.51,1286.39,1073.00,78569.30,455.00,578.00,51589.76,416.70
126312.00,97592.00,84822.36,88699.03,80956.00,71804.19,1354.22,1052.00,84363.29,571.00,450.00,83157.91,481.70
50480.15,41692.00,79350.16,49079.17,32488.00,99004.34,3287.97,2652.00,81252.05,554.00,535.00,67863.45,494.40
151310.30,112509.00,88137.59,113758.05,90345.00,82519.77,2037.28,1865.00,71589.91,400.00,374.00,70091.98,512.50
99425.10,87011.00,74886.20,108608.92,103623.00,68689.33,1594.60,1239.00,84345.21,364.00,251.00,95040.26,569.00
62566.05,55652.00,73678.02,31169.67,30160.00,67729.96,1623.16,1872.00,56824.48,413.00,411.00,65854.91,631.60
116446.25,85184.00,89587.50,67856.18,43316.00,102664.67,18705.61,15940.00,76906.59,411.00,398.00,67676.62,961.10
95133.00,73803.00,84476.74,32652.41,27567.00,77625.72,23069.34,15611.00,96846.60,483.00,403.00,78545.63,1223.40
24292.45,24528.00,64906.63,16258.97,17220.00,61878.51,4385.15,4788.00,60021.98,478.00,531.00,58994.75,1251.10
117233.80,84230.00,91214.94,57561.49,47490.00,79434.61,11684.61,9702.00,78928.33,362.00,154.00,154052.17,1357.70
60891.20,51805.00,77030.51,58044.63,50105.00,75920.83,1577.94,1241.00,83329.48,490.00,472.00,68035.26,1407.40
92101.55,74424.00,81102.42,35926.10,32860.00,71651.04,1765.96,1676.00,69053.68,378.00,338.00,73291.73,1487.30
45287.45,42308.00,70151.23,23567.95,23280.00,66346.61,3804.43,2576.00,96788.48,384.00,230.00,109416.62,1519.60
153409.80,114271.00,87982.65,51353.26,37755.00,89140.18,8512.07,6587.00,84689.09,660.00,238.00,181738.48,1520.40
110442.25,95892.00,75480.16,64227.88,58448.00,72016.80,1292.34,640.00,132335.62,610.00,229.00,174571.89,1520.40
120531.25,90969.00,86833.28,26032.44,19405.00,87918.69,1483.93,1449.00,67115.84,396.00,355.00,73104.95,1524.10
69205.60,63457.00,71472.94,39323.55,32997.00,78101.29,43797.95,37505.00,76532.27,564.00,464.00,79660.14,1670.10
56992.40,49564.00,75358.20,54591.25,51368.00,69648.27,2332.40,1768.00,86457.11,462.00,419.00,72261.66,1689.30
86908.85,79421.00,71714.77,40999.07,40297.00,66677.80,8861.93,7709.00,75337.34,369.00,198.00,122135.27,2029.90
106887.35,91120.00,76876.31,39625.81,37428.00,69384.34,3460.52,2644.00,85774.84,416.00,193.00,141258.94,2030.60
91863.10,82809.00,72701.52,33824.56,32205.00,68831.74,11835.74,10009.00,77496.96,373.00,171.00,142952.80,2089.90
125050.40,97747.00,83841.98,110303.48,92791.00,77904.63,11065.81,6787.00,106852.66,383.00,191.00,131415.12,2090.20
76689.70,69968.00,71831.92,27822.20,26372.00,69139.84,5639.41,4628.00,79858.34,379.00,171.00,145252.31,2127.70
111143.35,97341.00,74828.60,54021.24,50393.00,70254.52,7807.59,6237.00,82039.16,406.00,223.00,119316.66,2128.10
138513.80,85193.00,106553.84,90236.52,44253.00,133634.78,10585.05,5433.00,127683.02,655.00,711.00,60374.23,2147.10
154248.64,124017.00,81511.72,71672.52,61461.00,76424.56,7516.04,5249.00,93840.98,372.00,218.00,111832.07,2154.90
112522.75,97828.00,75380.17,67056.50,64432.00,68205.48,2717.96,2004.00,88884.35,376.00,174.00,141618.03,2162.90
61645.50,58797.00,68710.98,43822.94,44537.00,64485.27,7865.90,6777.00,76066.05,399.00,194.00,134787.95,2162.90
65493.00,57526.00,74612.34,100768.02,83266.00,79311.28,1560.09,1250.00,81793.66,640.00,552.00,75983.77,2179.30
82237.70,71318.00,75570.39,47522.65,44226.00,70421.12,6499.78,4982.00,85501.73,357.00,184.00,127154.09,2180.00
74139.90,67647.00,71826.27,38397.73,37947.00,66314.43,2746.52,1867.00,96409.19,440.00,205.00,140662.64,2227.70
71253.80,65833.00,70932.35,31762.29,31581.00,65912.20,3397.45,2825.00,78816.03,359.00,155.00,151789.83,2249.60
54257.35,48636.00,73110.65,51509.15,44712.00,75498.84,1858.78,1756.00,69371.88,512.00,505.00,66444.42,2271.70
64813.75,61685.00,68860.08,25194.68,25169.00,65602.88,3431.96,2721.00,82659.66,458.00,215.00,139606.92,2276.70
104220.70,91973.00,74263.18,42872.13,41265.00,68088.41,1646.96,1333.00,80971.62,490.00,222.00,144651.55,2277.30
83926.80,75693.00,72664.92,35728.56,34745.00,67391.19,6286.77,4857.00,84828.04,492.00,191.00,168815.27,2277.30
112117.10,93611.00,78491.91,47166.84,39087.00,79083.23,13281.59,10607.00,82061.13,360.00,157.00,150273.62,2297.10
153018.39,100032.00,100250.06,62901.02,46052.00,89513.62,12600.91,7248.00,113936.70,371.00,166.00,146469.02,2306.40
109131.25,93521.00,76475.08,49124.39,46325.00,69496.30,4184.04,3109.00,88197.25,371.00,158.00,153885.16,2338.40
37589.60,36048.00,68338.66,14097.93,14708.00,62817.65,3533.11,3232.00,71641.67,376.00,206.00,119619.12,2382.90
97706.55,75969.00,84288.27,37721.81,32117.00,76972.84,4351.83,3057.00,93294.58,367.00,217.00,110837.38,2400.20
77117.20,67848.00,74489.34,32930.87,31612.00,68270.20,1235.22,1452.00,55751.64,392.00,366.00,70191.56,2407.90
131720.34,90358.00,95535.81,45849.51,31570.00,95178.77,1276.87,818.00,102299.46,378.00,178.00,139171.95,2420.00
93382.15,76085.00,80434.95,37514.75,32945.00,74626.40,1455.37,945.00,100930.30,350.00,258.00,88905.43,2455.90
108394.05,89681.00,79210.89,116928.22,100757.00,76054.34,14137.20,11761.00,78776.93,398.00,205.00,127235.75,2499.60
130657.30,100366.00,85315.31,73939.46,63434.00,76389.59,5408.55,3678.00,96371.60,402.00,198.00,133057.94,2526.80
119652.50,94739.00,82769.99,103234.88,96135.00,70376.05,2352.63,1943.00,79352.53,378.00,187.00,132473.84,2559.90
122384.70,90478.00,88647.01,34950.30,22938.00,99856.27,16668.33,10126.00,107878.30,375.00,190.00,129347.37,2570.00
90337.40,83119.00,71227.41,42136.71,42123.00,65557.34,21973.35,18399.00,78267.61,419.00,235.00,116849.30,2588.10
77024.10,70252.00,71853.48,31006.64,31432.00,64649.13,10877.79,9592.00,74320.98,382.00,151.00,165793.06,2592.90
145608.39,128012.00,74544.51,67645.55,64984.00,68220.16,1328.04,844.00,103121.37,349.00,173.00,132208.47,2613.60
145545.70,106584.00,89492.64,83830.74,69404.00,79158.72,8654.87,6168.00,91959.40,436.00,150.00,190491.30,2616.40
75398.65,67535.00,73166.88,36436.61,35691.00,66905.09,11138.40,8927.00,81770.60,419.00,193.00,142277.62,2617.10
99211.35,88412.00,73541.09,68027.55,64344.00,69287.79,3128.51,2236.00,91695.02,420.00,160.00,172032.00,2628.20
66716.60,53782.00,81297.45,43872.92,29250.00,98299.35,1551.76,1270.00,80075.71,431.00,305.00,92609.89,2674.20
98404.80,80698.00,79915.95,31020.92,25470.00,79818.89,15499.75,10458.00,97130.59,457.00,193.00,155181.09,2682.60
56693.15,52249.00,71110.30,23884.49,24477.00,63949.58,1792.14,1625.00,72276.73,372.00,190.00,128312.59,2697.90
96424.05,81988.00,77075.27,40502.84,37456.00,70867.01,6978.16,6196.00,73809.02,371.00,167.00,145591.95,2697.90
113304.60,76597.00,96942.84,59405.99,41601.00,93585.03,5727.47,4101.00,91527.80,416.00,195.00,139810.14,2698.70
105138.40,76081.00,90565.98,44470.30,33077.00,88109.73,7823.06,4545.00,112803.55,371.00,238.00,102159.06,2740.20
77418.35,70853.00,71608.68,25899.16,25489.00,66590.59,2535.89,2069.00,80324.85,345.00,195.00,115948.30,2742.90
138286.75,113066.00,80154.61,43808.66,34430.00,83387.87,1661.24,970.00,112238.20,383.00,173.00,145088.38,2743.70
102353.95,84126.00,79735.97,44288.23,36266.00,80032.91,7529.13,5114.00,96485.95,385.00,176.00,143360.00,2769.10
92189.90,83754.00,72136.95,33492.55,32350.00,67850.62,8678.67,7658.00,74270.74,415.00,168.00,161889.53,2797.40
111956.55,87489.00,83864.07,54838.77,45733.00,78584.69,6922.23,5525.00,82109.56,505.00,216.00,153220.73,2797.40
41269.90,35090.00,77077.92,15201.06,12134.00,82101.27,5802.44,5766.00,65950.18,606.00,650.00,61099.72,2803.50
109573.95,74452.00,96451.92,43820.56,29552.00,97178.68,2996.42,2112.00,92979.82,397.00,186.00,139880.61,2813.70
101708.90,72316.00,92173.16,49213.64,36744.00,87776.65,8727.46,6504.00,87940.16,389.00,186.00,137061.84,2813.80
157996.39,126773.00,81677.11,86833.12,79441.00,71634.24,2096.78,1365.00,100670.02,482.00,266.00,118753.21,2829.30
119639.20,89892.00,87223.28,36920.94,26144.00,92550.91,17917.83,12660.00,92753.78,366.00,171.00,140270.05,2830.40
60941.55,57099.00,69946.34,92044.12,86703.00,69573.19,1574.37,1467.00,70332.60,372.00,487.00,50060.36,2856.50
120432.45,83474.00,94552.33,86395.20,68022.00,83237.72,4710.02,4326.00,71353.65,352.00,310.00,74415.07,2859.90
66165.60,62457.00,69427.44,22592.15,23133.00,64003.77,2351.44,2265.00,68037.09,344.00,159.00,141788.58,2863.20
132731.14,96153.00,90466.94,139074.11,116989.00,77907.85,1419.67,777.00,119741.95,399.00,198.00,132064.97,2889.40
109589.15,79097.00,90800.34,76065.99,58525.00,85178.32,11027.73,7465.00,96813.57,423.00,150.00,184811.52,2896.30
22804.75,22608.00,66106.34,11688.18,12596.00,60812.69,3660.44,3504.00,68461.94,348.00,187.00,121960.05,2899.70
69243.60,64483.00,70374.34,21530.67,21799.00,64729.30,3658.06,2887.00,83039.36,389.00,183.00,139308.77,2900.30
40761.65,38889.00,68691.80,12233.20,12669.00,63281.63,11288.34,11149.00,66355.07,379.00,203.00,122355.39,2913.80
117329.75,86948.00,88435.88,67482.52,53152.00,83205.43,3496.22,2708.00,84611.63,438.00,187.00,153501.44,2917.90
111167.10,84591.00,86125.56,39108.16,29883.00,85767.58,14171.71,9055.00,102568.45,408.00,149.00,179454.28,2918.50
62054.00,58920.00,69021.91,15089.20,15708.00,62954.29,3956.75,3256.00,79640.54,366.00,187.00,128268.32,2927.30
99545.75,82868.00,78725.57,89123.87,82400.00,70883.77,5978.56,5056.00,77494.24,353.00,173.00,133723.77,2927.30
70236.35,64766.00,71071.40,31686.13,30362.00,68394.12,8846.46,7786.00,74462.07,397.00,203.00,128166.47,2935.50
41568.20,40527.00,67219.72,11502.54,11755.00,64128.51,3614.03,3487.00,67923.46,370.00,178.00,136226.52,2946.30
106347.75,91408.00,76247.22,44058.56,39956.00,72265.04,9868.67,7684.00,84168.82,409.00,151.00,177511.42,2947.00
91958.10,80504.00,74860.47,22828.96,21900.00,68315.93,13448.19,11100.00,79400.05,426.00,159.00,175587.03,2947.60
127623.95,111763.00,74836.60,65673.73,61159.00,70373.84,2581.11,1859.00,90992.81,408.00,175.00,152792.50,2955.40
135600.14,116815.00,76074.91,60390.12,57019.00,69410.67,1554.14,1163.00,87577.06,343.00,198.00,113529.54,2961.60
114985.15,92039.00,81874.72,69893.46,64227.00,71317.95,1392.30,1139.00,80110.43,351.00,205.00,112210.42,2964.30
62033.10,57272.00,70984.09,23558.43,23948.00,64469.91,3076.15,2552.00,78996.31,383.00,178.00,141012.84,2971.00
94624.75,69659.00,89024.07,48972.07,36431.00,88096.23,12190.36,8747.00,91335.02,436.00,161.00,177476.38,2972.00
61928.60,56965.00,71246.42,82868.03,72353.00,75060.32,1961.12,1889.00,68038.09,553.00,447.00,81076.98,3002.80
93617.75,83921.00,73108.44,38400.11,37941.00,66329.04,3691.38,3045.00,79447.71,349.00,158.00,144759.89,3020.30
95209.95,81824.00,76257.32,38270.40,36484.00,68744.91,13355.37,10196.00,85843.23,358.00,148.00,158526.27,3020.60
109765.85,94361.00,76235.05,57097.39,53629.00,69774.48,4905.18,3325.00,96681.47,414.00,191.00,142051.88,3024.60
83553.45,75004.00,73006.23,35677.39,34184.00,68399.06,3911.53,3308.00,77492.77,411.00,150.00,179568.62,3041.70
108397.85,92922.00,76450.81,46550.42,43742.00,69743.70,3606.89,2410.00,98083.47,347.00,162.00,140376.48,3049.70
56326.45,54108.00,68223.01,39212.88,40120.00,64054.23,17953.53,17544.00,67065.81,363.00,193.00,123262.01,3050.30
41420.95,39669.00,68430.34,12606.86,13249.00,62359.66,4197.13,3905.00,70438.71,387.00,187.00,135627.98,3055.80
71402.00,67174.00,69660.91,39410.42,39698.00,65061.25,15749.65,14706.00,70186.95,400.00,187.00,140183.97,3061.30
138769.34,84777.00,107274.23,45356.85,24093.00,123376.36,4080.51,2013.00,132846.64,352.00,129.00,178826.91,3068.10
54077.80,52068.00,68065.66,32391.80,33728.00,62939.66,2657.27,2452.00,71022.38,353.00,170.00,136083.58,3073.40
98002.95,77368.00,83015.22,80840.27,72828.00,72746.03,1999.20,2108.00,62153.50,477.00,594.00,52627.39,3078.90
82317.50,66243.00,81438.94,72058.07,52055.00,90719.38,1282.82,931.00,90301.72,644.00,594.00,71052.50,3081.60
151081.34,101777.00,97283.95,67858.56,50117.00,88735.93,14974.96,12421.00,79011.29,375.00,182.00,135032.97,3085.30
112454.35,75200.00,98002.77,109891.74,69876.00,103066.37,1812.37,1232.00,96408.68,662.00,530.00,81858.17,3093.90
59311.35,51732.00,75137.80,26450.13,23264.00,74511.52,19149.48,16560.00,75783.84,382.00,202.00,123934.41,3106.30
80816.50,72658.00,72894.80,30112.95,28646.00,68892.08,4432.75,3506.00,82859.30,416.00,261.00,104455.85,3106.30
133727.70,83344.00,105154.28,55542.06,39300.00,92620.98,8697.71,5348.00,106584.35,580.00,247.00,153890.20,3108.90
98573.90,91212.00,70825.54,81504.30,80872.00,66048.39,9120.16,7692.00,77703.96,395.00,164.00,157845.86,3128.00
130241.20,102277.00,83454.61,79726.44,71569.00,73005.80,8043.21,5633.00,93577.12,486.00,194.00,164177.81,3139.00
160778.95,116413.00,90512.31,44234.68,37049.00,78246.76,20681.01,17485.00,77515.05,464.00,220.00,138221.38,3153.10
94336.90,86015.00,71876.56,37468.34,37419.00,65622.42,1688.61,1487.00,74421.48,363.00,150.00,158597.12,3154.10
133638.39,86756.00,100951.24,56966.49,40160.00,92962.05,3209.43,2224.00,94574.29,396.00,166.00,156338.89,3163.10
91225.65,84422.00,70817.61,41379.87,41010.00,66127.08,3810.38,3142.00,79477.11,412.00,230.00,117394.92,3163.20
64584.80,59726.00,70867.45,28136.36,27914.00,66058.05,7858.76,6110.00,84293.24,349.00,174.00,131448.66,3164.00
87432.30,73629.00,77822.10,98167.87,69641.00,92381.35,1464.89,1533.00,62624.29,494.00,371.00,87263.57,3181.00
86251.45,79196.00,71374.50,28988.40,28936.00,65654.69,5346.67,4524.00,77453.45,379.00,174.00,142747.95,3215.30
161175.09,120003.00,88020.89,81337.70,64839.00,82212.05,15617.56,13079.00,78256.18,382.00,167.00,149908.69,3215.50
157039.75,118262.00,87025.06,84115.16,71602.00,76989.07,9591.40,8102.00,77583.55,409.00,182.00,147275.97,3215.90
102401.45,75188.00,89256.02,30026.08,18832.00,104491.78,11306.19,7536.00,98323.05,362.00,162.00,146444.64,3215.90
101656.65,91277.00,72988.49,55574.19,54281.00,67097.33,5213.39,3913.00,87315.29,373.00,163.00,149968.88,3250.80
128896.00,109053.00,77460.76,45020.08,37593.00,78483.65,29972.53,21161.00,92825.48,388.00,210.00,121085.56,3257.90
100199.35,85821.00,76515.83,40004.23,36201.00,72421.12,10191.16,7065.00,94534.73,352.00,189.00,122056.47,3282.70
109868.45,84952.00,84757.73,56144.20,50988.00,72163.38,19469.59,12956.00,98484.04,400.00,194.00,135125.77,3282.90
110807.05,86386.00,84062.82,60463.90,53030.00,74723.04,6411.72,5554.00,75656.92,352.00,234.00,98584.07,3283.70
129537.25,102025.00,83208.55,47920.11,41661.00,75382.08,17391.85,15181.00,75080.19,385.00,203.00,124292.41,3314.80
99072.65,80235.00,80922.60,40386.22,34303.00,77158.02,15669.92,10795.00,95131.44,451.00,211.00,140079.31,3331.70
99473.55,84048.00,77564.00,29600.06,23508.00,82519.55,10154.27,7808.00,85229.29,406.00,181.00,147003.41,3345.30
110922.95,86106.00,84424.39,47638.08,33006.00,94589.16,36306.90,27674.00,85979.95,670.00,566.00,77577.95,3353.50
47525.65,45050.00,69137.42,22855.14,23982.00,62456.61,23371.60,22426.00,68299.35,375.00,207.00,118724.63,3360.30
67002.55,61795.00,71058.81,20463.24,19687.00,68120.03,1632.68,1095.00,97716.28,359.00,190.00,123828.55,3381.10
113661.80,100026.00,74470.03,58520.63,56942.00,67352.88,1707.65,1502.00,74509.02,447.00,449.00,65244.08,3435.60
110728.20,76189.00,95245.83,67794.30,51081.00,86978.88,12027.33,7641.00,103157.08,389.00,174.00,146514.41,3439.40
92682.95,60601.00,100230.51,71402.38,52477.00,89171.00,11800.04,8173.00,94619.78,598.00,430.00,91140.77,3461.90
134729.00,88845.00,99382.07,82771.64,67529.00,80328.78,4643.38,2457.00,123853.72,363.00,144.00,165205.33,3486.40
95507.30,77980.00,80266.30,29721.44,26296.00,74073.03,1699.32,1708.00,65202.95,441.00,530.00,54530.90,3548.10
121298.85,95711.00,83056.73,70968.03,66187.00,70270.01,2923.83,1743.00,109934.67,571.00,318.00,117676.29,3571.30
111772.25,87497.00,83718.38,70533.68,65645.00,70416.56,2930.97,2313.00,83045.43,345.00,161.00,140434.30,3572.20
138999.25,111060.00,82022.83,66663.80,58576.00,74584.80,4938.50,4368.00,74095.59,402.00,221.00,119210.28,3572.20
89363.65,78428.00,74674.04,48170.01,46248.00,68259.59,6073.76,4856.00,81970.75,371.00,191.00,127297.69,3572.20
101012.55,78349.00,84493.22,30981.65,22969.00,88398.00,9005.92,5917.00,99748.52,362.00,147.00,161387.98,3582.90
161087.70,121379.00,86975.88,44679.74,31927.00,91713.33,27285.51,18903.00,94597.85,381.00,206.00,121209.80,3583.10
143190.64,109686.00,85554.60,65773.68,52354.00,82334.56,7462.49,6018.00,81266.49,412.00,242.00,111573.69,3585.30
79006.75,65381.00,79194.05,85375.37,73489.00,76136.03,1962.31,1649.00,77987.85,548.00,431.00,83326.51,3608.30
112909.40,87443.00,84622.32,51988.72,41671.00,81762.69,10654.07,7991.00,87376.45,462.00,198.00,152917.33,3621.30
154234.39,124880.00,80940.95,108893.34,96740.00,73769.22,14544.18,12944.00,73637.78,397.00,182.00,142954.91,3635.90
141344.80,96090.00,96401.02,101702.16,83998.00,79348.95,13720.70,10266.00,87590.08,402.00,195.00,135104.98,3648.20
67690.35,64364.00,68922.92,30409.26,31192.00,63891.43,12967.43,11432.00,74338.13,455.00,174.00,171372.88,3676.30
113836.60,99699.00,74829.20,50308.44,45879.00,71863.26,1576.75,867.00,119185.58,512.00,239.00,140395.11,3676.90
99840.25,89215.00,73341.16,40189.87,39035.00,67474.91,5161.03,4463.00,75786.09,433.00,183.00,155066.05,3684.40
65432.20,58508.00,73291.94,31272.01,26472.00,77419.27,1259.02,1004.00,82182.41,428.00,510.00,54998.84,3695.80
113624.75,83516.00,89162.70,50178.73,33080.00,99410.92,21182.00,13244.00,104816.04,431.00,176.00,160488.73,3701.30
95167.20,79970.00,77990.22,36102.22,32118.00,73665.71,8695.33,6338.00,89911.20,459.00,179.00,168050.41,3701.30
73720.95,68036.00,71012.05,34063.75,33456.00,66726.51,4338.74,3956.00,71876.56,460.00,236.00,127739.66,3726.90
111734.25,91119.00,80363.21,33306.91,27771.00,78600.05,1667.19,1263.00,86509.09,590.00,526.00,73509.97,3732.60
19205.20,18413.00,68355.62,22610.00,22041.00,67227.86,1838.55,1661.00,72541.38,502.00,475.00,69261.21,3756.40
128676.55,86829.00,97121.31,50999.83,34265.00,97543.42,13807.57,9881.00,91579.09,396.00,238.00,109043.09,3798.00
86370.20,78331.00,72262.04,19831.35,19279.00,67413.63,21709.17,18203.00,78159.22,384.00,282.00,89240.52,3839.00
108009.30,92964.00,76142.35,65083.48,62384.00,68371.88,3684.24,2836.00,85137.64,357.00,156.00,149976.62,3849.90
97516.55,79795.00,80090.80,58588.46,55015.00,69792.84,1920.66,1431.00,87961.13,393.00,227.00,113461.01,3876.90
83963.85,77505.00,70997.42,42578.20,41797.00,66760.89,1555.33,1649.00,61813.29,486.00,491.00,64868.63,3890.40
112673.80,95304.00,77480.38,67576.53,61228.00,72331.22,9592.59,7372.00,85276.73,418.00,318.00,86144.81,3938.40
81301.95,68850.00,77388.59,56898.66,47222.00,78965.54,17100.30,14310.00,78314.84,588.00,459.00,83954.62,4042.80
83891.65,73275.00,75031.36,58507.54,50207.00,76370.83,4086.46,3903.00,68616.52,606.00,490.00,81050.65,4123.00
85899.95,77418.00,72716.15,34355.30,32558.00,69153.80,1285.20,1246.00,67597.81,401.00,555.00,47351.23,4242.40
80159.10,72790.00,72170.73,38526.25,36946.00,68339.10,24253.39,17910.00,88747.65,371.00,234.00,103905.37,4630.40
125512.10,93597.00,87882.74,36798.37,26201.00,92042.98,5753.65,4761.00,79200.01,481.00,435.00,72466.25,4666.80
21131.80,20476.00,67634.97,21137.97,21000.00,65966.58,1220.94,1304.00,61361.60,370.00,426.00,56920.94,4696.70
93014.50,85000.00,71715.27,44033.57,43484.00,66364.27,1266.16,1148.00,72281.42,567.00,428.00,86819.90,4698.30
80967.55,72419.00,73272.05,33259.31,31287.00,69667.35,1437.52,1591.00,59213.90,519.00,482.00,70566.77,4767.90
90775.35,68044.00,87429.52,88483.64,53496.00,108398.09,2645.37,2028.00,85486.67,455.00,407.00,73265.06,4783.30
104617.80,80236.00,85450.82,52640.84,43400.00,79490.11,3574.76,2312.00,101330.23,346.00,131.00,173095.09,4785.00
90614.80,78188.00,75951.95,47347.72,46136.00,67257.25,6243.93,5116.00,79984.80,351.00,226.00,101783.79,4789.30
135875.64,114308.00,77901.34,82229.01,76544.00,70403.43,49289.80,40884.00,79010.29,414.00,403.00,67324.82,4843.90
125302.15,109792.00,74794.17,36468.74,31028.00,77027.70,7592.20,4880.00,101959.52,362.00,162.00,146444.64,4863.20
49533.95,41575.00,78081.95,62722.52,45059.00,91226.69,1644.58,1571.00,68605.48,615.00,546.00,73818.02,5057.60
43959.35,38980.00,73907.65,39406.85,30128.00,85719.84,1306.62,1024.00,83623.69,373.00,435.00,56195.24,5078.60
93814.40,72572.00,84718.91,30335.48,27240.00,72983.34,1389.92,1196.00,76162.05,436.00,590.00,48429.99,5082.70
75357.80,68380.00,72223.59,63078.33,60008.00,68889.17,1750.49,1480.00,77513.59,412.00,601.00,44926.51,5195.00
45128.80,42348.00,69839.45,17510.85,17752.00,64645.74,2653.70,2600.00,66889.59,553.00,690.00,52523.78,5231.00
43688.60,40993.00,69845.48,39372.34,36773.00,70168.49,1203.09,1233.00,63946.24,377.00,369.00,66956.84,5410.10
76632.70,67661.00,74225.92,54081.93,51257.00,69147.89,2268.14,2297.00,64712.60,586.00,570.00,67375.61,5468.00
55924.60,44886.00,81652.95,81219.88,54434.00,97784.95,1303.05,1378.00,61971.48,494.00,471.00,68736.27,5489.20
119600.25,84597.00,92652.48,43536.15,32593.00,87539.82,9011.87,7765.00,76059.49,360.00,183.00,128923.28,5503.80
120419.15,88143.00,89533.93,53509.54,31675.00,110711.95,4604.11,2795.00,107955.27,365.00,270.00,88594.96,5519.80
85609.25,78096.00,71840.91,50578.57,50596.00,65513.43,1188.81,1120.00,69562.38,569.00,658.00,56671.71,5544.70
24680.05,21762.00,74323.66,19533.85,16534.00,77426.55,1739.78,1286.00,88661.14,453.00,374.00,79379.17,5553.00
132467.05,107708.00,80600.89,63836.36,57528.00,72722.49,1213.80,1020.00,77987.84,423.00,635.00,43656.27,5568.60
122102.55,98196.00,81491.23,34177.99,30608.00,73179.86,1699.32,1648.00,67576.85,542.00,491.00,72343.20,5591.70
144418.05,99954.00,94689.37,113442.70,92710.00,80191.80,11522.77,7682.00,98302.05,379.00,146.00,170124.28,5615.50
66434.45,57633.00,75544.36,58587.27,45573.00,84251.09,2601.34,2193.00,77738.91,509.00,526.00,63417.92,5630.60
68881.65,44718.00,100948.79,57874.46,31738.00,119505.36,1771.91,938.00,123799.47,480.00,322.00,97693.41,5815.30
104743.20,86213.00,79621.98,41126.40,38913.00,69263.74,7097.16,5045.00,92194.15,396.00,401.00,64718.84,5875.90
77507.65,66257.00,76664.22,68322.66,60197.00,74382.34,1905.19,1537.00,81235.22,565.00,551.00,67201.16,5925.70
80931.45,69681.00,76117.20,72011.66,64869.00,72752.11,21575.89,19409.00,72852.67,587.00,571.00,67372.39,5939.80
94516.45,73173.00,84651.85,41852.30,31601.00,86795.76,12957.91,10501.00,80869.40,513.00,507.00,66311.58,5961.00
69484.90,60749.00,74960.30,59292.94,49657.00,78253.27,15437.87,14429.00,70118.26,537.00,506.00,69551.05,5962.00
81970.75,74841.00,71779.30,30828.14,30397.00,66465.54,1436.33,1421.00,66243.02,501.00,443.00,74116.34,5977.00
49573.85,46345.00,70101.88,45473.47,42317.00,70424.41,1660.05,1721.00,63215.01,631.00,823.00,50246.92,6076.50
74085.75,63852.00,76039.65,47170.41,45128.00,68502.04,11416.86,9224.00,81116.15,370.00,310.00,78220.39,6164.80
63604.40,53858.00,77395.70,46775.33,42390.00,72315.84,2501.38,2518.00,65103.43,620.00,544.00,74691.77,6176.90
109868.45,85294.00,84417.88,50115.66,42618.00,77065.56,1721.93,1546.00,72993.80,422.00,450.00,61458.21,6193.00
68312.60,50321.00,88967.52,92836.66,58469.00,104057.60,2934.54,2145.00,89658.74,460.00,386.00,78099.89,6264.40
43622.10,40087.00,71315.34,44175.18,34499.00,83917.37,1266.16,1047.00,79254.12,518.00,567.00,59872.39,6310.40
43195.55,39355.00,71931.49,27220.06,24959.00,71472.97,2650.13,2875.00,60410.06,626.00,634.00,64709.05,6424.80
133511.09,100983.00,86646.10,51987.53,38835.00,87731.55,26427.52,18215.00,95083.95,492.00,183.00,176195.14,6426.60
71339.30,64737.00,72219.79,28042.35,26549.00,69222.33,5425.21,4597.00,77343.18,435.00,229.00,124489.80,6426.60
92980.30,71944.00,84698.61,70349.23,58236.00,79167.66,9725.87,7500.00,84985.96,453.00,166.00,178842.20,6427.20
41580.55,39982.00,68156.24,19644.52,19754.00,65172.79,8883.35,8046.00,72356.37,393.00,200.00,128778.23,6427.20
108956.45,93350.00,76492.45,84587.59,75682.00,73247.70,11245.50,8598.00,85715.88,367.00,206.00,116755.89,6431.00
118931.45,94787.00,82229.53,64030.33,56839.00,73827.69,1607.69,1399.00,75312.06,375.00,383.00,64167.11,6480.90
120751.65,106644.00,74205.58,42586.53,40960.00,68138.45,2225.30,1760.00,82862.08,464.00,211.00,144117.08,6483.90
66246.35,59668.00,72761.29,33453.28,31744.00,69064.84,4167.38,3696.00,73894.33,370.00,170.00,142637.17,6483.90
111459.70,97612.00,74833.25,50815.38,48296.00,68954.72,5131.28,4040.00,83238.52,455.00,198.00,150600.41,6487.70
54210.80,51009.00,69649.65,41605.97,42677.00,63891.30,1329.23,1009.00,86335.40,372.00,222.00,109817.09,6487.80
91377.65,76331.00,78454.71,43351.70,38127.00,74516.68,7313.74,4619.00,103769.92,466.00,215.00,142045.47,6488.10
67582.05,62758.00,70573.58,18210.57,18146.00,65769.20,3724.70,3350.00,72866.26,428.00,184.00,152442.44,6488.10
156178.09,110683.00,92473.89,90529.26,71135.00,83403.75,29250.20,21595.00,88767.83,498.00,215.00,151799.66,6488.10
88620.75,80982.00,71717.79,35805.91,35106.00,66842.60,8364.51,6658.00,82333.52,364.00,215.00,110953.98,6534.70
103217.50,89505.00,75576.36,30490.18,26757.00,74679.70,5363.33,3781.00,92962.50,375.00,168.00,146285.72,6565.10
81081.55,71060.00,74778.49,34187.51,31360.00,71444.93,8350.23,6544.00,83624.80,353.00,179.00,129241.38,6565.10
61354.80,57063.00,70465.07,21430.71,21299.00,65941.27,8431.15,7239.00,76328.76,362.00,168.00,141214.48,6565.10
135324.64,99388.00,89232.46,53504.78,41000.00,85524.12,25981.27,20312.00,83827.72,416.00,203.00,134300.38,6565.70
47901.85,36103.00,86953.88,57461.53,35603.00,105771.95,1758.82,1303.00,88462.04,490.00,410.00,78323.52,6566.90
162374.95,110365.00,96420.10,87081.82,68313.00,83541.84,17375.19,13337.00,85379.06,442.00,219.00,132269.00,6601.10
154014.95,108341.00,93164.40,82994.17,52337.00,103924.69,22774.22,17061.00,87482.06,440.00,201.00,143461.89,6602.20
88148.60,69438.00,83195.19,35527.45,31402.00,74145.83,1276.87,1118.00,74848.80,418.00,450.00,60875.66,6606.90
111167.10,88325.00,82484.55,36259.30,28769.00,82598.96,5020.61,3041.00,108198.20,437.00,215.00,133205.73,6611.30
139460.00,104852.00,87167.16,51823.31,36208.00,93799.50,17660.79,16644.00,69539.63,412.00,266.00,101506.89,6642.60
162286.59,103392.00,102866.89,71576.12,42308.00,110872.95,17923.78,11024.00,106554.15,366.00,174.00,137851.59,6654.40
40710.35,38967.00,68468.03,13715.94,13939.00,64487.25,1760.01,1527.00,75536.37,367.00,134.00,179490.39,6655.40
123271.05,91626.00,88170.29,41165.67,25150.00,107269.72,4720.73,3706.00,83480.25,376.00,159.00,154978.22,6655.40
153713.80,101604.00,99147.55,56505.96,34816.00,106364.16,6666.38,5156.00,84733.88,377.00,162.00,152512.78,6677.80
114099.75,73933.00,101140.78,33636.54,28665.00,76902.31,3788.96,1977.00,125601.06,452.00,173.00,171227.02,6700.40
96118.15,86049.00,73204.78,44877.28,42789.00,68734.43,4122.16,3153.00,85680.26,349.00,160.00,142950.41,6700.40
125286.00,95724.00,85775.18,55661.06,43224.00,84393.01,8297.87,5512.00,98659.16,361.00,161.00,146947.19,6711.60
120696.55,92940.00,85108.34,52624.18,41144.00,83822.15,3091.62,2488.00,81435.86,427.00,206.00,135844.05,6782.40
58861.05,55203.00,69878.77,21748.44,21943.00,64954.92,6289.15,5047.00,81665.50,362.00,159.00,149207.75,6794.70
118758.55,91537.00,85025.29,52762.22,40597.00,85174.40,4513.67,3653.00,80976.70,356.00,166.00,140547.08,6837.80
130260.20,94159.00,90662.95,63647.15,45083.00,92522.23,1190.00,635.00,122815.49,351.00,150.00,153354.23,6883.70
118759.50,87112.00,89345.02,45402.07,29676.00,100265.20,4082.89,3532.00,75757.73,352.00,178.00,129599.28,6898.00
100329.50,80557.00,81621.63,41964.16,37257.00,73816.02,6591.41,4777.00,90428.03,367.00,197.00,122089.91,6899.30
91678.80,85927.00,69922.86,33734.12,33587.00,65823.06,12648.51,10583.00,78326.83,375.00,183.00,134295.08,6911.30
87265.10,79152.00,72253.47,32972.52,32212.00,67083.30,9170.14,8048.00,74673.75,441.00,243.00,118935.70,6915.30
83029.05,69631.00,78146.11,30836.47,25131.00,80414.59,6798.47,4959.00,89845.64,360.00,151.00,156244.77,6924.90
101156.95,90384.00,73347.29,38514.35,37428.00,67438.20,1762.39,1344.00,85937.50,393.00,215.00,119793.71,6925.80
144326.84,103383.00,91490.91,51534.14,40787.00,82804.37,15272.46,12503.00,80052.48,445.00,165.00,176748.61,6949.70
121822.30,101937.00,78320.40,58815.75,56661.00,68028.27,5838.14,4193.00,91249.30,366.00,131.00,183100.59,6952.80
158519.84,110982.00,93607.58,65435.72,48610.00,88220.44,17368.05,10018.00,113618.75,390.00,170.00,150347.30,6954.00
122596.55,107263.00,74904.55,62752.27,57483.00,71543.47,7795.69,6059.00,84320.58,358.00,167.00,140490.34,6979.70
96836.35,82564.00,76864.83,36472.31,32208.00,74212.91,14296.66,11540.00,81191.16,362.00,155.00,153058.27,6979.70
129820.35,98344.00,86511.70,76309.95,57772.00,86565.27,7294.70,5464.00,87493.69,373.00,168.00,145505.53,6980.30
108648.65,78925.00,90217.27,46637.29,35193.00,86847.44,10247.09,6637.00,101183.27,364.00,134.00,178023.17,6986.30
90177.80,77592.00,76166.26,27842.43,24236.00,75288.06,3840.13,2988.00,84225.82,370.00,179.00,135465.47,6989.80
83143.05,77441.00,70361.48,43147.02,41493.00,68148.45,18694.90,16225.00,75512.43,394.00,187.00,138081.20,6993.10
108974.50,80985.00,88186.12,37703.96,27949.00,88409.85,6074.95,4441.00,89648.27,361.00,140.00,168989.27,7004.40
122113.00,83937.00,95342.91,43642.06,31237.00,91562.13,13770.68,8213.00,109883.77,360.00,191.00,123523.36,7004.40
122045.55,93051.00,85956.91,55132.70,42159.00,85703.57,2401.42,1883.00,83579.12,414.00,176.00,154158.55,7023.70
68341.10,60729.00,73750.64,16887.29,15997.00,69183.31,1679.09,1037.00,106114.61,356.00,175.00,133318.95,7037.80
99494.45,81640.00,79868.55,34683.74,25724.00,88362.38,10018.61,6360.00,103235.80,365.00,190.00,125898.10,7045.00
120116.10,92505.00,85097.33,65250.08,35293.00,121163.67,6431.95,4809.00,87653.21,435.00,370.00,77049.09,7066.90
68258.45,62352.00,71744.07,27202.21,25732.00,69280.44,14954.73,12592.00,77833.01,364.00,155.00,153903.89,7071.90
109636.65,92535.00,77647.89,64653.89,59635.00,71051.53,7021.00,6179.00,74466.47,402.00,182.00,144755.34,7072.50
148226.59,120965.00,80305.70,45768.59,32881.00,91222.60,4239.97,3041.00,91374.77,358.00,160.00,146636.80,7076.60
56158.30,53192.00,69190.69,30084.39,30700.00,64221.84,3598.56,3000.00,78611.75,364.00,163.00,146350.33,7076.80
62089.15,58595.00,69444.05,15941.24,15703.00,66530.29,4245.92,3587.00,77574.76,423.00,199.00,139305.17,7081.10
150459.09,94670.00,104156.41,93294.81,71498.00,85515.24,18546.15,13710.00,88653.58,501.00,162.00,202676.14,7081.10
104962.65,76669.00,89721.16,42452.06,31833.00,87397.93,4502.96,3373.00,87490.66,440.00,163.00,176906.98,7081.50
120869.45,106722.00,74223.68,52321.92,48902.00,70119.21,3593.80,2466.00,95508.23,344.00,159.00,141788.58,7082.10
68669.80,64105.00,70202.70,26321.61,26125.00,66029.22,7293.51,6425.00,74394.94,376.00,207.00,119041.23,7090.00
155893.09,111317.00,91779.42,88315.85,69329.00,83484.08,5692.96,3041.00,122687.88,352.00,199.00,115922.98,7090.10
110436.55,84712.00,85437.36,95786.67,77772.00,80716.39,4818.31,3855.00,81912.52,422.00,271.00,102052.37,7090.70
87194.80,79396.00,71973.38,34195.84,33920.00,66068.95,5954.76,4468.00,87343.59,373.00,187.00,130721.54,7090.70
77685.30,69861.00,72875.91,15992.41,15473.00,67735.97,4824.26,3505.00,90203.34,408.00,182.00,146915.88,7095.10
121446.10,104624.00,76073.29,42234.29,38756.00,71417.77,14257.39,11092.00,84238.40,557.00,218.00,167447.48,7095.10
157697.14,112675.00,91722.56,99140.09,79015.00,82227.99,14546.56,8995.00,105983.70,448.00,170.00,172706.64,7098.30
107650.20,88504.00,79713.51,62089.44,55180.00,73742.18,18848.41,12776.00,96685.14,453.00,259.00,114624.73,7106.10
127434.90,104961.00,79568.35,39807.88,30837.00,84601.27,28370.79,20801.00,89385.52,521.00,267.00,127881.12,7106.90
135132.75,103520.00,85549.27,48874.49,32660.00,98072.22,10412.50,6148.00,110994.41,356.00,153.00,152489.00,7107.10
51488.10,47944.00,70380.53,14595.35,14396.00,66443.53,1562.47,1292.00,79255.45,377.00,203.00,121709.72,7107.60
92666.80,82422.00,73681.92,45968.51,44562.00,67604.52,2193.17,1474.00,97511.27,530.00,221.00,157167.78,7107.60
82946.40,69644.00,78053.74,47040.70,44120.00,69874.42,1555.33,952.00,107069.45,531.00,239.00,145605.09,7107.60
61690.15,58429.00,69193.81,14212.17,14569.00,63930.87,5545.40,5341.00,68044.07,386.00,190.00,133141.56,7109.60
124125.10,89249.00,91145.70,51863.77,38837.00,87518.20,28181.58,19029.00,97057.55,468.00,254.00,120751.37,7109.70
94634.25,68896.00,90019.02,56576.17,44324.00,83651.66,15494.99,8864.00,114562.25,400.00,171.00,153300.59,7120.50
127800.65,104880.00,79858.35,111380.44,101284.00,72068.92,1535.10,996.00,101008.36,566.00,294.00,126167.95,7123.30
37649.45,36324.00,67927.38,17363.29,18304.00,62167.88,3236.80,2752.00,77081.01,355.00,170.00,136854.59,7123.30
82584.45,66432.00,81470.60,46812.22,41348.00,74196.71,9299.85,8464.00,72007.92,439.00,247.00,116478.96,7129.30
93317.55,77932.00,78474.29,22329.16,19288.00,75869.14,1331.61,972.00,89782.31,365.00,129.00,185431.31,7134.80
101193.05,71051.00,93338.41,40127.99,26671.00,98602.54,1413.72,955.00,97015.25,363.00,178.00,133649.25,7137.70
113651.35,91513.00,81390.13,44312.03,34333.00,84584.33,4144.77,3401.00,79868.17,367.00,159.00,151268.62,7163.30
78237.25,70712.00,72510.41,31664.71,30700.00,67595.39,9887.71,8188.00,79140.33,357.00,198.00,118163.39,7190.50
114794.20,82255.00,91461.34,68167.96,58283.00,76651.09,14274.05,10831.00,86369.15,613.00,231.00,173911.55,7190.90
94269.45,81215.00,76070.23,38829.70,35515.00,71652.64,7367.29,5231.00,92300.27,358.00,151.00,155376.73,7203.10
127890.90,96736.00,86642.59,49755.09,37844.00,86162.93,13599.32,9104.00,97895.99,396.00,182.00,142594.83,7203.10
76395.20,47019.00,106481.11,78563.80,33039.00,155838.78,1699.32,927.00,120136.61,567.00,315.00,117964.80,7215.00
102047.10,86973.00,76894.66,46211.27,39705.00,76275.08,6108.27,4621.00,86628.78,453.00,223.00,133129.19,7224.40
99009.00,77716.00,83491.87,40989.55,35552.00,75559.50,6429.57,4580.00,92001.82,406.00,197.00,135064.05,7225.50
125720.15,81349.00,101282.06,72138.99,49969.00,94612.69,1530.34,1009.00,99397.79,357.00,146.00,160248.98,7236.50
53200.95,50203.00,69449.59,35081.20,32799.00,70096.09,1740.97,1935.00,58964.45,416.00,462.00,59010.77,7239.60
121028.10,107424.00,73835.43,54405.61,52772.00,67564.74,9947.21,8032.00,81162.91,367.00,206.00,116755.89,7244.70
86016.80,62145.00,90710.38,89527.27,80549.00,72840.88,14828.59,12101.00,80307.95,396.00,222.00,116902.06,7245.00
72413.75,66912.00,70924.62,43139.88,43332.00,65245.44,5851.23,5108.00,75071.70,419.00,186.00,147632.17,7257.60
117610.00,99836.00,77203.51,69863.71,60840.00,75256.22,10232.81,7992.00,83911.09,380.00,239.00,104199.50,7259.70
81795.95,75885.00,70640.83,34164.90,33737.00,66367.23,1563.66,1069.00,95861.58,355.00,158.00,147248.61,7270.00
77786.95,68356.00,74577.88,44996.28,42736.00,69002.16,2006.34,1412.00,93121.46,371.00,183.00,132862.61,7270.00
99182.85,79028.00,82249.92,56979.58,53008.00,70446.23,2810.78,1812.00,101659.64,373.00,175.00,139685.31,7271.70
76942.40,53452.00,94336.93,78518.59,46760.00,110046.91,1790.95,1052.00,111570.07,561.00,426.00,86304.45,7292.70
48393.95,45742.00,69335.53,19871.81,19802.00,65767.05,2738.19,2266.00,79192.42,358.00,154.00,152349.92,7295.50
66642.50,55056.00,79328.01,54548.41,42292.00,84528.63,2186.03,1968.00,72796.58,609.00,683.00,58435.47,7319.10
115942.75,103662.00,73300.00,46910.99,45274.00,67905.62,2935.73,2206.00,87214.88,388.00,186.00,136709.50,7323.30
88370.90,80669.00,71793.06,26239.50,24281.00,70822.13,9151.10,7785.00,77036.17,362.00,159.00,149207.75,7343.00
101719.35,60337.00,110484.11,33331.90,16725.00,130609.24,6102.32,4741.00,84353.86,463.00,220.00,137923.50,7360.40
83510.70,72285.00,75713.59,42471.10,39817.00,69904.46,12404.56,10377.00,78341.07,456.00,179.00,166952.05,7364.70
93260.55,83476.00,73217.73,50310.82,49008.00,67278.20,1624.35,1172.00,90830.55,445.00,178.00,163840.00,7365.80
121953.40,109147.00,73225.45,45682.91,43007.00,69613.67,8612.03,6527.00,86471.28,445.00,187.00,155954.67,7365.90
119945.10,85988.00,91416.50,27893.60,18000.00,101557.52,4864.72,3344.00,95339.20,395.00,169.00,153175.86,7370.00
109282.30,90143.00,79450.71,48380.64,43483.00,72917.55,12377.19,9935.00,81645.86,361.00,190.00,124518.40,7380.10
114898.70,86528.00,87023.86,94522.90,82660.00,74941.35,1456.56,1072.00,89045.82,404.00,161.00,164450.59,7388.50
85747.00,75980.00,73960.46,46755.10,46744.00,65551.57,3522.40,2940.00,78518.38,345.00,189.00,119629.22,7398.30
82814.35,72951.00,74396.80,39084.36,36547.00,70086.00,22410.08,16883.00,86990.89,376.00,202.00,121987.80,7403.00
54519.55,49765.00,71797.31,16857.54,16177.00,68293.00,3678.29,3317.00,72674.23,349.00,155.00,147561.70,7403.70
97943.10,75448.00,85075.80,41629.77,32908.00,82905.34,5388.32,4168.00,84723.84,379.00,151.00,164491.02,7425.10
47255.85,45101.00,68667.20,18821.04,19113.00,64534.91,4555.32,3949.00,75598.25,383.00,187.00,134226.14,7426.00
85512.35,74171.00,75556.99,36984.01,35471.00,68331.44,3511.69,2447.00,94050.73,394.00,187.00,138081.20,7426.00
98301.25,73277.00,87916.69,51061.71,38057.00,87930.75,4543.42,3433.00,86733.93,409.00,253.00,105945.55,7426.00
144984.25,104653.00,90792.31,64239.77,46729.00,90094.33,20345.43,14925.00,89337.24,375.00,175.00,140434.30,7434.00
101363.10,80979.00,82032.78,48766.20,37511.00,85200.13,8102.71,5651.00,93969.07,514.00,190.00,177292.12,7443.00
93462.90,69701.00,87878.01,35106.19,26193.00,87837.19,18910.29,11397.00,108739.56,377.00,179.00,138028.33,7453.30
111717.15,98680.00,74194.32,46248.16,44188.00,68591.46,3174.92,2600.00,80027.53,348.00,189.00,120669.47,7458.00
89335.15,74625.00,78454.52,28464.80,21189.00,88039.51,9628.29,7413.00,85120.69,357.00,161.00,145318.97,7462.40
92749.45,82757.00,73449.10,27842.43,25409.00,71812.41,5071.78,3813.00,87171.30,461.00,206.00,146660.67,7462.50
106281.25,94340.00,73831.34,27622.28,26592.00,68075.13,5321.68,4356.00,80064.66,389.00,135.00,188840.77,7471.30
163368.64,105345.00,101632.99,115451.42,76597.00,98779.65,4598.16,3073.00,98062.17,538.00,402.00,87707.38,7471.60
96054.50,81316.00,77414.38,29145.48,25424.00,75128.95,1668.38,1204.00,90813.09,423.00,196.00,141437.39,7472.50
110724.40,91727.00,79109.03,48797.14,44555.00,71775.77,11978.54,9723.00,80739.05,358.00,171.00,137204.03,7486.30
126746.15,96363.00,86199.43,65551.16,48511.00,88556.43,7197.12,6123.00,77032.57,479.00,160.00,196198.41,7486.60
141112.05,98987.00,93425.60,56082.32,41951.00,87612.00,21724.64,17627.00,80770.75,414.00,187.00,145090.39,7505.30
82978.70,72377.00,75135.64,49136.29,47725.00,67473.99,13595.75,11677.00,76304.80,368.00,198.00,121804.28,7508.10
65573.75,57321.00,74971.51,27286.70,26061.00,68618.29,8126.51,6233.00,85445.05,413.00,194.00,139517.38,7508.10
72156.30,66842.00,70746.47,21879.34,22334.00,64201.88,2249.10,2350.00,62722.14,358.00,147.00,159604.69,7508.20
106132.10,96655.00,71961.87,24738.91,23195.00,69898.23,8469.23,7279.00,76252.16,375.00,174.00,141241.39,7539.70
57917.70,54402.00,69771.23,20470.38,20406.00,65742.77,8427.58,7046.00,78386.30,355.00,182.00,127831.21,7553.00
163399.05,117093.00,91453.12,74021.57,58225.00,83316.06,23061.01,18177.00,83144.98,433.00,185.00,153389.67,7566.00
74838.15,69558.00,70510.84,27624.66,27826.00,65061.81,5355.00,5090.00,68948.00,400.00,171.00,153300.59,7574.80
95239.40,84660.00,73725.60,46230.31,45072.00,67220.22,3343.90,2996.00,73146.14,380.00,226.00,110193.27,7575.30
137400.39,113637.00,79240.66,72138.99,64785.00,72975.23,16832.55,11077.00,99588.16,397.00,147.00,176991.80,7603.60
138867.20,97129.00,93698.09,83449.95,61533.00,88878.75,18641.35,16525.00,73929.19,380.00,135.00,184471.70,7603.60
116834.80,90388.00,84711.31,35677.39,24128.00,96906.23,10836.14,6756.00,105115.05,379.00,170.00,146106.73,7608.40
99696.80,90137.00,72486.65,55207.67,53725.00,67344.62,14201.46,12425.00,74906.00,447.00,182.00,160959.30,7638.00
86083.30,76877.00,73384.17,35630.98,32857.00,71068.93,12831.77,8685.00,96827.05,403.00,144.00,183409.78,7638.00
71200.60,65931.00,70774.04,15973.37,15359.00,68157.49,2113.44,1887.00,73400.33,427.00,156.00,179383.80,7638.00
103339.10,94034.00,72021.10,30198.63,29174.00,67837.72,2028.95,1298.00,102441.66,434.00,218.00,130470.75,7667.40
98250.90,90454.00,71185.04,40674.20,40434.00,65925.32,10620.75,9202.00,75640.25,436.00,207.00,138037.19,7673.50
123657.70,90672.00,89377.43,67619.38,49316.00,89859.34,1336.37,1072.00,81698.09,377.00,298.00,82909.64,7715.90
86261.90,73704.00,76702.21,34733.72,31292.00,72744.13,19828.97,14136.00,91929.22,455.00,219.00,136159.28,7721.30
111416.00,93338.00,78229.22,63278.25,57582.00,72019.09,7895.65,5178.00,99932.27,433.00,205.00,138424.83,7739.30
94233.35,67397.00,91631.33,59244.15,30001.00,129416.52,1618.40,1141.00,92956.59,641.00,555.00,75691.12,7739.90
56164.95,53328.00,69022.40,26745.25,27316.00,64166.67,3778.25,3348.00,73958.02,385.00,176.00,143360.00,7743.40
71290.85,66725.00,70020.49,30504.46,30593.00,65346.34,2327.64,1733.00,88023.21,359.00,159.00,147971.22,7746.10
94267.55,84560.00,73059.58,32363.24,30004.00,70689.16,7222.11,5684.00,83270.27,362.00,138.00,171913.27,7789.70
128763.95,80733.00,104525.70,51832.83,35113.00,96742.42,21724.64,11533.00,123449.75,391.00,176.00,145594.19,7806.10
90809.55,64430.00,92368.38,35596.47,24122.00,96710.48,8228.85,5326.00,101255.34,401.00,202.00,130098.70,7806.60
125935.80,101920.00,80978.49,101408.23,93060.00,71415.12,1235.22,816.00,99205.13,410.00,166.00,161866.03,7807.20
73404.60,67369.00,71407.38,28095.90,27325.00,67384.92,13020.98,11113.00,76787.81,426.00,209.00,133580.55,7831.30
133043.70,117513.00,74197.34,30308.11,27885.00,71230.86,2134.86,1641.00,85259.10,407.00,171.00,155983.36,7866.30
152353.39,110942.00,89998.67,58227.89,40650.00,93875.11,10881.36,8462.00,84273.31,370.00,143.00,169568.69,7866.90
71361.15,58706.00,79663.48,51456.79,43174.00,78108.88,7467.25,6054.00,80834.78,349.00,153.00,149490.62,7901.80
110094.55,90164.00,80022.59,32889.22,27472.00,78459.09,10738.56,7824.00,89949.17,358.00,162.00,144826.47,7914.70
112567.40,94219.00,78298.61,51404.43,47119.00,71496.44,9483.11,7615.00,81613.28,436.00,191.00,149600.52,7914.70
85254.90,66152.00,84461.01,52155.32,43516.00,78547.00,6143.97,5084.00,79199.70,369.00,166.00,145679.42,7915.90
62618.30,57313.00,71602.48,33361.65,33589.00,65092.42,6725.88,6177.00,71359.45,447.00,235.00,124657.84,7920.70
69253.10,66458.00,68292.32,35629.79,36094.00,64693.14,7466.06,7486.00,65361.44,354.00,194.00,119586.31,7931.50
99267.40,77524.00,83917.09,48051.01,41248.00,76344.82,10892.07,8624.00,82771.66,535.00,203.00,172718.05,7932.20
68477.90,60546.00,74121.62,30466.38,28422.00,70249.97,9907.94,7318.00,88730.09,372.00,175.00,139310.83,7974.70
57376.20,52442.00,71702.20,25646.88,26094.00,64413.04,2120.58,1690.00,82233.34,357.00,222.00,105388.98,7974.70
143636.20,96547.00,97500.11,47943.91,28535.00,110112.23,10596.95,6771.00,102567.08,375.00,215.00,114306.98,7974.80
144526.34,122208.00,77504.58,83380.92,75684.00,72200.89,5616.80,5600.00,65732.62,350.00,152.00,150905.27,7998.30
55937.90,52274.00,70129.44,19676.65,19494.00,66150.05,5452.58,4466.00,80013.50,543.00,236.00,150788.34,8008.00
110300.70,98454.00,73421.77,53171.58,50770.00,68636.06,1513.68,1138.00,87170.95,429.00,178.00,157949.12,8008.60
100282.00,78893.00,83303.73,45853.08,35401.00,84885.38,9693.74,5897.00,107730.88,352.00,150.00,153791.14,8019.40
113693.15,97520.00,76404.79,58517.06,56052.00,68418.15,7189.98,5700.00,82667.12,354.00,177.00,131072.00,8026.90
75766.30,64087.00,77479.37,61637.24,56867.00,71033.45,8597.75,7143.00,78883.12,400.00,199.00,131730.66,8028.70
62822.55,59673.00,68995.00,32485.81,32685.00,65136.61,17432.31,16377.00,69759.05,480.00,243.00,129453.84,8032.20
86766.35,78413.00,72517.57,33287.87,32521.00,67081.40,1611.26,1165.00,90639.95,401.00,218.00,120550.16,8049.70
78468.10,71104.00,72323.43,24534.23,22740.00,70706.92,11514.44,9428.00,80039.28,359.00,147.00,160050.52,8060.00
73366.60,67320.00,71422.36,27954.29,28028.00,65363.65,4687.41,4024.00,76340.48,358.00,199.00,117898.94,8102.50
72798.50,68018.00,70142.05,26751.20,27510.00,63728.35,3921.05,3382.00,75981.66,406.00,222.00,119854.13,8121.50
155855.09,129429.00,78916.78,56134.68,43521.00,84530.29,10174.50,7381.00,90339.54,530.00,223.00,155758.22,8122.10
142517.09,97316.00,95976.00,96538.76,70208.00,90114.58,13773.06,10544.00,85606.16,526.00,163.00,211484.27,8133.00
40769.25,39043.00,68433.62,21760.34,22567.00,63193.41,2484.72,2131.00,76414.19,444.00,214.00,135971.89,8133.00
58296.75,52950.00,72153.65,28367.22,26482.00,70201.42,18030.88,15650.00,75506.19,416.00,227.00,120101.22,8133.60
64471.75,59376.00,71160.41,17653.65,17492.00,66141.64,8231.23,6864.00,78590.02,493.00,210.00,153853.56,8228.00
46822.65,45349.00,67665.64,8873.83,8737.00,66562.36,13551.72,13717.00,64746.34,390.00,183.00,139666.89,8228.00
141357.14,98425.00,94122.24,83349.98,43709.00,124972.55,12634.23,9961.00,83123.88,389.00,483.00,52781.58,8263.50
71887.45,61785.00,76251.77,31648.05,30173.00,68739.82,1700.51,1801.00,61879.31,565.00,518.00,71482.31,8441.00
143146.95,119797.00,78309.80,127548.97,112097.00,74569.80,1449.42,1745.00,54435.07,485.00,530.00,59971.62,8565.20
115255.90,88240.00,85600.75,45519.88,32212.00,92611.18,1620.78,1152.00,92204.38,479.00,522.00,60137.44,8588.50
151928.75,107887.00,92289.17,72056.88,49307.00,95773.82,23617.93,21403.00,72318.12,428.00,447.00,62750.36,8661.40
123628.25,93275.00,86862.51,89616.52,77023.00,76251.36,12199.88,12047.00,66367.68,411.00,463.00,58175.59,8840.80
106521.60,89945.00,77614.09,49069.65,43133.00,74556.11,19599.30,15193.00,84542.87,439.00,462.00,62273.38,8848.00
52221.50,47710.00,71733.15,55054.16,48970.00,73678.37,1316.14,1178.00,73221.19,654.00,728.00,58874.38,8889.10
125919.65,104564.00,78920.76,41977.25,37424.00,73509.55,23898.77,17840.00,87793.16,496.00,308.00,105538.49,8945.90
87242.30,79736.00,71705.52,33433.05,33260.00,65876.98,17397.80,15192.00,75051.49,369.00,200.00,120913.92,9037.30
148238.95,94524.00,102778.01,62226.29,46664.00,87392.05,21646.10,16892.00,83980.52,375.00,135.00,182044.44,9043.50
35105.35,34500.00,66685.91,22350.58,23024.00,63619.17,1720.74,1856.00,60759.93,506.00,550.00,60293.12,9151.30
91042.30,74194.00,80418.20,114504.19,89350.00,83985.97,1537.48,1250.00,80608.24,505.00,491.00,67404.64,9169.90
155688.84,103397.00,98680.08,105204.34,79057.00,87211.40,43085.14,36129.00,78154.06,633.00,574.00,72272.28,9262.20
70821.55,62980.00,73695.79,33066.53,32736.00,66197.71,1320.90,1380.00,62729.35,394.00,483.00,53460.01,9340.00
95661.20,75671.00,82848.81,36767.43,27827.00,86591.83,5113.43,3475.00,96435.62,570.00,626.00,59673.36,9356.40
137923.84,105431.00,85733.59,47223.96,39347.00,78655.80,1420.86,1107.00,84116.98,632.00,570.00,72664.48,9410.70
60325.95,34309.00,115232.79,84203.21,40097.00,137624.81,2519.23,1089.00,151607.23,536.00,322.00,109090.98,9576.20
105114.65,69073.00,99732.07,102920.73,52341.00,128866.72,1900.43,1553.00,80197.41,597.00,474.00,82542.18,9721.30
112384.05,77348.00,95221.61,46368.35,33344.00,91134.73,23012.22,14448.00,104383.23,371.00,163.00,149164.75,9768.10
111256.40,94986.00,76761.83,50265.60,46926.00,70200.03,12322.45,8026.00,100618.51,487.00,514.00,62093.45,9795.10
109432.40,74040.00,96863.34,71598.73,47564.00,98652.23,4664.80,2588.00,118126.88,516.00,536.00,63090.62,9835.00
49439.90,43965.00,73697.11,59167.99,57753.00,67141.69,1605.31,1529.00,68806.81,579.00,531.00,71460.16,9975.30
84594.65,74524.00,74392.08,61337.36,57032.00,70483.33,1541.05,1656.00,60986.87,523.00,627.00,54665.59,10018.40
112220.65,86907.00,84624.86,58465.89,51263.00,74744.38,2952.39,1679.00,115239.94,354.00,202.00,114850.21,10029.80
115050.70,101199.00,74506.30,53939.13,52331.00,67549.92,1412.53,1407.00,65793.59,469.00,435.00,70658.36,10064.00
127377.90,93159.00,89608.49,70212.38,50291.00,91496.27,1405.39,1027.00,89682.23,394.00,415.00,62219.72,10229.00
87220.45,65826.00,86836.19,67508.70,44662.00,99060.73,1358.98,1014.00,87832.48,399.00,350.00,74711.05,10381.80
127701.85,83953.00,99687.55,60806.62,50629.00,78710.28,47836.81,38081.00,82325.40,500.00,378.00,86687.84,10447.20
91892.55,72321.00,83271.38,86122.69,79909.00,70632.05,10250.66,7921.00,84810.91,366.00,190.00,126243.04,10499.00
50543.80,46005.00,72001.72,48046.25,41665.00,75573.25,1593.41,1521.00,68655.97,609.00,567.00,70390.52,10749.70
71109.40,64477.00,72277.34,35794.01,35305.00,66443.75,1608.88,1561.00,67546.18,410.00,430.00,62487.81,10831.90
83878.35,75934.00,72392.50,40831.28,38778.00,69006.10,1785.00,1770.00,66091.40,408.00,495.00,54017.55,10844.60
128970.10,98590.00,85730.65,41949.88,29034.00,94689.93,28269.64,20270.00,91400.05,416.00,178.00,153162.78,10862.60
116641.95,96128.00,79521.54,44676.17,37748.00,77564.30,30816.24,26884.00,75121.76,451.00,458.00,64534.36,10911.60
96212.20,71334.00,88392.11,25418.40,18210.00,91478.32,22961.05,14646.00,102743.10,451.00,431.00,68577.11,10930.90
