129215,115927,73048.1,76186.2,70611,70710.5,1488.03,364.708,0.946911
52970.1,49775,69742.8,18067.8,18539,63870.2,6202.94,353.613,4.12847
155440,103889,98055.7,71895,54933,85772,2382.01,339.931,5.5257
159794,112561,93036.2,52681.3,42453,81325.7,1511.55,388.687,7.14296
49989,47118,69529.3,20697.7,20842,65082.2,19608.4,345.972,7.42004
90973.9,82897,71921.4,33517.5,32325,67953.8,2172.49,346.113,7.45859
114310,99534,75264.7,56310.8,53178,69396.8,7626.2,351.377,7.47916
108576,84458,84250.9,83595.1,77166,70996.2,20442.7,338.247,7.61898
131737,104737,82430.7,56847.5,44021,84631.4,18979.7,378.518,7.76704
141260,89392,103562,83195.3,56724,96119.6,3756.85,408.738,7.76755
119179,105852,73787.4,44571.5,42072,69429.4,11830.3,362.726,7.77115
88804.1,65429,88949.3,32798.8,22737,94537.6,1276.11,372.892,7.91868
147357,95103,101545,76906.1,52059,96815.5,24531.6,329.697,8.05491
69238.9,63978,70925,23416.8,23358,65701,4681.11,337.935,8.21222
55278.6,51305,70611.8,27990,27725,66162.4,5114.01,360.559,8.64712
123176,96850,83350.2,53365.6,40710,85909.2,6918.39,330.992,8.85274
131455,82023,105032,76386.1,42099,118911,20167.6,348.486,9.08048
87823.7,74740,77008.5,64060.1,61584,68171,3740.79,356.751,9.15244
40789.2,38951,68628.8,17061,17731,63059.7,5885.09,363.889,9.64955
65730.5,56555,76168.6,30619.9,28831,69602.3,15143.5,349.849,9.79657
59613.4,53015,73692.9,43059,42659,66150.4,2055.18,406.215,9.8706
58967.4,54714,70630.8,8351.42,7806,70115.1,5768.67,448.99,9.87471
65922.4,60594,71299,27891.2,27878,65567.1,4321.51,357.247,9.87471
82062.9,75859,70895.7,52787.2,52599,65770.5,6353.94,364.482,9.9842
98066.6,88607,72532.6,37448.1,34971,70178.1,1656.3,425.562,9.9842
80943.8,71788,73894.4,30340.2,29560,67265.8,17511.4,359.793,10.1173
92574.6,83999,72226.7,41174,39643,68067,18975.5,428.522,10.1554
76272.6,50434,99111.8,31563.6,18742,110370,1326.49,338.848,10.3219
72336.8,54968,86244.1,102436,92988,72195,2079.53,358.194,10.4736
76717.3,71790,70034,45978,46586,64680.7,2654.37,352.695,10.4736
103066,73709,91637.4,47767.8,34985,89481.5,13036.4,414.679,10.4736
80959,74563,71157.7,28189.9,27975,66039.5,12924.3,330.776,10.7599
67198.3,58881,74793.3,26171.7,25045,68484.2,3501.87,333.959,14.6149
116481,75442,101187,83871.2,69046,79607.6,1547.47,369.656,14.7938
109768,98726,72865.7,36662.7,34946,68755.4,4009.22,400.518,15.33
79458,65613,79364.8,47788,44089,71034.4,1525.02,355.676,20.555
65769.4,58158,74113,50959.4,48810,68421.9,1642.51,383.574,21.5708
150017,124602,78903.5,51034.3,47118,70983.2,14322,383.563,24.5832
106364,95993,72616.4,42415.2,41629,66773.7,3640.67,370.838,27.3453
80548.6,74186,71156.7,36610.4,36750,65287,3095.83,355.312,27.4866
121127,94919,83631,65377.4,57635,74339.8,8144.02,439.928,27.7997
122967,99766,80776.7,69636.4,55714,81912.9,23057.2,327.977,27.8023
91274.1,76202,78498.5,84015.2,76654,71829.5,13953.8,424.882,27.8341
140730,109739,84043.9,63239,49535,83666.7,9129.12,356.072,27.8372
57852.1,53468,70909.7,36349.7,36376,65488.7,6096.08,332.706,27.8383
78780.6,73454,70288.5,41231.1,41018,65876.5,14579.7,325.339,27.9596
95317.3,73282,85242.1,55991.9,44294,82843.8,8948.85,406.229,27.9596
76015.2,70589,70573.8,37659.9,37001,66703.1,1385.76,358.797,28.031
93236.8,84074,72678.4,49852.7,46110,70855.5,10521.5,351.863,28.2094
86134.6,77796,72560.5,17647.7,16944,68257.8,5505.84,435.219,28.2639
92933.8,73853,82468,40731.3,36265,73607.3,12268.6,335.346,28.2644
103042,90932,74263.7,100789,95600,69093.5,15154.7,404.84,28.5189
43435.9,40993,69441.5,16959.9,17029,65270,4770.14,356.858,28.5189
56386.3,52439,70469.2,15896,15955,65293.7,6062.77,331.735,28.5189
117061,92871,82606,70979.9,55379,83998.3,25595.4,338.773,28.5256
62633.5,58013,70755.7,21113,18457,74966.7,2804.44,443.565,28.5497
76332.5,70006,71458.5,31996.7,31810,65920.7,6297.17,334.531,28.5687
65068.3,59824,71281.1,14738.2,14244,67809.6,11207.8,376.267,28.7759
90472.3,72227,82091.1,32591.7,24775,86213.2,1887.73,376.361,28.7775
129562,106973,79374.9,37448.1,31929,76864.3,28202.4,363.509,28.7821
79857,70537,74195.2,36522.3,35677,67088.7,28837.8,360.957,28.8731
81236.4,74006,71938.9,32588.2,31058,68764.8,1316.93,341.856,28.9111
67946.9,60591,73492.2,30145.1,29307,67410.1,11387.6,371.111,28.9553
74558.9,66455,73527.8,32745.2,32435,66162.8,7932.15,341.112,28.9558
84247.9,78311,70504.4,26833.3,26979,65182.1,1915.92,408.336,28.9584
103531,86559,78385.9,76540.8,73659,68100,3500.57,342.96,28.9625
115880,99013,76700.2,47041.9,43761,70449.4,28781.2,321.006,29.0088
141341,103690,89332.9,66089,55390,78194.8,1581.11,342.627,29.016
74341.3,63589,76617.5,33569.9,32209,68305.1,4579.96,338.023,29.0165
114288,98798,75810.9,52450.4,47658,72126.2,7416.02,415.56,29.0186
88217,79851,72402.2,48517.5,48447,65631.4,7188.52,433.757,29.0186
72447.9,62426,76057.2,46714.6,45038,67975.7,2423.94,417.895,29.0216
88452.6,80533,71980.8,39400.9,38657,66797.2,4287.83,388.276,29.0844
102306,74204,90354.9,36718.6,25944,92753.4,9666.27,418.606,29.1013
88230.3,73394,78783.8,38235.9,33510,74778.5,8611.34,367.522,29.1013
141252,118786,77930.7,61149.3,56214,71289.8,15677.5,370.386,29.1173
64345.4,59018,71451.8,25464.8,24558,67955.9,10417.6,376.953,29.1892
78462.4,71051,72372.1,30124.9,28847,68439.1,2406.63,371.91,29.29
160768,108219,97358.7,103307,76191,88860.3,28665,388.107,29.4786
137458,84993,105991,66566.2,40229,108441,20212.9,341.447,29.5624
76390.4,71075,70437.2,33568.7,34119,64479,12566.2,329.087,29.6072
85006.9,77866,71546.2,37266,37214,65627.7,3783.39,377.714,29.6843
117269,81819,93931,68282.2,53487,83664.1,20191.4,350.466,29.7321
119957,99074,79349.5,34585,32726,69258.7,6295.84,346.533,30.3598
136033,105417,84569.7,74364.3,61885,78751.5,8695.78,371.449,30.4004
73199.4,67815,70739.4,30855.5,30275,66792.6,9525.47,348.728,30.4636
116426,87486,87215.3,78919.6,68410,75604.1,9350.72,435.88,30.7042
82689.9,63727,85037.2,25074.5,16027,102532,21775.6,329.09,30.7104
90585.4,79357,74808.8,37339.8,35561,68814.2,3626.82,333.85,30.8594
104027,94488,72152.1,22950.3,22060,68181,14486.8,330.42,31.0121
88151.4,69256,83416.5,44803.5,38492,76281.9,24962.1,354.323,31.0743
95264.1,83435,74827.4,28936,27455,69071.3,12209.1,337.398,31.0774
113908,82720,90245,76279,67012,74598.9,1531.93,375.67,31.1267
103642,80675,84193.3,70733.6,60983,76014.6,15622.9,359.433,31.1653
74111.4,64438,75374.2,40604,39698,67031.7,5390.87,395.319,31.2388
127366,84316,98997,47015.7,36888,83529.1,12701.2,377.97,31.3483
158646,127739,81392.8,110135,91871,78564.2,4908.44,334.737,31.4475
106789,95994,72905.5,22858.7,22350,67027.7,7428.17,393.549,31.5431
124660,92580,88244.9,126052,99696,82861.3,17341.6,329.94,31.5699
80601.8,72183,73179.5,32622.7,32163,66472.6,3198.79,404.222,31.6202
148880,124050,78653.9,31166.1,27478,74332.3,1471.51,352.722,31.6213
153915,102904,98023.3,69475.8,45196,100743,11386.4,372.112,31.6912
39737.6,38038,68464.2,20550.1,21522,62576.5,10253.4,380.096,31.7498
96292,70804,89127.6,30799.6,22032,91615.9,8365.22,348.736,31.774
84243.1,74798,73811.6,39346.2,37002,69687.9,6103.94,373.699,31.8259
100122,88615,74046.4,36681.8,34835,69010.3,9072.21,440.122,31.8259
77794.5,70478,72339.5,41521.5,41690,65271.1,2919.57,367.465,31.8259
59260.1,53565,72503.8,43511.2,44249,64443.2,7546.6,443.447,31.8783
96101,80523,78214.6,33473.5,26303,83401.9,8971.85,372.209,31.9683
52535.9,49178,70010.9,19287.5,19566,64603.2,3660.33,419.821,32.0166
71947.3,67654,69694.9,20105.1,20306,64887.5,7809.57,445.218,32.0587
104365,88503,77281.8,26675,19411,90061.1,6187.34,364.627,32.1518
115711,101632,74614.6,48542.5,45412,70053.7,9967.12,335.344,32.2037
103383,83980,80677.5,53371.5,42088,83105.8,8031.94,356.025,32.286
77221.7,69319,73007.4,40730.1,39667,67292.5,4033.79,334.497,32.3559
124549,104880,77826.4,66099.7,59268,73090.3,15627.4,381.429,32.361
139261,97238,93858.1,91082.6,72610,82208.9,11319.2,415.17,32.5507
141865,98383,94501,78935.1,56267,91938.3,11368.7,352.127,32.5821
82214.9,58512,92084.3,34743.2,26388,86286.7,18918.4,428.571,32.6695
42083.1,39726,69424.5,15424.8,15274,66183,4122.44,386.42,32.6695
78930.8,59722,86614.8,42261.7,33614,82396,17990.5,405.377,32.6695
63015.4,58019,71179.7,20960.7,19943,68880.2,6216.99,373.601,32.6957
101105,77219,85807.9,50616.7,41927,79118.8,9820.75,335.472,32.7635
131517,98988,87072.2,60567.4,54280,73127.3,22508.1,375.454,32.779
88239.8,77324,74787.7,50169.2,47096,69812.5,4413.69,412.167,32.7975
123459,86887,93121.2,93317.4,77699,78709.5,1297.53,372.873,32.8011
65579.4,59431,72316,27980.5,26867,68252.1,2583.46,412.757,32.8643
105587,87583,79007.8,44266.8,35483,81759.4,17612.5,363.705,32.9445
111222,100459,72557.5,39732.9,38655,67363.5,7007.43,348.915,32.9913
69787.9,63180,72390.4,31430.3,30296,67989.7,8968.5,353.212,33.3084
126196,95661,86455.2,51214,42761,78491.2,12783.9,328.898,33.5254
146940,122114,78859.8,86596.3,78758,72058.4,24546,316.684,33.6734
64769.1,56505,75120.9,34963.4,33293,68824.1,1520.4,343.68,33.7218
103257,60048,112694,35018.1,21252,107987,7216.91,345.733,33.7742
66462,56469,77133.5,34272,32081,70011.8,21310.3,325.494,33.9937
86534.5,72879,77815.7,45981.6,43083,69945.2,3078.76,390.326,34.0646
101059,89435,74053.9,59225.1,57103,67971.5,8731.61,360.417,34.3021
108162,96058,73794.2,79079.1,75070,69035.9,1314.52,344.858,34.6301
79711.6,50431,103587,38371.6,18987,132444,18035.5,424.338,37.7433
118111,81182,95347.5,97246.8,68922,92469.3,18319.9,420.091,38.043
95171.9,85023,73358.9,47169.2,45355,68157.5,1340.85,434.836,39.6227
131758,99554,86736,76736,64950,77428.3,15433.4,383.598,41.4605
106948,82831,84617.5,36910.2,33691,71798.1,2123.83,438.156,45.1361
60249,52583,75090.4,34689.7,28243,80495.1,13360.8,355.397,45.2183
94112.7,73258,84192.4,40725.4,32942,81020.5,5290.07,365.406,45.8681
87755.3,71694,80217.8,48375.9,41610,76192.3,7508.54,338.48,46.4824
130720,93607,91519.5,83134.6,61091,89183.5,17303.6,327.973,46.4968
157728,105035,98413.2,81590,54975,97263.9,21829.2,320.043,50.0567
115315,78557,96201.1,51400.9,37513,89798.4,15483.7,358.554,50.7538
79489.4,72468,71885.7,31920.6,30544,68489.6,5536.5,357.192,51.9177
106156,77974,89222.4,61340.9,51138,78611.6,5825.95,332.941,52.1408
68790.4,59124,76250.8,41252.5,39584,68298.5,4942.47,375.708,52.3721
106511,74857,93248.7,39271.2,30589,84137.3,24899.9,377.377,52.4317
60889.3,56481,70651,21777,21541,66254,11236.3,384.242,52.8543
84867.3,75822,73354.2,51405.6,49786,67668,1431.22,440.757,52.8877
73884.4,67975,71233.3,38858.3,39171,65012.8,14171.4,331.693,53.2491
133141,120083,72662.3,99503,94583,68945.1,15995.4,361.11,53.3411
77000.4,69798,72298.6,19623.1,18994,67706.6,5549.8,339.181,53.6316
53509.7,49807,70408,16965.8,16843,66013.9,19005.2,334.496,53.683
125919,97618,84535.7,66967.3,56070,78273,9330.31,348.897,53.7004
96848.7,80043,79295.8,42254.5,35007,79104,1255.84,376.909,53.7246
75603.9,68895,71917.8,29322.8,28875,66552.3,1348.82,362.829,53.7246
78800.6,72682,71053,27303.4,26750,66891.7,1280.51,403.888,53.7256
112225,85804,85716.3,78722.1,63896,80742.6,20292.3,373.378,53.7323
144115,96549,97823.1,57665,40689,92878.5,4406.16,343.174,53.8557
112366,90839,81066.7,71752.2,67043,70139.4,10041.1,422.28,53.8557
69149.5,60683,74679.6,25418.4,24063,69227.5,5714.66,386.037,53.8886
99218,90608,71763.5,37308.9,37092,65919.2,7387.14,340.585,53.8891
113881,91647,81435.5,43135.1,33131,85325,1544.47,423.659,53.8891
82166.4,63701,84533.4,30978.1,21745,93363.1,11035.5,357.417,53.8891
74252,70417,69105.2,21508.1,21653,65097.3,4240.11,398.318,53.8922
137127,96166,93450.3,80141.7,55730,94243.1,28172.7,359.535,53.9405
84476.9,78900,70168.3,34455.3,34768,64946.5,4718.32,412.903,53.9441
71113.2,64655,72082.2,43200.6,43323,65350.8,15896.6,363.195,54.0109
119418,97174,80537.7,93194.9,86418,70675.3,1252.8,433.912,54.0701
76247,68563,72880.8,29352.5,27927,68881.3,5878.65,405.895,54.0942
143257,90160,104132,57836.4,32036,118316,21526.9,430.306,54.1595
103286,81115,83448.8,42746,31663,88475.6,19597.9,325.981,54.1929
105432,83172,83075.9,77207.2,70080,72201.1,11065,381.391,54.1934
60690.8,56002,71023,16336.3,16374,65385.2,7911.18,405.13,54.2227
83932.5,75355,72995.8,39893.6,39647,65943.6,2009.3,360.255,54.2227
41923.5,40130,68465,20811.9,21286,64076.4,9346.96,349.883,54.2227
124726,105499,77479.5,36910.2,30447,79447.9,12462.4,344.178,54.3512
123676,81202,99815.5,70143.4,53750,85524,12738.4,358.938,54.3579
82569.3,76644,70602.5,39713.9,40048,64989.2,6903.59,376.005,54.4201
53536.3,49552,70805.5,28287.5,28404,65267.2,1414.19,369.772,54.4201
126758,82125,101153,57642.4,41641,90719.6,6626.77,337.245,54.4464
94698.9,80865,76747.5,26788.1,22917,76606.2,9594.61,338.668,54.4633
140302,115529,79588.8,75302,68925,71599.5,1240.61,355.923,54.4865
110648,82606,87783.6,60980.4,48954,81636,11340.9,394.152,54.525
63638.6,58599,71172.2,32304.9,32291,65564.3,11967.5,335.607,54.5517
79481.8,62164,83793.1,36254.5,29520,80487.1,9016.21,344.17,54.5774
84681.1,67047,82772.7,32212.1,24883,84839.2,1260.99,342.905,54.6211
132632,105887,82089.3,51496.1,40043,84280.5,10460.7,359.916,54.6222
30255.6,28687,69119.5,15246.3,15147,65965.6,8649.16,389.489,54.7075
45754.8,43377,69128.6,12392.7,12853,63188.8,3292.41,335.141,54.7718
160733,116570,90364.8,56625,40990,90533.6,7754.38,381.266,54.7723
68655.5,65219,68989.3,27918.6,28535,64120.3,2650.43,384.698,54.7779
111376,99215,73569,25200.6,23467,70377.5,20662.9,331.056,54.7882
104010,79823,85393.8,45189.1,40075,73899.2,10109.9,436.22,54.8442
105997,69342,100179,38385.8,20346,123644,23623,384.486,54.8581
87023.8,77261,73817.2,42253.3,40681,68069,15231.1,386.773,54.8823
149291,115637,84608.8,88114.7,76417,75568.1,5953.25,437.83,54.8864
75773.9,58626,84705,60031.9,52838,74458.8,11750.2,399.796,54.9064
83039.5,76012,71595,21997.2,21416,67314.4,9661.36,431.61,54.9625
38513.9,36470,69208.9,17657.2,17762,65149.4,1927.33,348.326,54.9928
67650.4,63782,69510.8,9491.44,9250,67246.6,17824.3,366.521,55.3619
82285.2,69038,78111.2,38541.7,37738,66931.7,15299.6,328.714,55.3676
112249,97153,75719.3,84500.7,78197,70819.1,6027.96,357.765,55.5218
41602.4,39954,68239.9,25705.2,26662,63184.1,6129.04,363.677,55.5773
109759,96762,74338.9,61770.5,60462,66954.3,2698.4,352.657,55.5778
155872,123870,82467.4,105836,95050,72973,6544.08,387.317,55.5799
72848.9,63777,74858.1,20270.5,18261,72747.7,25268.3,321.057,55.583
110696,80819,89763.1,52181.5,41335,82733,7026.47,348.898,55.639
47290.1,44919,68995.3,19495.8,19619,65124.4,5589.09,337.146,55.639
104461,94385,72532.3,46289.8,45173,67156.3,19328,407.215,55.6595
133192,92182,94691.6,32489.4,21714,98057.7,34626.1,348.93,55.6621
124083,104707,77663.6,53958.2,51543,68606.9,2889.82,367.49,55.7151
99750.9,91079,71775.9,34500.5,34403,65721.7,9232.78,344.982,55.7166
72730.1,65114,73201.5,17236,16398,68885,7127.48,360.81,55.7166
77833.5,68969,73959.3,34130.4,33389,66991.2,6349.56,331.486,55.8102
112675,100099,73769.5,33157,32151,67586.6,5737.87,437.017,55.8621
125695,93692,87921.9,41446.5,32856,82671,6805.35,433.09,55.9531
118203,92015,84187.8,53501.2,45915,76364.1,8396.37,433.709,56.0857
95092.1,81398,76561.6,38824.9,32354,78643.5,5478.15,360.243,56.3129
82615.8,76834,70467.6,45728.1,45590,65734.6,4079.42,401.457,56.5623
61695.8,56977,70963.7,26146.7,26133,65570.3,14951,325.017,56.5623
99740.5,91786,71215.6,41227.6,40542,66644.2,3815.74,358.686,56.5957
95711.5,74030,84729.9,46633.7,36682,83315.7,5849.68,338.92,56.8028
94430,82339,75159.6,40855.1,39735,67383.4,3631.14,371.847,56.973
104267,94482,72323.4,37216.1,36390,67023.7,5306.89,351.391,56.9735
78816.8,68946,74918.6,27111.8,25302,70223.6,12400.3,366.232,57.0552
98561.5,77838,82984.3,71460.7,63722,73495,1606.95,371.605,57.1416
65314.4,59710,71687.2,23415.6,23034,66621.8,2108.64,414.169,57.4182
61763.3,53983,74981.4,23102.7,21627,70007.7,30703.1,313.337,57.5981
56765.3,54006,68884.5,30049.9,30578,64404.1,9854.01,340.443,57.6752
72619.9,65874,72247.3,36303.3,35862,66342.5,6937.26,345.976,57.8993
151929,121282,82096.3,74316.7,67142,72539.1,8078.59,334.984,58.1302
75563.9,63383,78130.7,34648,32339,70215.4,5292.71,343.404,58.1302
49562.4,46206,70296.6,18121.3,18330,64789.9,2405.55,361.911,58.2494
107939,90149,78468.9,82262.3,75105,71781.4,1328.18,397.847,58.2556
56039.6,51873,70800,21479.5,20421,68933,8014.33,335.04,58.2556
97255.3,83459,76369.5,26805.9,24775,70908.3,22509.7,334.452,58.5507
101698,87123,76500,59626.1,56279,69433.7,13152.5,360.578,58.5851
83292.2,69010,79099.2,59630.9,54390,71850.9,9905.86,384.398,58.5892
111881,92446,79313.4,86233.4,78794,71723.6,3239.81,356.187,58.5908
89099.5,80700,72357.2,35084.8,35176,65366,1837.89,364.404,58.598
128740,96560,87376.9,72807.8,53316,89495.3,6098.29,347.704,58.6252
87962.4,62568,92135,49272,35804,90187.9,10974.8,356.469,58.7003
103154,93327,72436.6,35748.8,33995,68917,1354.35,398.824,58.8637
90265.2,81602,72493.6,31630.2,31478,65852.9,12093.6,336.498,58.9465
96456.4,73997,85427.3,29822.6,22441,87093,16684.1,386.511,59.1244
91579,80903,74184.2,31216.1,30003,68185.8,7582.23,346.416,59.1269
78486.1,70113,73362.5,38705.9,36981,68592.9,3592.45,423.88,59.1269
39274.9,37161,69264,12672.3,12749,65141.8,7537.99,364.454,59.1269
74845.8,66510,73749.7,38419.2,37818,66577.8,7438.07,361.541,59.2878
89668.6,62171,94521.9,33679.4,21631,102039,16506.5,410.666,59.4194
86627.6,79982,70981.3,30029.7,28906,68083.6,17776.7,372.563,59.5058
79604.3,69914,74619.5,28141.1,27374,67372.6,3649.38,337.831,59.7659
72628.4,67744,70261.2,31333.9,30260,67861.8,3800.23,361.7,59.7659
141282,94086,98410.6,62434.5,43522,94014.8,2242.81,337.052,68.1534
96049.8,84062,74881.8,32012.2,30794,68128.6,1377.67,337.804,68.5847
153176,116865,85898.7,80447.6,59557,88523.8,24099.2,364.072,68.778
120670,87424,90458.3,90601.8,77636,76481,1384.25,385.798,68.8963
31660.7,30953,67034.3,8565.62,9021,62227.7,7007.29,360.915,69.8519
107608,76027,92759.5,45523.5,32031,93141.8,9221.05,329.992,71.864
141127,91851,100695,96376.9,72735,86837.9,5701.01,332.049,72.7554
148224,121139,80188.8,60843.5,50487,78979.5,1586.22,414.623,74.1413
102950,87862,76789.8,83376.2,76034,71864.4,1288.61,423.881,76.0238
91127.8,84071,71037,36231.9,36131,65719.1,8683.24,426.459,76.3621
125867,93679,88054.4,73789.5,62187,77763.4,5513.9,356.212,76.3651
80966.6,71030,74704,45994.7,43090,69953.8,4160.95,349.387,76.398
95201.4,87299,71468.4,37011.4,37111,65360.1,6988.57,333.931,76.4001
56754.9,52131,71348.9,18574.7,18311,66479.8,3514.57,366.948,76.4124
82752.6,67254,80638.7,62659.5,58306,70429.3,7687.01,341.325,76.4171
50927.6,48856,68314.9,15942.4,16428,63598.9,7300.4,431.66,76.4479
75074.7,67435,72960.6,37563.5,36431,67573.3,5930.88,416.85,76.4525
78698.9,71797,71836.1,38809.5,38017,66902.1,1809.05,388.429,76.6654
39529.5,37978,68213.3,8759.59,9022,63629.9,4866.07,396.774,76.6715
108386,88541,80224.4,36478.3,27465,87043.1,12140,341.458,76.7337
126188,87626,94376.4,74546.4,61022,80060.8,11039.7,400.413,76.8895
89934.6,82038,71844.2,43043.5,42914,65733.8,11302,358.185,76.9214
109757,92595,77683,30088,26007,75819.8,10622.1,392.776,76.9244
77600.8,70336,72305,42297.4,41676,66513.1,2057.48,413.213,76.9805
61259.8,56895,70563.7,39135.5,40027,64076.4,5910.07,364.868,76.9866
140055,99251,92478.9,86073.9,71079,79361.5,18725.5,336.739,76.9944
76161.5,69448,71871.3,32490.6,32556,65404.3,26983.2,315.568,77.0699
110169,81923,88131.7,78155.6,70135,73030.7,3465.96,351.99,77.33
148460,97358,99935.2,62598.8,45658,89852.2,14907.7,358.054,77.3892
84802.7,76850,72317.9,23770.3,23542,66171.4,1436.84,366.752,77.5187
129822,102384,83099.2,38584.6,27828,90868.1,23342.9,318.729,77.5727
69207.5,62196,72924,36297.4,35760,66520.8,3595.96,428.877,77.5958
83429,75172,72734.6,37199.4,36640,66536.6,1917.17,403.335,77.8061
98754.4,81513,79398,53160.9,44349,78557.6,5016.58,449.644,77.9222
93884.7,87342,70445.2,59573.8,59098,66063.6,7594.93,380.405,77.9567
100686,90822,72653.6,36516.3,34834,68701.1,9162.61,341.043,77.9567
107375,95026,74052.5,49627.8,48070,67659.8,4684.85,425.932,77.9639
113475,97718,76103.4,58850.3,54514,70749,6267.28,346.557,77.9644
101297,77313,85866.2,29157.4,22293,85715.6,5468.25,393.251,78.0687
89101.4,64114,91077.6,36408.1,22950,103967,5703.06,360.047,78.278
106285,79649,87452.4,49565.9,36757,88373.6,2082.63,399.191,78.6496
87525.4,63199,90762,41673.8,28667,95271,1998.73,348.264,78.8584
81756,70924,75545.2,22832.5,19208,77902.6,9533.63,363.721,78.8835
110304,95478,75712.2,33421.2,28690,76343.3,7131.02,363.807,78.974
71813.4,67366,69862.5,32598.9,32786,65161.9,2592.62,341.749,79.0008
92042.6,76319,79038.1,70689.6,66939,69208,6250.62,346.572,79.1863
154240,112426,89910.5,72075.9,60574,77980.1,5402.8,393.308,79.265
88958.9,81208,71791.1,33380.7,32732,66834.8,8206.54,384.873,79.3868
121688,102818,77563.9,59699.9,54038,72402.6,26558.2,327.937,79.5415
96002.3,86727,72544.9,51008.2,51027,65511.8,5120.08,349.554,79.6608
120788,100079,79097,94220.6,89419,69055.2,5361.67,348.344,79.8413
114002,85639,87241,75894.6,66099,75248.2,8993.26,373.19,80.0608
70467.2,64758,71313.8,28191.1,27298,67680.1,2053.49,346.217,80.1389
122785,101744,79088.8,49707.5,44676,72916.8,3272.92,374.158,80.2972
108906,89391,79843.3,44412,36875,78931.1,4975.07,335.68,80.2972
100442,85479,77007.7,32468,27347,77808.2,13227.3,375.513,80.342
54512.9,52021,68675.3,20896.4,21457,63823.8,5873.08,372.9,80.416
144662,104295,90901.6,52216,34611,98871.1,11406.4,385.095,80.4607
66547.5,62653,69609.7,12592.6,12521,65910.7,8624.11,394.511,80.4643
60527.3,55410,71588.5,30001.1,29974,65595.2,17119.9,359.133,80.5347
96638.8,86829,72940.1,38325.1,37049,67793.4,7981.52,394.069,80.5548
106341,93191,74783.7,51323.5,49027,68605.8,17358,350.926,80.6591
95354.4,86008,72657.7,23927.3,22908,68452.1,5318.96,337.381,80.6612
78671.4,63974,80592.3,37613.5,31122,79205.7,24249.7,318.941,80.673
49794.3,45942,71031.2,18292.7,18066,66358.3,5368.66,361.338,80.7183
116086,102017,74574.1,65439.3,61669,69542.7,10007.4,347.309,80.7316
72077.4,64465,73274.9,32745.2,32165,66718.2,6788.52,345.105,80.7316
63204.4,53838,76937.6,48969.7,37770,84969,23710.5,333.41,80.7959
77378.4,71645,70780.6,31189.9,31097,65731.8,2427.95,379.892,80.8499
79962.4,72726,72057,52657.5,52274,66016.8,3178.97,369.239,80.9187
121975,84134,95012.4,65776.1,51362,83927.8,6168.6,338.643,81.1393
97185.9,80174,79441.9,52082.7,49146,69452.1,10049.9,380.273,81.3367
77136.2,71194,71006,13554.1,12974,68466.3,6126.15,407.68,81.368
69264.5,63991,70936.8,14677.5,14627,65762.1,6300.3,372.529,81.4174
64929.6,59227,71846.1,34155.4,33855,66117.5,10388.4,331.979,81.4205
58721.4,54435,70696.5,21279.6,21127,66009.3,11966.7,402.608,81.423
36667.1,34401,69853.2,5532.31,5157,70305.5,8687.66,353.456,81.4672
90688.9,82434,72098.8,30421.2,29766,66978.5,2461.51,359.862,81.4693
65687.8,62379,69012.2,30962.6,31311,64806.8,5577.52,411.156,81.4786
117683,90606,85121.1,60932.8,52634,75869,3443.16,368.01,81.4786
78792,70316,73435.9,34092.3,31080,71887.8,18623,348.828,81.5166
92243.1,84078,71900.4,44024.1,43242,66721.3,2941.79,400.445,81.5973
81817.8,74001,72458.6,22790.9,21413,69753.1,10777.4,341.641,81.604
70511.9,64696,71427.4,43540.9,41340,69025.1,12603.6,385.055,81.604
131784,106022,81460.4,73737.2,64402,75035.5,2591.86,406.749,81.7366
83277,76563,71283,41797.6,42119,65035.9,2164.06,355.121,81.7639
67335,61231,72069.2,26495.4,26091,66551.7,6363.74,340.474,81.8184
104480,76958,88973.3,47465.5,34282,90738.6,13973.3,382.866,81.8749
113523,98710,75370.8,40701.6,36722,72638.2,9488.1,390.76,81.878
79037.1,73447,70524,16714.7,16787,65253.9,4732.77,397.89,81.9201
67587.8,58354,75906.2,48688.9,46710,68312.4,5777.1,337.983,81.9484
76338.2,65471,76414,52150.6,48843,69974,7784.31,365.24,81.9546
85857.2,73467,76588.6,75908.9,72847,68290.6,15019.3,380.957,82.0456
22584.3,22522,65717.4,10810,11630,60915,2950.65,355.438,82.0487
97715.1,68889,92959.1,58197,46861,81389.5,3068.89,420.335,82.0548
74721.3,68446,71544.5,32316.8,31690,66832.3,20695.1,321.028,82.2003
131025,96408,89067.8,82656.2,68460,79125.9,22754.4,373.24,82.7283
105278,77618,88890.5,46262.4,36134,83905.9,9067.51,333.126,82.865
145940,96551,99059.8,65615.4,47987,89611.2,4117.62,391.424,82.9149
115046,72559,103911,60831.6,44523,89541.6,13070.7,333.649,83.3066
120370,83762,94178.2,77767.7,61942,82279.9,25062.2,341.236,83.8643
109425,87263,82179.9,40535,30699,86533.8,4040.92,335.491,84.1532
79800.9,72863,71776.3,48091.5,47307,66622.8,1281.96,381.887,84.856
71061.9,62779,74182.6,33060.6,31199,69446.4,11686.9,415.851,85.1814
39271.1,38907,66149.3,3152.31,3375,61211.8,12560.7,386.092,87.3677
92094.9,82030,73577.1,46570.7,43226,70606.9,5084.19,366.585,87.8514
157543,103490,99765.7,94533.6,69046,89727.9,10284.8,442.069,89.882
122315,106694,75131.3,32332.3,30274,69991.7,1392.36,404.791,90.0979
78567.9,70270,73274.8,19004.3,14986,83108.6,1636.24,411.579,90.3884
78681.9,69947,73720,36340.2,34911,68219,1425.01,360.763,90.6598
109740,97598,73689.4,43280.3,42794,66280.7,9325.76,330.901,90.6634
86307.5,59462,95123.8,33802,28210,78526.9,1716.8,339.509,93.6229
103135,93774,72078,56633.3,56074,66189.7,20422.5,330.265,93.9827
74885.6,64368,76244.5,51578.2,48884,69147.9,1678.96,421.542,95.5501
72298.8,63627,74468,49285,48479,66625.6,1632.83,397.582,96.0878
128385,113215,74317.3,91779.9,85531,70324.1,1740.59,340.488,96.4261
83006.3,75620,71937.3,31018.5,30064,67616.8,2505.63,351.824,97.5169
50368.1,46694,70692.6,19957.5,19778,66130.8,10151.4,347.184,97.5323
90079.9,75327,78371.4,39873.3,34955,74757.2,22130.2,326.782,97.5323
75601.9,69814,70969.3,34304.1,34178,65777.9,1601.67,416.609,97.5437
154292,99626,101497,84154.4,57694,95593,24712,372.54,97.7832
59278.1,51141,75963.5,44339.4,42465,68428.8,5288,338.408,97.9282
141053,92487,99949.8,98626,70995,91042.4,17339.3,326.942,98.031
148980,106413,91751.5,88294.4,69497,83262.1,11587.9,335.937,98.1461
124536,87574,93196.1,46937.2,35090,87662.4,11208.1,353.267,98.1713
71994.8,63914,73821.9,55902.6,55102,66488.2,5379.8,426.328,98.3348
27784.7,27458,66315.6,11722.7,12166,63148,10648.8,348.753,98.4633
103189,91207,74145.6,41657.1,39811,68575.1,12431.4,353.204,98.6443
70849.1,66234,70102.5,25731.4,25150,67050.9,13498.8,354.278,99.0088
19687.8,18202,70885.6,20845.2,18510,73804.1,1695.37,340.528,99.2241
80530.5,73087,72210.5,29526.3,28619,67613.6,6366.1,342.472,99.2385
129834,83022,102488,66393.7,48682,89379.6,15609.5,383.445,99.3444
110387,85974,84145.6,66359.2,61762,70414.1,13938.7,388.896,99.5166
88090.6,77643,74354.5,35864.2,33727,69688.9,3040.45,410.36,99.5465
120344,89933,87697.2,72805.4,65497,72848.7,3118.08,386.292,99.6724
103345,91258,74216,40238.7,39550,66677.1,1468.9,372.724,99.8318
98617.6,87463,73894.1,41303.7,38595,70135.5,7551.14,359.443,99.9001
86132.7,75578,74688.3,36126,35422,66838.6,1824.93,353.415,99.9464
92701,84251,72109,49964.5,49087,66707.6,5776.95,350.983,100.001
117798,102839,75069,49371.9,46515,69561.2,9727.66,358.552,100.006
64977.1,59938,71045.8,32443,30614,69451.3,4522.44,372.073,100.077
89923.2,81540,72273.8,33297.4,32768,66594.8,1869.64,397.376,100.29
76286.9,64706,77265.4,27760.3,22454,81023.4,17397.2,359.892,100.592
107712,95439,73963.6,55291,51643,70165.4,4647.7,345.964,100.596
110635,84262,86048.1,40009,26098,100469,15893,367.198,100.722
148571,103522,94054.6,99788.6,76310,85699.8,6264.89,347.56,100.819
58093.4,54584,69749.6,20164.6,20588,64188.1,2078.61,335.195,100.821
110618,67485,107423,42578.2,28825,96805,4087.21,448.451,101.03
57368.6,54795,68614.1,33527.1,34959,62851.6,15511.3,335.53,101.033
77174.2,67942,74441.3,25705.2,24354,69172,3287.33,363.145,101.179
139698,105786,86545.3,68195.3,49982,89417.2,5793.41,367.969,101.21
134295,104851,83939.6,90298.4,79895,74069.7,2897.8,397.484,101.246
139829,101375,90395.1,79035,60843,85131.3,20832.8,351.909,101.246
79138.8,69130,75024.4,33836.5,32718,67776.3,5546.24,338.184,101.25
83087,76480,71197.6,28901.5,28132,67328.7,1449.69,386.741,101.289
161076,113493,93012.8,91154,69585,85850,25609.5,347.761,101.37
71128.4,53764,86702.5,36084.4,27664,85483.9,4578.5,361.024,101.386
99257.9,83251,78136.8,40892,38247,70068.1,9037.38,365.152,101.386
97896.5,83229,77085.5,44689.3,41305,70905.6,14554.4,351.361,101.526
69604.6,61226,74504.4,19273.2,18254,69195.3,2810.18,359.56,101.526
151253,108921,91006.7,89241.7,71469,81833.3,7863.16,339.172,101.602
103971,87530,77845.7,53853.5,49774,70907.3,8971.99,360.209,101.787
84400.9,71139,77753.3,49388.6,47703,67851.7,11480.2,390.031,101.885
51477.6,48280,69876.5,24427.1,25596,62543.2,6322.13,337.51,101.886
84129.1,78080,70613.3,16257.8,16708,63770.1,2921.07,340.463,101.891
114333,78630,95293.9,47160.9,29106,106189,13761.8,351.049,102.009
153134,130087,77146.9,69656.7,66179,68979.9,7942.35,385.103,102.308
110982,84302,86276.8,38836.8,32426,78492.9,19766.6,346.835,102.309
121057,108026,73441.3,64296.9,63358,66507.2,11530.5,357.987,102.309
64622.8,57542,73600.5,24976.9,24898,65743.7,19972.8,322.656,102.409
68847.4,62581,72098.3,27436.6,26385,68148.1,10143,358.192,102.517
69205.6,62860,72151.7,40187.5,40360,65255.9,1435.62,368.753,102.559
68286,63846,70093.5,28921.8,29266,64765.1,8693.58,356.45,102.613
78141.3,63295,80907.9,44112.1,35483,81473.7,12487.1,370.156,102.722
84712.4,74887,74134.6,41828.5,40883,67051.7,4293.79,387.271,102.777
90387.8,83779,70705.7,27737.7,27383,66384.9,8536.76,333.587,102.897
75739.7,68468,72496.3,49665.8,49664,65538.4,2871.09,340.507,102.902
39109.6,37070,69141.8,13380.4,13498,64964.8,6300.69,338.528,103.055
83770,66495,82561.9,32140.7,23371,90127.7,23366.2,364.709,103.12
38217.6,36062,69453.3,18885.3,19114,64751.9,4134.67,357.409,103.191
67035.8,60143,73046.9,33433.1,32731,66941.7,16513.1,357.66,103.191
51400.7,45471,74082.3,16900.4,15739,70371.9,5235.63,339.453,103.229
30918.7,30281,66916.1,11263.4,11469,64360.9,2234.45,340.06,103.258
95999.4,78554,80090.3,31213.7,24702,82812,4286.19,426.278,103.264
117212,73607,104360,69686.4,52435,87097.7,2143.4,392.139,103.274
80600.9,73055,72305.2,39321.2,38107,67624.1,4049.96,376.483,103.334
124263,108479,75071.6,54991.1,51739,69655.3,4656.76,384.956,103.434
44623.4,42579,68682.7,17547.7,17703,64961.2,9353.82,373.877,103.469
91258.9,79765,74979.5,29904.7,28593,68542.5,2848.21,363.527,103.469
41824.7,40132,68300.2,14904.8,15568,62743.9,4578.27,381.024,103.515
68532,62005,72434.7,31906.3,31153,67120.7,1530.15,426.671,103.521
128046,103115,81381.1,52530.2,46959,73311.1,7005.13,341.917,103.535
78556.4,70476,73050,35366.8,35016,66192.6,6844.38,351.056,103.699
97299.9,89722,71071.2,45456.8,44366,67147.3,10105.9,376.224,103.745
129296,114541,73978.2,53235.8,50569,68992.1,7673.82,350.336,103.85
94642.8,80068,77465.5,39128.4,32640,78563.7,23965,340.189,103.858
84195.6,74727,73840.1,36425.9,35059,68091.2,2485.02,384.842,103.893
83418.5,74451,73429.7,32384.7,30663,69215.7,10389.3,357.978,103.896
126077,95741,86301.6,84188.9,75577,73003.8,11528,368.989,104
54822.6,51970,69133.2,17493,17542,65352.9,11847,360.712,104.122
120979,90998,87127.8,103785,90370,75264.3,5080.86,345.588,104.125
89589.8,81619,71936.1,44065.7,41511,69569.3,6394.73,336.447,104.185
122774,73159,109981,39220,23363,110017,2338.92,360.969,104.187
81780.8,73644,72776.9,38227.6,37704,66446,4300.99,382.265,104.188
63421.1,58734,70765.9,18556.9,18378,66173.8,4441.01,416.143,104.216
97130.9,88311,72081.3,50270.4,49923,65992,14583.1,438.336,104.358
137006,121057,74170.3,48055.8,45013,69966.1,15177.1,323.82,104.368
69424.1,63878,71226.1,65490.5,66562,64481,10173.9,356.165,104.368
122091,102295,78218.5,74048.9,67187,72229.3,3182.9,338.236,104.368
40372.1,38746,68286.5,13160.2,13086,65907.7,7940.56,334.104,104.414
137366,100850,89265.6,85288.5,59910,93297.7,16124.7,395.997,104.42
41568.2,40013,68083.2,18245.1,19017,62875.8,5843.81,331.925,104.473
99911.5,76982,85056.3,84417.4,73474,75297.1,15528,338.515,104.476
133170,84068,103814,59655.9,40784,95861.3,33585.2,322.834,104.76
136592,109723,81584.4,58559.9,49343,77777.6,17197.3,357.066,104.826
88772.8,69712,83454.9,33518.7,29124,75425.2,3801.73,335.699,104.994
117316,92330,83270.8,38398.9,30382,82829,9451.5,365.792,105.325
116867,101899,75162.7,40927.7,38319,69997.5,1613.08,355.599,106.118
100648,84065,78463.7,59273.9,50389,77091.7,15074.5,340.909,106.204
158355,123954,83724,62960.5,51782,79683.7,7256.95,381.698,107.141
75049,68403,71903.5,26557.2,26791,64964.2,6391.22,331.45,107.623
72438.4,65487,72492.6,30337.9,28395,70020.1,6026.89,347.766,108.747
104339,86752,78821.6,57772.1,53764,70421.7,20447.3,346.243,112.496
142626,87994,106225,59265.6,34414,112862,20583.3,320.125,112.788
83353,76398,71502.2,37487.4,36938,66510.7,1734.45,356.494,114.576
109183,89085,80320.9,105791,89033,77871.4,11565.4,425.957,115.239
85111.4,76122,73275.3,48154.5,46702,67574.3,1929.33,381.325,118.786
112880,67157,110155,32309.7,17985,117734,17015.3,348.224,120.043
141063,112756,81988.4,70713.4,61216,75703.6,6567.3,437.297,120.299
104243,86212,79242.3,72114,66112,71485.7,17863.9,341.487,120.53
36657.6,35283,68089.3,17803.6,18583,62787.3,4099.02,353.44,120.537
82750.7,50173,108089,37051.8,23289,104265,7169.2,354.774,121.262
100463,70966,92776.4,66507.9,52450,83101.3,31103,309.99,121.37
133789,101903,86042.9,78551.9,67467,76303.6,11380.8,336.117,121.41
119376,108732,71951.5,70091,67304,68249.8,12560.2,327.093,121.851
139991,89991,101949,64368.3,43779,96357.6,34882.5,407.708,121.878
84645.9,75624,73354.4,40331.5,39532,66861.4,3295.9,445.138,122.145
150462,98611,99995.7,105251,67655,101954,8141.97,410.929,122.492
139567,100523,90991,48734.1,32815,97328.5,12238.9,333.372,122.631
134175,89245,98529.9,69273.5,50905,89183.9,1349.58,399.828,122.674
137608,89018,101309,51825.7,37982,89422.6,10167.1,332.171,122.869
120332,102258,77119.3,43969.3,39398,73140.1,14372.2,360.519,122.904
115360,100334,75350.9,55612.3,51482,70793.8,5992.36,348.796,122.908
154730,102776,98665.1,66137.8,43308,100083,2558.97,369.778,123.033
112274,83549,88067.8,41191.9,24889,108464,1359.83,336.819,123.033
115608,88914,85211.7,38891.6,28214,90338.1,26672.4,327.838,123.196
153218,112127,89552.8,57772.1,39515,95815.6,1256.23,445.909,123.554
131609,102024,84540.3,79757.4,70252,74403.3,5593.47,370.143,123.585
70427.3,63911,72218,22191.1,21539,67520.2,3508.63,365.953,123.709
95301.1,77819,80258.8,52587.3,44319,77762.6,1513.3,340.686,123.711
64570.6,58151,72770.8,27191.5,27091,65779.1,28659.8,427.112,123.754
123716,102129,79388.1,68557.1,61205,73408.4,3938.49,445.58,123.76
104606,85011,80642.3,95495.1,87127,71830.4,13645.2,356.15,123.765
134451,88866,99153.3,82935.9,66102,82225.7,8134.71,421.936,123.817
74094.3,67316,72135.1,67429,66192,66760.7,12017.4,341.564,123.998
120429,84846,93020.4,68753.4,50282,89611.1,9636.29,336.632,124.169
119937,97707,80446.2,74363.1,63935,76225.2,4164.26,371.384,124.255
104365,89255,76630.7,88951.3,74083,78689,16688.7,398.507,124.337
126178,108776,76020.5,53758.3,51564,68324.8,14663,428.267,124.451
139307,117251,77864,42190.3,37559,73617,11748.6,329.797,124.521
53790.9,49722,70899,23128.8,23070,65703.2,5244.69,379.445,124.577
85589.3,72951,76889.7,41421.5,38739,70074.1,1235.06,423.927,124.607
33287.1,32967,66172.2,14339.5,14643,64177.7,9733.85,337.547,124.649
81054,69548,76378.3,48446.1,43880,72355.6,19676.6,410.913,124.768
112505,82813,89033.2,74541.6,64361,75902.5,26649.8,330.857,124.769
76927.2,67859,74293.8,37607.6,36295,67906,13801.1,349.015,124.807
156553,97950,104746,59162,40346,96099.8,1507.36,339.691,124.841
105748,95059,72905.5,42568.7,41127,67833.3,3121.5,399.289,124.864
93204.5,81716,74749.8,45675.8,44240,67662.9,14526.7,378.385,124.896
97376.9,83098,76797.2,44667.8,40206,72808.8,5919.88,339.859,124.896
46958.5,44262,69528.5,17360.9,17650,64462.6,18019.8,337.351,125.011
76309.7,66125,75630,30364,27353,72750.3,13735.5,368.072,125.014
106047,84241,82499.9,57997,53253,71374.3,8084.25,359.98,125.023
112523,97440,75680.3,59178.7,54372,71329.6,12200.3,370.405,125.088
91252.3,70642,84656.5,43977.6,29462,97825,19087.4,323.424,125.174
96710.9,91250,69458.1,37934.8,38182,65111.7,9987.43,328.327,125.174
88913.4,78536,74195.6,19931.3,18396,71005.6,1980.31,397.28,125.177
83471.8,66180,82659.5,57406.8,51264,73389,17500.6,367.802,125.286
92894.8,80151,75956.1,33530.6,29523,74432.3,16719.7,397.481,125.328
138273,121271,74724.3,70281.4,65411,70415.7,10095.4,352.233,125.331
161980,118530,89559.6,88768.1,71398,81479.9,3612.75,417.863,125.362
100268,88218,74487.6,44199,42446,68242.6,2070,359.202,125.442
118338,88927,87210.6,52543.3,39835,86443.5,13388.4,336.373,125.487
66628.3,60273,72446.2,36315.2,36725,64804.8,3178.83,381.24,125.635
93257.7,84673,72180.5,57117.6,55957,66895.3,6000.67,350.789,125.64
103632,91406,74301.5,26303.8,24282,70992.6,20866.2,347.88,125.664
105628,87339,79259.1,40620.7,33791,78781.8,10156.5,419.18,125.729
115160,89886,83963.3,63279.4,53178,77984.9,4410.88,346.17,125.736
94777.7,76139,81579.1,48736.5,37391,85421.4,6300.47,357.529,125.859
135883,89014,100043,77003.7,58130,86814.3,8784.36,429.372,125.902
70015.9,63923,71782.7,29515.6,29175,66301,9162.73,331.043,125.904
69749,64905,70427.1,37335.1,38029,64340.1,6154.17,351.656,125.956
101756,79336,84056.5,68313.1,57180,78296.1,22507.5,318.454,126.026
59707.5,55867,70041.2,21095.1,20975,65911.4,10390.5,360.977,126.053
99697.8,90050,72557.4,39180.8,38022,67533.3,7211.49,402.737,126.053
135120,107355,82485.7,81079.5,72607,73183.3,2342.72,340.966,126.089
74904.6,70318,69810.7,15855.6,15546,66841,5370.18,332.336,126.241
111008,88211,82472.6,35484.6,26647,87271.4,3000.27,386.395,126.303
55227.3,51843,69814.2,24481.9,24615,65181.6,2264.14,345.034,126.32
115810,83552,90838.1,64506.3,46500,90913.7,12423.3,331.212,126.344
93621.5,81314,75455.4,36151,32374,73182,12561.2,348.092,126.349
65721.9,60396,71315.2,24396.2,23624,67678.2,9620.46,367.646,126.349
133264,89739,97322.2,66460.3,43439,100268,1228.21,398.933,126.352
87894,79594,72370,31681.4,30926,67136.7,4775.18,332.853,126.432
92936.6,78499,77589.4,58733.6,55591,69240.9,11913.7,356.654,126.432
97817.7,83140,77105.9,62782,54512,75478.5,17974.7,329.391,126.438
66593.1,61288,71208.8,23971.4,23756,66130.1,6246.81,367.575,126.438
128682,85458,98683.8,89038.2,65030,89731,21361.9,392.449,126.501
71872.3,66809,70502.8,30806.7,30589,66002.5,9637.52,332.631,126.507
20140,15458,85385.9,19956.3,13718,95338.7,18671,419.786,126.604
63531.3,59456,70028,31773,32436,64196.4,2124.99,338.155,126.647
65297.3,60383,70869.7,32816.6,32923,65324.3,10662.1,332.741,127.037
134881,113506,77877.5,38377.5,33254,75633.3,13746.3,354.063,127.495
77519,67077,75738.2,23072.9,21953,68879.3,3073.18,358.331,127.659
105843,77714,89257.4,41208.5,26566,101658,2315.28,346.989,127.677
122106,102664,77947.1,35385.8,31420,73808,1292.09,431.878,127.705
135349,99429,89212,80515.4,60801,86785.7,9665.91,347.606,127.946
145696,112651,84760.2,28687.3,20127,93409.5,9713.71,330.565,127.98
137318,112152,80241.6,60110.5,52876,74502.6,10080,349.246,128.331
114610,99830,75238.6,58834.8,55186,69869.1,13130.1,338.598,128.593
93232,82082,74438.4,50414.4,49846,66283.3,10769.8,388.647,129.183
87355.4,78906,72553.7,22884.9,22062,67980.4,4102.59,353.437,129.497
131471,109977,78344.1,63285.4,55517,74706.3,19025.4,332.478,129.553
21651.4,19703,72016.9,20115.8,18067,72967.6,2133.26,343.147,131.081
107628,65142,108279,41727.4,24306,112509,7341.91,341.624,134.174
73342.9,66084,72734.7,33734.1,34336,64387.2,9458.89,343.786,134.67
140307,98111,93722.3,91524.1,56843,105521,1367.77,370.812,135.671
150053,121123,81189.4,60637.6,51623,76980.2,4640.45,354.97,138.069
85139,74834,74560.6,34076.8,32502,68711.5,1965.72,424.293,138.251
121607,103760,76808.2,22070.9,17908,80770.6,19746.7,321.852,138.914
117986,105486,73302.1,60898.3,57370,69566.5,1237.72,399.925,149.714
22645.2,17374,85419.2,25380.3,21530,77256.1,15710.9,366.357,150.085
90776.3,72265,82323.6,38094.3,27245,91633.2,9118.5,348.081,150.622
71820.9,64895,72530.4,26372.8,25915,66693.7,5811.58,340.953,150.625
97644.8,81869,78164.5,33647.3,29177,75576.9,2642.78,428.705,150.628
120876,93761,84488.6,63054.5,49893,82824.1,12780.8,393.901,150.659
29523.2,28798,67186.2,14045.6,14794,62220.5,3810.02,338.691,151.344
24723.8,23533,68852.1,9752.05,9641,66290.9,1631.61,399.583,151.519
101350,89274,74400.8,73626.5,69614,69313.4,18232.4,372.167,151.932
112161,73135,100507,40136.3,31067,84667.8,3586.07,358.886,152.097
143082,106232,88269.5,111466,97836,74666.2,29606.5,366.29,152.517
109027,96832,73789.4,32621.5,31684,67475.1,6663.29,369.214,152.783
17744.1,17143,67834,21608,19011,74488.6,4118.2,341.424,152.901
116221,97755,77915.9,74153.7,62015,78363.9,6507.73,340.349,153.496
122064,93999,85102.6,80315.5,68763,76546.3,17387.4,382.901,153.519
112948,81834,90453.6,63609.1,50942,81832,13418.2,332.348,153.605
159233,99575,104801,76567,58419,85894.9,22871.8,408.138,153.677
156314,124798,82086.2,121906,107418,74375.2,19436.5,387.121,153.68
146306,120991,79248,74906.9,68411,71758.9,2558.96,370.778,153.999
109980,87481,82390.7,71106.1,65677,70953.4,13076.3,358.644,154.088
66278.6,60574,71708,29706,28746,67724.6,8021.91,400.034,154.091
82805.8,69678,77883.4,20969,15930,86266.4,16196.3,376.935,154.094
120430,88551,89129.1,57524.6,46195,81609.1,6018.54,348.773,154.097
114095,82344,90806,29256.2,19980,95962.5,18649.5,325.805,154.128
83359.6,64238,85044,35444.2,30522,76104.7,20967.3,347.792,154.134
35553.8,33915,68702.7,10212.6,10063,66510.2,5623.79,423.116,154.153
87248,79996,71477.1,63624.5,62696,66506.6,1232.95,400.929,154.342
98767.7,88672,72997.6,37605.2,35236,69942.5,4568.02,444.033,154.392
158955,114932,90638.6,113808,92320,80789.9,1898.1,406.352,154.394
57462.6,51711,72825.4,13199.5,12971,66690.4,5446.33,333.27,154.4
82821,68023,79793,19184,15011,83754.7,6012.67,444.779,154.609
74107.6,65986,73602.2,43668.2,42326,67614.3,11398.1,386.102,154.671
100807,77864,84846.8,47294.2,42332,73218.2,2289.92,379.011,154.737
74212.1,65697,74030.2,20538.2,18069,74491.8,3219.61,353.204,154.794
88226.5,79316,72898.4,35968.9,34352,68620.8,6889.51,359.017,154.849
104704,79373,86451.3,40906.3,30441,88066.5,12978.6,372.729,154.849
69777.5,64187,71244,26347.8,25631,67368.8,10880.9,345.551,154.849
71872.3,66660,70660.4,19418.4,18832,67576.8,8125.94,356.943,154.884
84604.1,72351,76635,31733.7,26443,78648.5,19605.5,391.974,154.887
45305.5,43156,68800.2,16462.5,16384,65849.8,1270.43,349.897,154.935
105805,79474,87249.4,67458.7,53606,82471.6,14593.4,377.327,154.939
80688.3,68505,77191.2,28176.8,23821,77519.7,10665.7,327.738,155.005
88614.1,78270,74197.2,15024.9,13898,70850.1,2617.59,342.727,155.068
85469.6,67001,83600.8,38200.2,28845,86791,6120.33,396.685,155.147
123397,99233,81494.8,65093,54149,78781.4,2895.73,370.485,155.241
108346,80311,88413,51849.5,40243,84437.3,8519.13,417.602,155.248
43852,41366,69474.6,20722.7,21186,64102.7,5064.34,333.602,155.248
66110.5,60546,71559.1,24534.2,24294,66184,2446.05,358.876,155.291
59565,54963,71023.3,22898,22759,65936.2,3854.09,335.653,155.293
128345,83043,101288,73498,50999,94448.2,10954.7,345.487,155.4
68703,62251,72328.5,22956.3,22703,66267.2,18338.9,328.074,155.422
81212.6,73251,72659.1,31532.6,31623,65348.7,16619.2,333.568,155.425
89143.3,77959,74938,29700,26563,73275.6,7578.36,372.419,155.473
125456,100940,81453.2,84369.8,74904,73818,3908.84,334.606,155.521
58375.6,54422,70297,37696.8,38050,64927.7,3391.32,426.055,155.603
39590.3,38481,67425.2,15636.6,16229,63143.8,16367,327.787,155.675
49385.8,46942,68947.7,19749.2,19850,65203.3,4464.56,335.123,155.853
45874.6,43354,69346.2,17211,17230,65463.6,6092.34,347.709,155.856
154554,106491,95114.4,93695.8,70879,86632.9,8442.66,341.668,155.876
72652.2,65648,72528.3,22745.7,22500,66251.5,19201.4,343.325,155.905
96049.8,69478,90600.1,36874.5,26962,89630.2,21030.4,349.737,155.939
84296.4,73407,75257.8,29665.5,25563,76053.6,13825.9,370.994,155.939
51268.6,48795,68858.3,19569.6,19743,64960.2,11561.5,356.96,155.992
63434.3,57982,71698.7,28945.6,28618,66286.1,11630.2,385.9,156.051
91332,83526,71660.8,23500.1,21826,70562.8,8823.19,364.338,156.113
133655,104220,84045.1,90897,82296,72385.3,7024.96,376.899,156.126
133244,99224,88005.8,69970.8,55916,82008.9,7892.98,435.146,156.148
106209,79981,87027.1,42497.3,37065,75141,21349.6,323.46,156.34
96867.7,87044,72932.3,47075.2,46272,66673.6,1400.24,341.784,156.427
102325,80905,82887.3,122328,108173,74112,1409.63,352.776,156.641
81886.2,76700,69967.3,50525,50552,65501,2840.2,336.534,156.848
119454,80346,97435.3,72224.7,47214,100252,7264.36,358.692,156.945
137916,88857,101719,89927.1,64941,90751,30760.7,379.287,156.972
42500.1,41403,67272.7,9656.85,10127,62493.5,13990.5,440.851,157.05
99772.8,80555,81170.8,50629.7,39375,84268.5,11828.4,327.728,157.1
58567.5,54258,70741.3,21402.2,21174,66242.2,18349.5,333.065,157.135
115007,78430,96099.7,44822.5,27338,107451,26171.1,356.273,157.135
164670,103753,104015,110766,84781,85622.8,14439.8,381.46,157.56
76691.6,71342,70450.2,32725,33050,64891.6,6065.01,343.733,157.688
70886.1,64489,72037,48724.6,37565,85005,5119.96,360.554,157.707
100328,82854,79357.3,53582.1,45826,76628.1,10484.7,344.895,157.752
86369.3,64087,88322.1,49941.9,42515,76984.4,9618.23,354.647,157.829
76831.3,69541,72406.4,23088.4,22033,68675.2,8446.81,393.665,157.846
112563,82351,89578.8,110828,95547,76017.5,2504.21,371.825,157.846
121416,96773,82224.4,56534.5,52241,70922.2,8219.57,389.862,157.849
69624.5,63758,71566.1,24690.1,24074,67213.2,5327.34,332.374,158.063
149749,105144,93338.5,73840.7,58172,83188.2,12545.1,400.106,158.489
101346,90334,73525,50200.2,49066,67050.9,1284.4,376.885,158.492
84150,76020,72544.8,90594.7,86944,68287.8,8842.58,437.321,158.492
82952.1,77129,70483.9,28444.6,28685,64986.7,10866.6,348.563,158.643
106867,84400,82981.8,35821.4,27124,86550.3,14069.8,374.782,158.844
85919.9,77368,72780,28733.7,27628,68158.9,14705.8,324.229,159.046
82004,75253,71415.3,25272,23793,69609.9,5709.28,337.042,159.046
93065.8,86539,70478.7,35525.1,35583,65429.3,2822.61,416.549,159.049
82766.9,74829,72488,28789.7,28601,65968.3,8739.89,364.41,159.052
69527.6,62989,72339,47536.9,47625,65414.8,1641.87,336.574,159.052
94317.9,85047,72680,30007,28979,67860.9,1846.56,335.396,159.517
140733,98804,93347.2,57590.1,42000,89862.4,33136.8,401.224,159.9
123944,106507,76265.1,54410.4,51871,68744.3,5375.47,389.332,160.042
129291,111715,75846.8,99422.1,95239,68414.5,1459.75,340.732,160.48
141985,104222,89281.9,48679.3,36410,87620.1,30596.2,398.43,164.701
138067,101872,88821.1,47429.8,33620,92455.7,1630.18,420.584,164.783
86924,78146,72897.6,24360.5,23558,67768.5,9049.49,347.141,167.51
46639.3,44454,68757.7,19742.1,20194,64069.4,5807.26,404.957,167.888
41908.3,33624,81682.8,37432.6,29388,83475.8,1523.07,421.677,171.863
76394.3,66514,75271,16238.7,14086,75551.8,6304.46,424.525,172.085
62439.7,53926,75882.7,35942.8,33698,69901.6,5560.51,441.171,172.086
90232.9,71999,82133.1,78002.1,72683,70332.1,7923.92,333.119,173.055
81232.6,74024,71918,24639,24940,64744.9,9509.94,354.742,173.157
83966.7,73682,74683.7,34545.7,30198,74971.4,1253.86,444.911,173.4
95733.4,78227,80202.3,42533,38999,71474.7,11357.9,363.137,173.828
163994,110425,97328.5,60479.4,38813,102120,21992.5,404.902,174.537
126177,102911,80352.4,55524.2,42347,85929,19513.4,326.054,174.54
89571.7,81833,71733.5,17127.7,16269,68995,9129.22,347.072,174.694
99578,84047,77646.4,37367.2,30331,80739.1,9729.2,328.551,175.352
143036,120031,78096.4,108977,96267,74188.4,14179.9,425.686,175.404
81537.5,72894,73307.1,34943.2,34282,66799.9,4574.76,376.027,175.651
115972,102959,73819.2,36092.7,34923,67731,8549.46,367.576,175.92
133344,115603,75593.4,85370.6,79383,70479.2,3286.68,419.146,176.108
127564,104496,80003.5,73325.4,65460,73410.6,4014.62,345.514,176.157
92302,62619,96601.7,52448.1,40319,85251,6634.53,386.239,176.185
88188.5,78881,73268.9,45253.3,44773,66239.1,19807.3,325.799,176.192
72491.6,67340,70549.6,24392.6,23752,67303.6,3445.48,373.008,176.195
84651.6,73737,75236.7,44358.4,43261,67198.5,3763.55,343.732,176.289
136946,100061,89694.4,71127.5,56649,82285.9,6133.15,419.674,176.296
95920.5,70464,89212.2,41784.5,27460,99722.8,31843,327.347,176.484
151383,98534,100686,95111.9,72914,85487.8,15635.2,326.422,176.512
155236,108505,93760.9,112009,87869,83540.3,5152.4,333.526,176.542
138213,95377,94969.5,113601,90853,81945.1,1292.8,370.877,176.567
75317.9,69214,71315.5,36854.3,36874,65501,8878.21,340.29,176.658
74396.4,66378,73452.7,28654,27726,67729.5,1659.41,362.559,176.737
110456,95402,75877,23440.6,20878,73580.1,12072.1,342.516,176.769
161251,120039,88036,114045,97459,76689.1,8132.11,337.938,176.8
60509.3,55883,70961.4,33422.3,33391,65597.5,18764.4,369.705,176.8
56829.9,53515,69595.6,22517.2,22655,65137.3,13036.7,387.679,176.86
129710,102147,83220.1,104453,90983,75238.9,19873.8,338.741,176.945
81464.4,74255,71898.9,35592.9,35019,66610,1892.74,355.356,176.946
57277.4,53900,69642.5,22887.3,22424,66890,3713.62,339.775,176.946
110981,78854,92236.8,53237,40130,86941,12929,341.772,176.948
69285.4,62149,73061.3,53197.8,51441,67774.1,7778.77,330.245,177.011
86008.3,73605,76579.5,47229.9,44209,70014.3,4448.71,368.137,177.036
148766,103223,94451.3,38127.6,26643,93785.6,11743.7,340.802,177.095
89209.8,82740,70660.5,27611.6,27968,64700.8,3457.82,334.997,177.158
67681.8,59707,74289.4,29784.5,28063,69556.3,9069.89,333.124,177.161
93882.8,85260,72164,38844,38328,66418.3,8464,348.65,177.193
73340.9,67792,70900.3,33053.4,33316,65019.5,1932.78,391.322,177.252
96814.5,74512,85151.9,45042.7,38068,77543.3,4570.31,349.031,177.273
79411.4,72247,72035,35710.7,36595,63952.4,2953.05,353.436,177.29
60600.5,56204,70662.5,14654.9,14712,65281.4,7456.24,333.525,177.293
99114.4,85103,76325.9,59901,49355,79539.5,16484.8,332.685,177.314
112036,96318,76231,52975.2,48010,72313.8,13587,342.201,177.318
45261.8,43516,68165.2,11065.8,11352,63883.8,6715.17,410.169,177.357
60969.1,57018,70077.4,20628.7,20734,65203,5785.99,391.975,177.36
163777,107818,99550.2,105379,83822,82390.5,13214.3,365.525,177.442
87339.2,78859,72583.5,48993.5,48591,66078.9,2022.5,351.244,177.671
140123,92110,99697.2,44005,23930,120515,19420.4,343.135,177.671
122588,82534,97340.8,54553.2,33522,106652,9175.15,389.032,177.678
83426.1,72330,75589.9,32462,31022,68578.1,5295.67,395.401,177.679
46894.8,44840,68539.3,16151.9,16412,64497.3,5568.41,376.164,177.721
117122,103671,74038.9,55376.7,54147,67024.3,8149.89,343.923,177.784
51805.4,46837,72488,17589.4,17025,67708.6,7966.55,351.082,177.919
99554.3,86515,75413.4,52851.5,50775,68216.1,5485.9,410.236,178.041
118152,84228,91931.9,44623.8,32352,90395.2,8771.22,433.383,178.069
73998.4,66577,72841.3,25331.5,24709,67187.1,6133.6,380.674,178.111
54549.9,51558,69339.1,25507.7,26194,63818.8,3359.6,390.082,178.111
80904.9,72821,72811.1,32432.3,30881,68828.1,12829.7,381.859,178.111
96678.6,89310,70943.1,33514,32986,66585,2196.17,357.093,178.263
161673,116596,90872.7,87210.3,66480,85972,15827.8,337.255,178.379
96605.5,87646,72235.3,39618.7,38218,67937.9,4018.27,338.51,178.443
103015,87170,77448.7,73997.8,65222,74354,9210.05,355.002,178.45
111050,84246,86387.4,76755,68706,73213.6,3670.11,397.813,178.562
85734.6,72100,77929.4,44398.9,42128,69068.7,8656.91,337.482,178.692
103316,88899,76164.4,49443.3,41111,78818.7,6243.5,344.578,178.855
72044.2,57251,82470,36418.8,30519,78205.1,6765.96,340.124,179.19
68728.7,60535,74406.6,41247.8,40643,66511.2,2840.07,347.534,179.564
66632,57228,76305.3,43926.5,42584,67602,6455.02,370.394,179.591
106583,95647,73029.4,47285.8,45803,67657.7,9326.82,341.901,179.807
112403,96050,76693.9,66353.2,60918,71383.2,2465.33,337.859,179.889
109585,90019,79780.8,45342.6,37735,78748.4,17787.9,326.553,180.042
155691,113635,89790.6,93122.3,75015,81355.2,8800.24,394.358,180.243
54978.4,49188,73250.9,31869.4,31716,65853,1462.73,391.73,180.278
63764.9,60268,69338.6,15317.7,15528,64648.4,12250.3,376.362,180.29
81605.9,74334,71947.3,30878.1,30003,67447.5,15908.8,331.185,180.545
45543,43435,68716.6,21121.3,20655,67015.6,11538.6,378.98,180.719
74024.9,66810,72613.4,35915.4,34958,67330.8,1351.65,426.826,180.98
127048,96586,86205.4,65758.2,50270,85727.7,9052.8,370.138,180.982
100235,81078,81021.1,63468.7,56514,73600.9,5270.93,374.423,181.094
116503,95467,79976.9,48922.1,40783,78615.1,6601.65,348.267,181.119
58818.3,54726,70436.6,26077.7,25586,66795.3,20072.6,338.569,181.816
90128.4,78661,75090,36412.8,34065,70052.9,4208.42,360.345,181.906
111685,94757,77243.7,58198.1,55329,68934.4,3009.1,343.387,182.221
150851,100055,98807.7,60888.7,39635,100679,12818.4,333.868,185.289
96843.9,69390,91465.1,92718.9,73162,83054.4,12314.8,349.306,189.98
149151,113297,86275.5,49851.5,39365,82994.2,1812.26,419.426,191.271
148857,118842,82088.1,56818.9,47486,78416.5,1455.38,409.736,195.928
108023,83828,84451.1,71787.9,62240,75589.6,9963.54,336.348,195.968
121400,97391,81691.7,74002.5,65179,74407.9,15777,411.299,196.736
109037,77522,92178.5,69873.2,53862,85017.5,13836.6,369.984,196.741
81984,69606,77190.3,40255.3,38370,68756.1,2580.43,366.759,196.868
106896,75671,92578.8,74016.8,54403,89163.6,18913.6,333.575,196.907
132522,110404,78665.4,91012.4,85232,69980.6,1544.78,396.659,197.001
116116,78771,96606,67388.5,50215,87949.3,10646.6,339.754,197.005
81470.1,58999,90496.9,24383.1,16083,99357.8,7022.64,371.901,197.353
120550,106250,74356.5,61752.7,59790,67687.3,4234.5,369.323,197.39
72628.4,64215,74122.5,38284.7,37331,67210.2,10331.3,328.028,197.39
148233,93506,103893,60461.5,34918,113477,4448.86,355.137,197.547
137301,103061,87308.8,108342,90593,78376.1,2851.98,346.523,197.877
75252.4,62087,79432.7,50383.4,48947,67459.2,1685.71,352.536,197.97
118140,84365,91773,44319.2,28665,101326,12814.4,368.872,198.204
84323.9,77635,71182.5,37287.5,37447,65256.8,3522.29,419.941,198.231
78606.8,71647,71902.2,33142.7,32155,67549,2212.76,363.078,198.261
99890.6,73173,89465.1,51978,37457,90942.4,27111.9,398.456,198.261
124281,102296,79620.6,40872.9,36572,73243.2,5890.42,416.885,198.265
93652.9,77996,78691.7,44196.6,40424,71652.2,4609.71,337.997,198.29
103535,73971,91728.6,38573.9,26311,96080.6,2248.24,382.048,198.29
103429,93593,72423.6,40204.2,39005,67550.8,4801.17,348.831,198.291
101131,92821,71403.5,39311.7,38193,67455.5,2586.61,346.754,198.338
82073.4,64702,83131.3,59168,52218,74258.6,31166.8,345.935,198.343
91378.6,74054,80867.9,64346.9,59682,70658.4,15315.5,396.7,198.343
111033,96159,75673.3,51222.4,48683,68954.4,16545.4,340.632,198.408
85117.1,74666,74709.2,32182.4,29822,70723.1,8895.37,400.275,198.488
84142.4,76549,72037,30312.9,30193,65796.2,21013.7,352.752,198.488
73439.8,60559,79475.4,50600,46699,71010.5,9666.89,365.605,198.589
125255,100574,81618.4,79766.9,68234,76612.9,1663.07,355.556,198.612
94484.1,79716,77677.2,36437.8,31200,76538.1,23412.9,341.668,198.637
74659.5,69173,70734.1,12905.6,12593,67162.6,1940.38,351.315,198.638
121166,80641,98470.1,55380.2,35669,101752,16894.9,371.328,198.664
44088.6,42151,68548.5,17380,17555,64882.5,8024.39,391.032,198.683
45020.5,43190,68313.6,15850.8,16210,64083.8,7686.89,351.325,198.683
46620.3,44294,68977.9,18742.5,19266,63755.2,7409.12,394.566,198.683
83655.1,64498,85001.4,32852.3,26054,82636.5,19206.2,339.321,198.693
114657,92207,81492.6,31688.5,22027,94281.5,16871.3,354.349,198.835
81233.5,76093,69963.4,30312.9,30425,65294.5,1509.61,350.689,198.895
132446,88892,97646.5,81588.8,54232,98595,16923.1,399.304,198.933
141001,120389,76756.5,29375.2,27457,70114.4,2434.43,334.886,199.031
71117,64328,72452.5,26178.8,25932,66159.8,4331.21,341.239,199.036
93651.9,81382,75416.9,45934,43922,68538.1,2753.23,344.609,199.037
119683,93578,83818.2,92041.7,79470,75903.5,1294.37,337.876,199.111
63512.3,59066,70469.3,30065.4,30558,64479.4,6298.36,334.53,199.113
45195.3,42991,68896.3,15230.8,15387,64870.8,12292.3,341.325,199.119
81966.9,72979,73607.3,25212.5,23687,69756.8,5515.52,421.21,199.22
107774,82838,85263.5,40433.8,30034,88229,23674.6,342.441,199.22
85629.2,74526,75299.8,31971.7,29722,70496.6,7440.48,358.539,199.332
88959.9,79520,73315.8,35189.5,34100,67629.9,2306.54,382.997,199.332
70261,63389,72640.8,37377.9,37737,64912.4,2760.42,340.603,199.332
76138.7,69431,71867.4,52299.3,51427,66647.6,2632.45,395.714,199.375
93442.9,68706,89131.6,43003,34118,82602.9,23320,342.749,199.411
82688,76658,70691.1,36606.8,36518,65695.3,3691.71,381.794,199.444
47982.6,45044,69811.5,21361.7,22048,63496,7558.27,360.436,199.45
85836.3,72138,77980.6,43971.7,40078,71903,8313.45,400.781,199.606
116906,83738,91494.4,59892.7,41726,94069.1,18892.8,381.593,199.607
79271.8,72298,71857.5,49094.6,47598,67596.7,20763.9,343.969,199.607
81181.3,67264,79095.8,37618.3,32516,75819.6,11506.5,378.008,199.608
102401,79780,84118.6,61133.9,47984,83495.9,5242.38,373.447,199.635
77904.8,69999,72937.7,31477.9,30795,66989.3,13219.5,329.52,199.669
59851.9,54863,71495.4,25883.7,26043,65135.1,21936.3,321.95,199.675
44137,41838,69137.2,16883.7,17274,64055.3,12533.2,399.116,199.76
140540,88406,104183,104685,83378,82283.9,6182.56,366.631,199.804
118682,101117,76920,58444.5,55241,69336.5,3687.42,341.798,199.807
74874.3,69027,71087.5,20419.2,20487,65319.1,1249.15,337.915,199.894
88038.4,76826,75100.7,37257.7,35550,68684.1,23501.7,373.591,199.906
122833,96715,83234.1,47880.8,35247,89026.6,6156.72,439.653,199.912
108693,79190,89952.3,129890,84418,100837,7979.06,401.071,199.978
155119,116986,86898.2,77539.2,63278,80306.1,10380,342.986,200.024
118414,87170,89025.6,45189.1,30902,95835.6,28878.8,313.921,200.121
125124,95427,85930.6,55058.9,40999,88010.5,22175.4,328.743,200.267
74054.4,67862,71516.1,23707.2,23362,66504.3,14368.9,336.522,200.358
121962,103436,77273.9,51067.7,47816,69992.7,4152.41,367.394,200.38
97362.6,87148,73217.5,54204.5,52616,67514.6,17999.4,357.369,200.456
77483.9,70017,72525,25986,24901,68391.6,1338.27,451.838,200.511
117297,92023,83535,80295.3,67107,78415.5,5822.29,340.944,200.953
93842.9,72769,84515.2,39259.3,30997,83004.7,5374.1,405.333,201.183
105297,85876,80357.1,85318.2,76176,73401.3,6446.84,357.402,201.187
102235,79811,83949.4,67459.9,60631,72917.4,5337.78,356.365,201.358
107641,88166,80012,44085.9,38674,74706.9,2980.63,335.412,201.661
93387.9,82092,74553.8,43648,41208,69416.5,6300.69,338.528,201.86
162356,108396,98160.1,85136.2,64152,86972.9,13571.7,325.214,201.863
98420,88411,72955.3,36660.3,35423,67825.2,21606.1,373.237,201.897
105384,94463,73113,47677.4,44859,69653.4,3095.69,367.312,202.235
139525,116144,78728.9,58166,50660,75246.1,8868.76,334.298,202.368
99901,73642,88904.6,32460.8,23086,92149,5485.02,383.237,202.442
83012.9,65859,82605.8,48950.7,39943,80315.2,17077.4,331.17,202.566
120075,75037,104872,57153.3,43321,86461.5,6432.44,368.414,202.872
51602.1,48527,69688.9,15311.7,15499,64744.2,5984.13,340.803,202.9
95106.4,82190,75835.2,44795.2,41658,70471.4,9416.18,332.823,203.14
105359,95866,72025.5,38147.8,36606,68296.4,6053.03,350.743,203.14
71241.4,64923,71914.1,34902.7,32559,70253.5,3484.46,397.974,203.213
75160.2,61820,79678.1,39148.6,34536,74289,16397.7,350.76,203.375
93831.5,75640,81297.5,46057.8,35740,84455.6,6433.59,371.413,203.376
49641.3,47275,68816.3,24872.2,25535,63834.9,2184.52,438.103,203.38
117980,84833,91142.7,55271.9,41077,88183.2,8832.31,399.33,203.411
54808.3,51651,69542.1,17076.5,16727,66905.3,9250.79,330.967,203.414
75660.9,69235,71618.5,14152.7,13863,66905.4,10713.2,338.697,203.432
83443.3,72080,75867.6,46383.8,42276,71903.9,11280.6,357.204,203.456
71953,66082,71358.5,12946,12534,67690.3,6843.29,342.057,203.615
111962,99605,73666.6,57388.9,54145,69462.4,8103.38,352.963,203.616
122997,104815,76904.1,74457.1,71163,68569.6,3079.19,353.326,203.687
115004,95279,79103.6,48999.4,43195,74342.6,5853.32,434.917,203.779
51891.8,49547,68637.5,24963.8,25967,63004.2,4415.77,335.165,203.986
95971.9,76063,82689.5,42302.1,32699,84782.8,6119.71,347.686,204
61044.1,55616,71932.3,32974.9,33300,64896.2,3032.25,399.367,204.207
44407.8,43015,67657.9,18796.1,19491,63199.3,2406.9,347.91,204.21
122551,91787,87501.5,81371,66735,79909.1,14198.8,331.67,204.21
144215,97548,96888.3,60264,43880,90005.9,20254.6,343.411,204.586
102496,86657,77514.2,30574.7,28597,70068.3,4833.06,369.803,211.87
154990,110585,91851.5,74160.8,54557,89084.9,10215.8,338.129,217.3
76139.6,66925,74559.4,42491.3,41017,67891.7,6304.26,338.525,217.625
113076,82107,90254.5,123058,104447,77213.5,15184.4,411.814,218.584
88014.6,81632,70660.1,33937.6,34036,65346.6,4379.64,372.197,220.522
69457.4,64478,70597.1,27247.4,27802,64228.8,3041.5,422.359,220.615
56788.1,52203,71292.2,19908.7,19391,67285.7,4895.15,351.749,220.731
144775,99476,95379.7,97462.2,78176,81703.9,18110.2,339.273,220.77
44930.3,42259,69678.6,19881.3,20135,64710.4,3069.65,355.334,220.889
47999.7,45706,68824.9,30002.3,31294,62830.9,19578.7,335.998,220.889
118999,82011,95093.5,52164.8,34847,98105.3,14464.9,375.439,220.889
103744,94430,71999.9,38564.3,38666,65363.7,9293.41,349.93,220.951
57237.5,53322,70348.4,22331.5,22142,66097,2782.57,380.584,220.951
83494.5,71810,76199.7,36909,35990,67209.5,2634.24,343.712,221.022
79200.5,70341,73790.3,39561.6,38993,66491.6,13129.1,326.599,221.089
133014,100940,86360.4,34537.4,19656,115153,20077.8,403.564,221.092
79259.4,69999,74206,34118.5,31915,70060.8,2844.91,340.529,221.092
147621,125207,77267.7,91865.6,86307,69756.9,2329.54,348.977,221.189
102532,94896,70809.2,48453.2,47828,66392.7,9481.83,417.766,221.191
65729.5,57278,75206,33945.9,31738,70095.2,7648.58,371.358,221.277
48745.4,46460,68759.8,27673.5,29032,62469.3,1651.78,405.566,221.329
98803.8,70879,91355.8,38782.1,28379,89560,10865.5,345.564,221.336
131882,94236,91716.6,64106.5,46920,89541.4,24036.1,369.127,221.378
124559,108456,75266.6,61168.4,58012,69101.8,11225.8,365.251,221.451
101470,69285,95979.9,69404.4,54961,82758.4,18749.7,407.718,221.488
77357.5,65472,77433.2,37642.1,35348,69789.3,11896.9,365.669,221.489
88226.5,80390,71924.5,32779.7,31986,67162.3,2849.45,359.526,221.49
74893.3,68796,71344.3,27115.3,26200,67825.6,8412.69,360.694,221.504
138664,111902,81209.2,104791,93386,73540,10058.6,351.265,221.593
112813,77644,95221,53124,39528,88077.7,5389.86,380.319,221.615
80315.9,74542,70612.3,36136.7,36234,65360.1,6433.53,376.413,221.893
133326,90670,96367.5,49320.7,36762,87924.6,6310.22,337.52,221.926
112710,84717,87191,53273.9,39449,88503.1,7428.5,365.549,221.927
81244,61019,87258.2,40767,30591,87336.4,13934.8,420.899,221.93
98200.5,88166,72994.9,47174,44898,68858.2,12382.8,335.247,222.056
77893.4,72247,70657.9,18490.2,17779,68157.7,3018.23,376.379,222.073
52838.1,50946,67969.9,23063.4,23622,63986.2,2282.7,386.018,222.073
69523.9,62778,72578.2,37179.2,36334,67060.4,12682,397.987,222.076
57359.1,50687,74162.7,47903.5,46347,67736.9,12555,368.097,222.143
63472.3,59238,70220.5,12057.1,12178,64885.3,3953.36,394.567,222.143
126008,89861,91898.2,63563.9,47665,87395.8,7462.03,347.52,222.25
71378.3,66118,70750,27434.3,26818,67042,5405.82,338.306,222.294
131321,105395,81657.3,56018.1,50471,72738.8,13012.9,384.699,222.353
109590,97730,73489.2,39239.1,38022,67633.8,8227.03,361.856,222.353
120439,96422,81859.9,71859.3,66066,71282.9,7462.17,335.52,222.425
114477,96379,77842.3,46339.8,42943,70719.9,5645.57,392.097,222.623
101007,71967,91980.8,53166.8,37915,91898.8,10090.8,339.237,222.798
150802,116305,84974.5,71384.5,54645,85611.8,1272.81,349.895,223.011
125286,106464,77122.3,47327.5,43908,70639.9,4112.5,422.429,223.066
90230,77186,76611.3,38494.1,34902,72281,4251.17,368.308,223.068
98751.5,71477,90543.6,59614.2,41185,94861.7,23106,325.935,223.568
77588.4,70304,72326.4,54766.2,53940,66539.8,2564.72,386.773,223.718
110849,76479,94988,62619,46971,87368.8,26108.2,343.327,224.164
150471,114810,85891.8,102880,81774,82451.2,19397.7,347.155,224.267
81132.9,71593,74268.7,35338.2,32749,70717.5,6281.57,345.545,224.405
94796.7,73543,84475.7,53801.1,47219,74671.4,2896.89,373.484,224.752
82446.7,70389,76762.4,40582.6,39329,67624.9,11380.8,338.117,224.796
157316,129965,79328.1,97843,84761,75650.8,1327.27,373.847,224.901
90434.3,65590,90359.8,53491.7,46962,74648.3,16638.3,333.551,224.904
88335.8,79113,73176,29790.5,28301,68985.1,13406.1,349.358,224.924
87154.9,70559,80950.5,44464.4,38859,74989.5,11072,385.385,224.924
96425,75224,84006.6,58412.3,47244,81028.5,11753.6,416.793,225.185
63192.1,59930,69103.3,13683.8,13779,65083.3,4847.62,345.79,225.224
124243,99360,81948.3,26711.9,20804,84147,2887.48,363.492,225.227
83648.4,62973,87052.9,36370,26025,91586.6,10346.8,428.015,225.257
77974.1,64464,79270.8,46783.7,41220,74381.7,23914.8,361.232,225.257
109271,88038,81341.9,42592.5,34370,81214.5,27701.5,351.944,225.258
159372,106546,98029,59421.5,37814,102984,12359.7,382.267,225.381
90169.3,72665,81322.9,36097.5,28445,83166.9,1625.26,434.589,225.464
98122.6,75336,85358.5,28458.9,20988,88864.1,14513.6,375.396,225.508
103633,92324,73563.4,42270,41232,67185.8,15834,423.25,225.512
60694.6,56967,69824.3,35378.7,36419,63664,3735.79,377.756,225.576
75499.4,68146,72607.7,31149.4,30774,66335.5,13435.6,369.332,225.978
133385,98438,88802.1,106263,87954,79178.7,14549.6,355.365,226.053
77683.4,71795,70911.1,30525.9,30887,64769.8,9787.5,329.5,226.064
96331.9,69607,90697.9,36793.6,27379,88071.4,23440.8,397.644,226.069
81955.5,74851,71756.4,60812.6,60487,65888.8,9280.18,361.941,226.715
79838,70818,73883.2,27529.5,27078,66628.7,2170.46,419.115,227.54
128629,96099,87720.3,81925.6,71703,74879.3,4899.94,348.745,229.297
140077,104943,87476.6,64194.6,52171,80639.7,11724.4,361.818,229.317
64858.4,61722,68866.2,15848.4,16142,64344.1,6561.22,345.302,229.771
75221,68734,71721.2,23339.5,22714,67340.6,28474.5,396.273,233.565
101174,89900,73754.6,63347.3,62568,66352.3,11774.6,347.775,233.918
98415.3,71430,90294.6,50796.3,35122,94783.6,12672.1,326.995,238.434
87173.9,71249,80184,58475.4,43141,88830.7,1341.56,372.835,239.055
136625,102478,87373.6,93103.2,70874,86091,9134.49,406.068,239.255
122580,111195,72246.3,81887.5,78719,68173.9,22769.3,321.227,241.229
106336,96767,72016.9,57791.2,55627,68085.7,1338.94,393.837,241.355
90335.5,81491,72648.8,29043.1,27959,68077.2,8761.29,366.392,241.817
71547.4,64751,72414.8,32673.8,32155,66593.5,1576.8,405.631,242.369
104272,83923,81426.7,53189.4,47303,73691.4,6157.76,349.653,242.444
64864.1,60230,70578.4,32537,32722,65165.4,10356.2,445.007,242.562
105514,94295,73333.1,52707.5,50995,67736.8,13472.6,355.3,242.759
81833,62767,85443.1,50235.9,46043,71504,5436.49,361.279,242.96
94841.4,87989,70639.8,39619.9,39649,65487.8,5161.12,402.518,242.962
100810,81161,81402.4,43125.6,35805,78935.3,1662.36,416.556,243.06
145519,112116,85061.4,89840.2,77776,75701.6,1444.42,430.746,243.153
107257,85882,81847.1,46030.4,40062,75299.5,4998.87,335.659,243.183
87899.7,69377,83033.2,47889.2,39989,78483.2,9200.27,378.01,243.188
89169.9,80699,72415.2,37610,36607,67331.5,3712.9,401.776,243.424
87143.5,76449,74703.9,43876.5,41733,68902.1,3250.17,386.178,243.424
119756,96239,81550.4,56813,48475,76808.6,7320.5,340.643,243.469
155689,122192,83501.6,92388,82308,73562,1314.94,410.858,243.469
71190.1,61664,75660.3,25870.6,24788,68398.3,12515.4,392.132,243.667
86190.6,70764,79822.9,32667.9,26632,80389.1,5987.13,389.801,243.775
61459.3,59038,68223.8,33738.9,34746,63636.4,5349.9,337.354,243.835
110184,85819,84142.3,45722.2,35103,85361.6,15594.7,326.457,243.9
122655,91683,87675.4,108797,96183,74130.8,3873.85,375.636,243.993
131662,93438,92346,68729.6,54602,82492.7,16358.2,371.794,244.056
60194.8,54644,72193.3,25466,25680,64989.9,5781.45,372.979,244.136
96828.8,89492,70908.8,47696.4,47504,65801.4,11554.6,332.966,244.137
75278.9,68166,72374.5,29929.7,29890,65623,5493.18,398.23,244.452
101982,82145,81361.8,45961.4,37237,80890.6,22502.5,341.459,244.713
91436.5,78987,75865.5,41316.8,38063,71138.3,7391.97,334.581,244.757
139850,122953,74542.1,77376.2,66893,75806.5,2820.88,360.55,244.762
74195,65747,73956.9,64895.5,63879,66578.8,4634.54,351.975,244.766
73592.7,61921,77889.1,46584.9,44309,68902.3,4128.49,377.415,244.823
69966.5,63939,71714.1,20685.8,20567,65914.5,6080.23,365.72,244.845
86614.4,78181,72605.3,43474.3,41969,67886.5,4103.76,355.436,244.889
130485,90289,94712.4,73649.1,60357,79968.6,7134.73,351.804,245.065
79974.8,72284,72508.8,49681.3,47528,68505.2,31301.6,319.818,245.153
81502.4,68655,77799.7,88188.5,83275,69402.9,7305.98,361.655,245.294
108882,84859,84089.1,37042.3,30671,79149.9,12967.6,397.739,245.294
122614,89267,90017.7,54126,39975,88735.4,5636.03,394.106,245.45
105575,89694,77139.9,48888.8,44986,71221.6,5536.55,352.192,245.554
69543.8,63119,72206.8,35215.7,34651,66604,5811.64,334.953,246.567
84265,72386,76290.9,30395,29894,66634.3,5589.91,369.146,246.567
82167.4,65640,82037.2,35322.8,31148,74319.8,19821.4,342.787,246.57
79763.9,61903,84445.1,41077.6,34827,77298.1,9680.2,346.594,246.877
85917,72666,77486.9,39355.7,33470,77060.5,7065.56,364.864,246.88
25868.5,25503,66475.2,11823.8,11867,65297.7,2432.93,360.887,247.072
43236.4,41327,68563.9,14703.6,15435,62430.7,10276.5,337.076,247.078
95259.4,84971,73471.1,20947.6,20351,67457.1,2204.45,361.086,247.109
76880.6,63230,79684.5,64177.9,56954,73848.4,20651.1,323.066,247.243
98166.4,86638,74256.5,44225.2,42906,67550.9,6482.52,359.371,247.375
65473.1,59419,72213.3,35928.5,36159,65118.2,16182.5,335.947,247.432
65485.4,60381,71076.2,35482.2,35705,65127.1,10022.8,360.296,247.471
118227,93290,83053.9,74759.4,64078,76460.4,9793.37,336.495,247.512
79385.8,71130,73142.5,30136.8,29342,67311.1,2048.17,395.221,247.516
75232.4,67437,73111.7,37256.5,35705,68383.8,8925.79,342.249,247.544
84405.6,73477,75283.5,31376.7,26785,76770.8,4642.3,400.969,247.725
111218,96866,75246.3,66259.2,64310,67522.4,9036.98,400.152,247.727
106720,90703,77108.9,37924.1,35211,70585.8,8921.13,333.253,247.74
110124,89892,80286.2,50486.9,42352,78124.1,18910.6,380.578,248.069
76080.8,70359,70865.5,27919.8,28307,64639.5,2967.42,345.423,248.111
91709.2,73756,81488.3,53745.2,48040,73319,6704.01,346.178,248.263
118379,99255,78162.9,63994.6,59603,70364.8,1497.85,338.699,248.269
104839,73737,93179,57897.1,42733,88791.9,12156.7,338.443,248.27
99037.5,85077,76290,47920.1,41633,75432.8,13755.9,353.054,248.27
119280,103001,75893.8,69478.2,65837,69160.5,23131.8,362.912,248.368
134769,91671,96346.9,53578.6,31891,110104,15669.1,381.393,248.739
67653.3,62235,71241.7,36033.2,36399,64877.4,5174.5,377.506,248.777
39548.5,38458,67394.3,18866.3,19662,62883.7,6202.82,363.613,248.793
69536.2,63833,71391.4,34204.2,33597,66720.4,1752.26,360.478,248.855
51265.8,49252,68215.6,23465.6,24272,63358.7,3700.89,410.786,248.858
83383.4,71441,76491.3,44415.6,41845,69561.9,5245.22,333.445,249.497
101546,85870,77499.5,52054.2,50362,67738,2204.43,363.086,249.703
114043,92707,80618.6,56082.3,47223,77831,10606.2,332.79,249.762
65594.6,52533,81830.7,30316.4,24001,82780.6,12052.1,330.534,249.96
94483.2,74199,83452,53733.3,43507,80940.1,2097.81,424.178,249.96
92046.4,79751,75639.9,35456.1,31555,73638,29761.5,342.155,250.029
106929,76696,91369.9,28681.4,19420,96790.1,8427.12,347.682,250.13
94537.4,79959,77484.7,63174.7,60851,68038.6,2018.98,346.247,250.426
80917.2,75253,70468.8,32759.5,32273,66524,2843.1,393.531,251.151
99879.2,74422,87953.6,66317.5,55538,78256.1,7760.87,334.26,251.701
128078,103338,81225.9,72598.3,66894,71124.5,1719.98,373.506,254.621
95377.1,72153,86630.3,42638.9,30685,91066.7,10623.3,391.775,256.097
70591.6,66852,69202,28117.3,29056,63418.8,6772.68,377.119,256.799
74292.9,69753,69801.4,30016.6,30253,65023.8,3272.87,378.158,260.449
148141,113594,85467.3,108483,80542,88271.1,1372.78,451.808,260.504
79427.6,60357,86243,45333.1,38929,76317.1,16665.1,381.528,263.951
99980.9,86354,75877.7,59096.6,52486,73790.2,8776.56,383.378,263.951
40169.8,37374,70438.5,16243.5,16698,63752.2,2824.44,361.547,264.465
98194.9,81970,78508,65752.3,60678,71016.5,1529.98,441.671,264.466
126056,89842,91952.9,91092.1,75030,79565.7,19411.1,320.143,264.468
48613.4,45537,69963.5,22536.2,23109,63911.6,10454.8,355.921,264.518
86064.3,71003,79437.6,49452.8,45823,70727.4,15686.3,335.378,264.937
62603.1,55738,73607.9,34846.8,34606,65992,4189.63,338.362,264.937
109014,85524,83536.4,36990,25632,94576.1,8332.87,367.764,265.102
112885,102262,72343.7,50296.5,47938,68760.4,14967.5,438.002,265.201
87567.2,72881,78742.1,72748.3,70949,67198,6062.61,345.735,265.38
77263.5,69490,72867.2,34214.9,33638,66659.9,7280.82,375.677,266.033
129408,109706,77305.6,59238.2,53150,73043,12102.1,326.49,266.036
84605.1,71204,77870.3,38779.7,33072,76846.5,3719.33,360.77,266.051
77750.9,68990,73858.2,36655.6,35754,67188.6,22715.4,355.274,266.095
136705,90544,98947.5,83083.4,62916,86543.3,15492.1,355.547,266.202
65520.6,60923,70481.7,20145.5,20335,64925.3,13804.7,349.012,266.358
142396,117359,79517,73662.2,64891,74394.4,1639.82,410.576,266.358
99743.4,87158,74999.2,41090.7,37186,72417.6,23413,432.668,266.369
80551.4,70755,74609.8,42402.1,40551,68527.6,18246.8,364.154,266.369
133648,112701,77716.7,89498.7,79273,73989.7,7833.12,364.198,266.487
154336,101174,99972,42179.6,28018,98660.8,19362.6,399.185,266.524
91878.3,61351,98145.7,38685.7,22739,111496,4940.25,361.71,266.59
51110,48210,69478.2,16381.5,16646,64494.8,5837.6,353.931,266.616
112491,96607,76311.6,67004.1,62891,69822.1,6005.57,338.785,266.705
107703,80806,87350.6,72929.2,57202,83554.5,1257.35,451.908,266.751
71239.5,56350,82852.8,46280.3,33658,90113.1,6519.76,432.338,266.804
76646,64258,78170.4,40054.2,34758,75522,14519.7,364.391,266.864
86017.8,79429,70972.3,28718.3,28577,65860,6620.39,374.251,267.13
90184.4,77798,75970.2,37537.4,35634,69036.6,6268.2,369.557,267.133
85698.5,74697,75188.3,45697.2,44925,66662.5,12804.7,385.88,267.382
109829,84629,85050.3,59272.7,48097,80763.8,10275.4,329.077,267.435
90794.4,82998,71692.1,57215.2,57202,65551.1,14990.1,339.983,267.952
86481.4,77351,73271.7,31681.4,30451,68184,14110.4,360.746,267.97
127393,113033,73861.9,53353.7,51661,67683.3,11493.2,395.019,267.97
115770,77585,97790.7,82168.3,64309,83736.1,10695.5,330.712,267.973
117210,84455,90953.5,45285.5,34403,86266.5,31276.5,329.839,268.014
155842,111477,91617.5,57755.5,43553,86907,9425.68,334.815,268.099
128313,82925,101406,76776.4,54217,92805.2,7748.79,350.271,268.386
119633,86758,90369.1,53861.8,43698,80779.1,10739.7,413.674,268.407
72222.8,64490,73394.2,40103,38654,67992.7,3990.69,356.534,268.537
87472.2,70071,81811,55345.7,46819,77471.5,7378.77,343.592,268.539
77257.8,67946,74517.5,48204.5,47182,66956.3,2017.78,450.248,268.667
78433.9,72475,70924.4,36266.4,36623,64897.9,9413.37,369.825,269.146
72527.8,67276,70651.9,24268.9,23816,66782.2,4646.33,360.965,269.179
162758,112442,94862.2,83178.6,54782,99507,8774.97,418.38,269.208
118100,103327,74906,60718.6,57467,69244.1,6125.84,331.68,269.235
78984.9,72370,71526.2,30956.7,30550,66408.4,4258.19,378.302,269.503
83291.3,77723,70231.1,30308.1,30415,65305.7,6007.9,342.783,269.52
147773,120703,80234,74181,66731,72852.6,2024.98,445.241,269.52
47563.6,45901,67909.9,15258.2,15529,64393.1,3752.84,343.741,269.555
83431.9,75292,72621.1,34338.6,33384,67410.1,2075.69,382.197,269.586
138236,117375,77183.9,70565.8,63739,72555.3,26444.2,410.036,269.603
150208,119629,82288.2,82925.2,76937,70636.8,2016.36,367.249,269.603
91706.4,84254,71332.7,39008.2,38458,66473.6,10045.6,343.276,269.683
76011.4,62683,79471,35429.9,31119,74614.6,6683.19,397.196,269.683
91280.8,69698,85829.9,59159.7,53382,72629.1,2736.57,447.624,269.683
129640,80013,106184,132767,103897,83746.6,13063.2,362.656,269.69
110191,90218,80044.4,84306.7,75358,73318.4,4092.46,406.446,269.709
40223,38801,67937.8,14190.8,15141,61423,14519,328.392,269.711
64658.9,57773,73347.2,30631.8,30137,66612,11091.4,356.368,269.792
65673.5,58398,73700.8,30860.3,29226,69200.7,2280.79,346.019,269.83
140867,105374,87610.4,78247.3,62810,81643.3,15630.1,357.427,269.85
86435.8,67475,83951.9,58408.8,49223,77766,13661.7,370.136,269.996
71971,65735,71753.2,17826.2,17763,65769.2,6264.38,391.56,270.028
86779.6,64834,87719.3,31481.5,24438,84424.6,7306.82,391.655,270.031
155187,110043,92421.6,59050.2,42639,90759.9,1838.89,381.403,270.09
87135.9,77590,73598.9,32840.4,31186,69012.7,13598.7,363.191,270.339
63315.6,57561,72087.9,33798.4,33597,65928.8,3645.29,382.834,270.402
74303.3,67123,72546.5,34110.2,34023,65703.9,5833.96,359.934,270.542
51216.4,49155,68284.4,21227.2,20695,67221.4,1344.37,335.833,270.609
86921.2,79992,71213,32509.6,31868,66855.5,1433.57,340.755,270.639
106165,95776,72645,44603.6,42260,69170.4,5567.7,334.165,270.843
94449,84607,73159.5,41998.7,40715,67602.2,1268.52,411.898,270.889
107561,84220,83698.8,41165.7,31032,86937.1,6315.56,390.516,270.889
97827.2,82807,77423.5,43727.7,40051,71552.3,19342.8,368.203,270.972
93038.3,81443,74866.5,39881.7,38343,68165.9,3748.07,344.745,271.116
124932,90964,90008.4,71172.7,47056,99123.9,36701.9,314.128,271.43
66358.4,62243,69869.2,38356.1,38775,64828,13271.8,331.475,271.438
101859,79978,83465.9,49292.2,40798,79180.7,17938.8,344.422,271.438
105401,77211,89463.1,51258.1,38415,87446.3,13363.6,415.395,271.628
93677.6,75408,81413.9,40953.9,32212,83321.5,13514.1,369.264,271.707
144552,108976,86930.7,104432,88532,77306,9425.04,389.815,271.707
95020.9,73534,84685.9,46387.4,38346,79279.3,5490.26,342.232,271.708
122628,92447,86931.4,72479.3,57067,83235.6,6055.47,345.741,271.812
139057,100370,90796.6,86778.4,60198,94473.4,1247.73,357.916,271.813
104660,86801,79019.5,32732.1,29413,72931.5,2970.9,353.42,272.656
78932.6,63465,81508.4,61811,55341,73197.9,11745,336.801,274.711
154464,96731,104651,75378.2,44175,111828,14228,375.644,275.412
110610,92206,78617,47154.9,43114,71678.5,24350.8,319.854,279.839
147487,116668,82847.7,93667.3,81896,74955.8,2253.23,362.043,279.853
42237,40195,68865.4,40975.3,40999,65498.1,9490.81,361.758,282.876
123480,90967,88959.6,36139.1,28739,82411.1,18529.2,332.909,286.831
147895,100282,96651.9,78907.7,51790,99851.2,39941.1,316.315,286.891
50257.8,46891,70241.6,16974.2,16975,65532.8,2936.34,357.45,286.972
118464,77039,100776,48979.2,30555,105053,24308.7,363.89,286.974
66459.1,57654,75544.9,64777.7,62274,68170.8,3972.91,350.55,286.974
102343,70983,94489.1,47264.4,34499,89785.8,27337.3,358.26,287.025
78262.9,69239,74077.3,28737.3,27267,69069.9,6210.08,353.607,287.196
87934.9,68758,83814.2,51793.6,48802,69553.4,8457.88,362.655,287.672
129328,83650,101323,65423.8,51654,83006.5,11448.2,375.058,287.727
80598,72188,73171,27475.9,26472,68021.4,5090.89,404.579,287.744
73714.3,62978,76708.4,38581,34198,73935.4,16314.1,373.833,287.783
114851,99119,75937.9,54340.2,49131,72484.5,4520.4,343.074,287.967
106371,90646,76904.7,75557.9,70914,69827.7,4182.07,375.368,287.967
91696.9,82085,73210,25316.1,24657,67287.7,2711.2,377.646,287.997
88170.4,73106,79040.5,70594.4,64918,71266.4,2461.51,359.862,288.157
89938.4,81350,72454.9,38385.8,37602,66902.1,3184.12,335.235,288.224
70205.9,63268,72722.7,34514.8,32800,68962.2,11813.5,382.741,288.231
111887,93980,78023.4,60761.4,52600,75704.6,7257.96,397.697,288.325
83074.6,77667,70099,27699.6,27895,65077,2806.57,362.563,288.325
65183.3,58902,72524.8,31927.7,31602,66211.4,8118.92,346.949,288.361
57023.8,52970,70551.4,23200.2,23246,65407,16344.9,386.806,288.398
81506.2,72588,73587.8,31654,30424,68185.5,12682.6,345.986,288.647
98356.4,87555,73621,35291.8,33399,69250.1,14553.4,332.362,288.71
98871.3,81354,79647.3,113209,100462,73851.8,2323.07,393.983,288.756
83203.9,70648,77183.3,44202.6,42044,68900.6,3256.55,349.172,288.835
142603,94078,99338.9,54903,41610,86472.6,25024.3,328.269,288.902
105869,93563,74155.7,44447.7,42655,68290.3,1920.12,354.333,289.321
82001.1,73073,73543.3,47214.4,46501,66541.5,2908.98,356.474,289.552
74530.4,69658,70120,46012.5,46270,65171.3,17225.7,370.041,289.552
154306,106167,95251.6,109792,77507,92834.4,26085.9,317.347,289.72
96796.4,89182,71131.5,74601.1,72010,67894.2,1228.72,354.933,289.791
133669,115640,75753.4,74427.4,68508,71198.6,9024.65,334.163,289.884
135571,108245,82080.1,77569,68321,74407,8189.66,403.888,289.985
93195,83425,73211,37110.2,36021,67517.6,7633.3,355.371,290.156
117981,102180,75670.1,73052.9,69664,68724.1,9332.86,334.895,290.333
138912,98706,92230.7,103199,86230,78432.8,3051.88,348.35,290.452
124412,108665,75033,70642,67341,68748.5,5474.52,365.246,290.503
71571.1,60230,77876.2,24097.5,20258,77957.1,8208.22,341.872,290.589
51120.4,48446,69153.9,25953.9,25738,66085.8,3914.19,386.601,290.947
