65819.8,55801,77302.7,43485,36029,79098.3,3431.84,421.02,2.73889
122488,106992,75028,61442.1,55172,72983.9,19810.4,368.797,3.13839
32274.3,30436,69494.4,28681.4,29360,64021.2,8790.64,4196.37,3.34199
81932.8,70121,76575.4,68126.3,60141,74237.6,1607.61,5033.6,3.78086
77026.9,70065,72047.9,34793.2,33317,68439.8,13969.6,905.869,3.88362
101371,80141,82896.8,36871,27753,87067.2,28894.4,412.908,4.05168
62114.8,57369,70957.4,28643.3,24077,77965.2,7905.01,527.135,6.22397
27920.5,26084,70150.2,24113,24944,63352.6,12402.8,42108.2,6.26622
137102,105263,85358.8,54145,39323,90238.5,6232.49,44275.6,7.64335
49451.3,39013,83070.8,18677.1,14033,87224.3,15319.3,371.697,7.97371
65079.8,52958,80536.8,30874.6,22538,89777,16229.6,378.906,8.29158
86393.9,79936,70830.6,33556.8,33572,65506.4,20091.6,437.552,9.08578
74702.3,67876,72127,101301,94256,70434.5,33252.9,1172.12,9.11075
135402,114448,77534.6,58237.4,47300,80690.2,9417.66,410.822,9.44111
18168.8,16247,73287.8,21656.8,21187,66989.2,3070.88,1582.33,10.073
118537,91205,85175.7,37018.5,27137,89399.9,26132.6,599.306,10.3784
72575.3,50087,94960.6,109405,44803,160033,1551.33,447.653,11.1332
63536.9,51533,80801.8,55536.1,26809,135761,13368.2,2379.39,11.5001
68578.6,62985,71356.1,27409.3,27613,65052.5,17864.8,361.486,12.0158
95883.5,66376,94670.1,48810.2,20876,153230,15842.8,589.242,13.7377
75060.4,55191,89129.8,51516.3,36515,92459.9,8288.34,513.802,14.117
121553,97337,81840,33948.3,25133,88522.5,10584.9,420.808,15.2579
82092.4,58301,92279.8,49934.8,30841,106110,6808.48,471.087,16.5956
82463.8,68796,78556.1,45440.2,39944,74553.5,34000.8,397.473,16.7743
93786.9,69885,87950.4,32817.8,23897,90000.8,33234,951.139,17.1392
111137,75056,97040.3,50428.6,27124,121844,4391.93,646.186,17.3265
43080.6,34384,82111.7,27481.9,19796,90980.6,1932.44,1241.32,18.1533
98790.5,69955,92550,35447.7,22311,104124,28249.9,369.468,18.9418
58004.1,53842,70602.1,19037.6,16806,74238.3,4501.55,3096.09,21.2495
24365.6,24328,65637.3,11906,10812,72166.9,3667.51,1544.82,21.2514
36181.7,35321,67133,19668.3,18941,68052.5,2395.76,1718.92,21.2523
42348.1,40473,68572.3,19305.4,18317,69072.3,12921.5,1600.78,21.2533
44385.9,42461,68507,12999.6,12377,68832.5,1844.08,1369.4,21.2543
47265.3,45934,67435.5,14495.4,13738,69149.1,2811.09,1204.56,21.2552
108110,91866,77124.3,55085.1,47534,75946.8,4500.98,889.091,21.2571
76310.6,66322,75406.3,35157.4,33830,68107.4,13565.9,831.219,21.2571
41297.4,39357,68767.2,16646.9,17241,63277.8,6846.79,553.054,21.2581
100127,76141,86181.3,62302.5,52729,77434.7,17403.7,617.887,21.2591
77632.1,69444,73263.3,28955.1,27376,69316.2,14959.8,383.009,22.4336
79938.7,63728,82206.6,32044.3,17796,118007,12495.5,369.149,22.8878
37619.1,24892,99044,25588.6,13720,122228,4041.57,381.49,23.2844
71421,60995,76738.2,72717.3,69063,69003.7,24961.9,372.323,23.3228
65929,49808,86747.6,35836.9,16404,143173,1260.62,374.905,24.3629
40619.1,39017,68227.1,15815.1,16829,61587.6,6485.67,395.368,24.6183
104824,92457,74302,27160.6,24637,72248.8,15786.6,407.291,25.8821
81069.2,67713,78462.8,44400.1,38005,76563.7,10850.1,439.578,27.8537
119496,94631,82755.9,46526.6,38323,79565,1663.92,1102.56,27.8729
45452.8,43364,68692.7,17722.7,17888,64930.3,18096.7,382.285,28.8371
100985,62454,105968,69333,33794,134456,1334.1,605.841,30.9479
80642.6,64705,81678.3,29969,22229,88355.1,17820.7,373.524,31.7546
83055.6,63627,85547.6,51122.4,36063,92902.9,2709.9,386.647,32.3414
88452.6,62467,92798.3,48089.1,24439,128956,6711.44,424.172,32.9829
52451.4,43733,78600.9,38403.7,25761,97699,1581.27,738.627,33.0972
32978.3,32104,67320.8,14414.5,15020,62893.9,11138.7,388.327,33.8069
101808,69741,95669.2,57429.4,35241,106799,3289.76,461.143,34.9093
73751.4,57073,84687.5,37404.1,23829,102871,2176.79,386.11,35.209
131460,79941,107772,53326.3,22385,156122,8459.18,455.654,35.9523
50800.3,31708,104997,26145.5,12296,139352,1468.61,397.725,36.4709
98358.3,70877,90946.4,65131.1,38713,110258,3990.22,397.535,36.9722
97439.6,90140,70843.1,47971.3,40616,77404.1,5846.68,494.923,37.5599
83656,51728,105987,42556.8,19220,145109,1319.93,596.854,38.1572
45220.9,32895,90092.7,25041.2,10427,157389,1706.5,509.518,39.5353
59089.1,39401,98283.3,41456,18605,146029,7233.64,544.718,39.5382
107208,86494,81230.5,50523.8,36970,89562.6,1841.34,477.401,39.5987
90492.3,58963,100580,70761,36983,125393,3746.57,781.746,39.9319
86577.3,75277,75374,38385.8,36953,68077.1,23454.6,437.632,40.1336
72646.5,55085,86429.4,93955.3,79449,77502,9074.55,2290.12,40.6301
72505.9,62908,75534.9,47822.5,34536,90748.7,11916,1185.65,40.8846
53744.3,37609,93652.8,35235.9,18765,123060,3547.9,571.919,42.0015
62479.6,55353,73973.6,40301.7,38973,67770.4,2245.66,399.05,42.2771
105755,89723,77246.1,34861.1,30767,74256.6,15674.9,392.388,42.5853
104512,65506,104560,55675.3,17270,211276,4325.21,858.244,42.6276
113532,83276,89346.4,53804.7,28296,124616,6895.96,418.012,43.151
42268.3,36988,74891.8,20282.4,15448,86045.1,4543.67,1722.05,43.8952
92951.8,74759,81484.4,53672.6,42819,82147.8,10765.5,443.651,44.023
76441.8,42737,117221,63008.1,32629,126553,7034.84,960.891,45.0957
42272.1,28244,98086.2,33306.9,20400,107000,5941.19,451.841,45.1322
40410.1,30620,86489.9,24480.7,16097,99668.6,4547.8,443.051,45.6085
69337.6,58098,78214.6,31786.1,24470,85130.1,2079.91,428.194,45.717
117144,82721,92807.4,65209.6,35317,121006,3592.05,458.881,46.7484
95423.7,76132,82142.7,58849.1,45536,84696.4,10659.8,428.743,47.024
122245,101060,79274.2,28494.6,22432,83248,18279.8,593.126,47.0845
63124.6,46323,89306.3,46410,25607,118777,3612.9,712.863,47.1201
64179.1,57572,73057.1,34172,31392,71339.8,8509.58,522.61,47.1642
105620,83023,83373.5,44457.2,36187,80513.7,14989.6,378.983,47.1671
91559.1,69551,86273.6,32509.6,23771,89628.1,13649.5,390.147,47.1911
49021.9,35686,90026.9,29328.7,15250,126039,10030.4,521.29,47.1959
78112.8,72001,71099,41472.7,41893,64878.5,6766.43,505.124,47.2699
85278.6,79689,70132.9,32169.3,32621,64628.5,1485.15,407.71,47.3746
123624,95032,85253.9,65558.3,56476,76075.3,20514.5,405.185,47.4168
143096,92087,101838,82709.8,45811,118322,13852.6,532.97,47.4946
80202.8,57921,90747.2,38905.9,32341,78839.1,8587.84,443.542,47.6713
82782,71280,76111.2,87743.5,75428,76236.4,1868.93,1074.38,48.114
127930,100006,83835.1,89668.9,74226,79170.9,17419.9,456.872,48.1889
70091,65344,70296.9,22882.5,22500,66650.1,14225.4,397.647,48.7699
100113,80834,81166.3,40759.9,32054,83335.6,5674.21,385.072,49.3
126373,97336,85086.4,43792,27404,104728,15175.4,574.822,49.5997
70018.8,55716,82359.7,26153.8,12960,132254,8215.85,812.865,49.5997
125183,97756,83923.4,51640.1,38296,88371.7,14420.6,392.477,49.8993
138979,92095,98899.5,54780.5,34731,103369,2294.32,410.008,50.4697
148378,133892,72626.3,80038.2,77280,67875.1,4628.3,376.981,50.5994
90566.4,79848,74333.2,33403.3,31724,69005.1,4278.28,390.285,50.6186
137809,115012,78526.1,34494.5,31056,72792.2,8273.05,395.816,50.8193
21510.8,16412,85896.6,18041.6,12792,92430.7,3911.41,11191.6,51.3581
96748,81739,77569.8,60112.9,46271,85140.9,7838.58,406.193,51.6394
98344.9,84284,76469.3,95455.9,79272,78915.6,2886.94,923.493,51.7191
70236.4,65053,70757.8,30252.2,30233,65577.6,3410.75,392.038,51.7566
81464.4,67068,79603.5,48553.2,42936,74109.9,24785.5,397.476,51.8344
111725,87165,84001.5,47146.6,35657,86653.4,7600.81,386.399,52.0601
155722,101439,100606,71262,54187,86187.2,17340.9,392.941,52.2406
128140,108522,77383.1,80360.7,75022,70199.7,1568.76,380.638,52.6353
129869,100945,84314,38362,24709,101748,29652.9,884.249,53.0665
56753.9,48025,77447.7,38005,32045,77725,5203.33,456.481,53.6725
83121.2,56744,96000.1,58630.1,36988,103882,2772.88,394.592,53.8492
75474.6,47322,104524,47159.7,25070,123281,4201.34,457.352,53.9817
72820.4,53816,88679.1,38576.2,25132,100594,22390.5,355.556,54.119
66679.5,46142,94705.7,38016.9,19450,128097,2429.04,388.891,54.7279
121134,76413,103891,62508.3,26809,152805,6222.91,478.596,55.0727
95706.8,71940,87187.1,38071.7,30160,82727.6,24174.3,459.007,55.1178
94172.5,75289,81973.4,41896.3,37149,73911,13308.3,364.443,55.1293
119210,100940,77397.8,71472.6,63528,73731.7,7824.66,375.205,55.2321
104191,66174,103187,62861.8,45466,90610.7,26000.3,409.421,55.4069
159506,122100,85613.3,89828.3,67312,87458.3,5898.99,703.877,55.9687
139187,115960,78663.2,60967.3,57900,69007.8,21596.2,404.246,56.0743
81639.2,73920,72379.7,40371.9,38692,68381.5,5405.98,426.305,56.0781
33467.6,32940,66585.6,18467.6,19800,61125.9,11369.4,395.127,56.4104
98858.9,85580,75704.8,65908.2,60664,71201.3,27426.5,361.183,56.4536
106542,91539,76276.9,59571.4,40279,96925.7,6330.02,580.503,56.6879
81966,65992,81399.6,44128.8,37484,77153.5,5564.62,395.168,56.8358
66424.9,46557,93503.1,23095.5,7113,212792,1365.95,424.814,57.1278
105357,73374,94102.4,82138.6,61290,87828.9,3444.19,587.009,57.2632
52405.8,42921,80018.3,28161.4,16573,111361,1412.3,429.774,57.7885
59451.9,40888,95290.6,39199.8,20828,123343,14763.9,443.179,57.826
102647,84416,79689.2,59406,48628,80061.5,11900.3,387.666,57.9345
99429.9,89683,72658.5,40842,39255,68185.5,18849.4,425.631,58.1409
46605.1,38174,80010.3,40588.5,26858,99039.8,3424.02,479.027,58.5654
111087,68611,106109,62346.5,34407,118753,6229.69,406.59,59.1195
76496.9,71239,70372.9,30506.8,30435,65690.7,17797.8,398.544,59.6016
84122.5,59027,93398.8,59451.2,29607,131597,9873.76,587.426,61.166
80375.7,61037,86300.1,46312.4,32217,94209,3407.59,459.041,61.2659
66933.2,44639,98266.9,39972.1,21622,121155,3571.23,611.899,61.4503
88397.5,63915,90639.4,40819.4,24399,109641,20339,454.338,61.675
71533.1,41902,111880,38055,18602,134070,2719.57,476.638,62.2522
61449.8,56241,71605.7,88132.6,80613,71649.2,12233.9,52459.4,62.3002
88258.8,65601,88171.3,79763.3,62421,83743.8,14158.5,418.705,63.5025
52783.9,49375,70060.7,27381.9,27707,64767,16184.2,909.946,63.6533
105103,82932,83056.6,102771,91488,73618.3,21598.9,378.243,63.6965
57166.3,46937,79818.6,36404.5,28493,83733,9365.33,407.867,63.6984
113932,82966,89996.2,55752.7,33778,108171,2081.4,402.193,63.782
116438,72262,105600,55389.7,25378,143038,7577.33,871.42,63.8223
65049.3,50729,84036.2,37199.4,25149,96938.3,6487.96,403.366,64.1277
36944.6,25063,96604.5,35610.8,17875,130561,2063.19,536.208,64.1402
133692,87708,99895.2,84994.6,57848,96290.3,9600.27,568.663,64.2468
90419.1,66164,89560.9,46604,26384,115761,3515.1,526.947,64.6933
67086.1,52066,84442,43108.9,35334,79956.6,6438.17,387.409,65.816
108916,84972,84002.9,61891.9,50088,80980.4,8337.93,1778.76,65.8323
116751,90231,84798,69759,53219,85904,4713.78,393.907,66.0397
137171,87330,102939,68535.7,37526,119692,2675.92,751.676,66.2894
39761.3,34836,74801.8,21467.6,18704,75219.2,5601.72,182355,67.0519
83679.8,53596,102322,80983.1,60312,87997.5,3303.79,790.131,67.2306
52149.3,39758,85961.5,42728.1,25898,108125,5588.51,387.147,67.5196
59486.1,40992,95103.5,29194.3,15492,123501,1814.9,397.424,67.6262
86963.9,81070,70300.6,64794.3,65178,65150.2,5582.07,634.152,67.7213
77632.1,70210,72464,27411.7,27382,65607,7125.89,908.812,68.7479
20352.8,17676,75460.6,17479.9,13816,82915.7,7143.04,455.797,68.771
92231.7,57696,104765,45042.7,20948,140916,3728.43,601.762,68.8295
69704.4,51100,89396.2,33897.2,20456,108598,8859.79,389.306,69.4989
47310.9,31613,98079,35162.1,20633,111684,1578.77,441.629,69.908
84990.8,63504,87710.3,55061.3,35396,101946,17191,390.071,70.006
47518.1,37454,83145.8,36424.7,15162,157442,6469.88,628.382,70.0069
100759,66583,99174.5,68116.8,39203,113871,3523.78,598.94,70.077
16760.8,16348,67191,22962.2,23528,63960.1,1675.96,577.545,70.9461
121920,73249,109082,63397.3,27845,149212,2089.71,1020.19,71.5367
75372,43768,112858,67451.6,35756,123630,4654.11,818.958,71.6318
87983.3,68425,84268.5,40565.9,19837,134019,15294.6,556.718,71.725
123200,107367,75200.2,80414.3,74131,71090.7,1303.37,382.868,72.3194
97069.1,70421,90335.6,48262.8,34609,91391,23941.8,398.209,72.4654
83771.9,66010,83170.4,33583,23902,92080,10794.2,433.626,72.5384
131517,104917,82151.6,55561.1,37281,97670.5,3822.48,392.681,72.5422
92634.5,62156,97671.9,62802.3,38840,105968,3621.24,711.855,72.5528
54492.9,43644,81826.8,33944.8,22520,98783.4,4132.27,462.412,72.6248
75418.6,67233,73515,36854.3,36341,66461.7,21285.6,401.515,73.0829
86484.2,55340,102418,45706.7,21128,141776,11210,391.265,73.2269
99055.5,61194,106084,61493.3,23854,168945,19033.4,1183.47,73.7522
49624.2,34931,93102.7,28038.8,14167,129706,13724.7,369.081,73.7532
62392.2,55881,73172.2,32556,21709,98281.4,22580,634.391,74.508
144357,101165,93516.5,54722.2,34281,104614,4549.69,383.049,74.6799
163512,114904,93259.8,92651,68732,88342.8,1226.89,409.935,74.8153
115550,84344,89783.6,48297.3,34332,92194.3,31827.9,498.36,74.8768
99748.1,77136,84747.6,55787.2,32836,111343,4433.25,470.15,74.9527
58306.3,45029,84859.9,37619.5,23121,106632,2014.77,504.25,75.0497
62168.9,47862,85126.1,26514.4,13490,128810,2163.75,382.121,75.7392
87828.4,81209,70877.9,55307.6,53965,67166.5,15848.6,499.237,76.2021
84348.6,68590,80592.9,39447.3,29242,88407.7,5673.17,372.073,76.3394
49555.8,38018,85425,35219.2,17382,132788,3744.13,581.749,76.4047
107528,87431,80599.9,76718.1,59587,84377.4,9475.98,409.771,77.0875
80410.9,72553,72633.9,46681.3,44573,68635.9,2030.66,468.237,77.2671
104006,79469,85771,57076,45961,81384.9,31457.3,544.682,77.3305
100691,74645,88403.1,47826.1,31041,100974,12806,375.879,77.8433
107389,82722,85078.2,58292.2,32182,118707,9145.29,809.058,78.117
99862.1,75986,86128.5,36502.1,23446,102030,17370.6,499.915,79.11
64404.3,58552,72086.4,41249,38988,69336.5,8286.1,7374.8,79.1743
95435.1,60589,103227,60096.2,33273,118368,9439.12,714.803,79.3001
66043,55000,78694.5,59479.8,46396,84017.3,2482.37,407.844,79.739
117665,86104,89558,80751,53308,99274,14112.7,671.744,81.4753
50970.3,46902,71220.7,18975.7,19266,64548.6,23233.1,4140.82,81.6405
102874,87856,76738.4,44936.8,42228,69739.9,8088.13,435.976,81.7135
102248,62681,106905,49019.7,23181,138586,6863.55,442.04,81.7336
98161.6,89564,71827.1,120847,114376,69243.7,22417.7,572.532,82.1207
70262,61364,75039,37161.3,34048,71528.6,12589.5,475.067,82.3242
40392.1,38508,68742.5,21126.1,19304,71721.8,6025.29,690.768,83.0099
95944.3,66896,93993.7,57506.8,33556,112313,18136.2,463.25,83.4027
39805,20999,124228,35457.2,9651,240776,3047.45,627.354,83.6207
124643,95441,85587.9,72592.4,53717,88564.4,6942.74,385.971,83.7244
63461.9,48789,85245.4,38883.3,18177,140191,2233.07,561.061,83.9501
129613,94057,90310.5,64050.6,38861,108016,4319.64,723.249,84.3227
79292.7,59676,87079,63383,44456,93437.7,29587,404.306,84.3266
81160.4,48984,108585,55951.4,32636,112355,4445.77,519.139,84.3294
87639.4,63348,90666.4,56784.4,38928,95597.6,7693.69,586.319,84.5234
73124.4,60148,79674.8,51850.7,32240,105400,13293.4,417.456,84.6233
73871,54267,89211,45616.3,28287,105685,21290.1,427.512,84.6617
56671.3,40572,91541.2,78580.5,57064,90246.9,25297.1,2558.03,84.6713
138380,107589,84291.7,76512.2,55409,90496.3,9313.58,457.912,85.0084
129810,110573,76937.6,36016.5,34297,68821.8,6270.94,543.554,85.0257
112581,82968,88926.9,55412.4,36204,100307,3461.57,421.994,85.1985
73781.8,46424,104156,38663.1,18508,136904,4652.47,549.96,85.7181
80831.7,75814,69873.5,20263.3,16962,78291.3,1655.41,502.562,86.0292
77481,52928,95937.8,51634.1,27668,122303,8273.55,557.815,86.0504
48691.3,39800,80176.7,30909.1,19180,105613,4079.95,458.457,86.3154
77836.4,67317,75777,40345.8,28305,93414.6,2944.76,452.443,87.3929
72893.5,47888,99756.7,45339,23380,127089,13031.3,649.684,87.6618
98971,75984,85362.2,44886.8,32132,91550.5,27903.2,503.769,87.6993
79920.6,56472,92748.3,36132,16876,140314,1219.68,1749.94,87.7838
43044.5,40409,69810.3,18303.4,17805,67370.5,17890.6,912.464,87.9374
84672.5,76612,72431.2,29639.3,29104,66741.5,6538.2,381.322,88.0344
123015,85121,94710.8,68214.4,43877,101887,24530.1,868.698,88.2092
75629.5,44840,110536,34380.3,19996,112680,12962.7,409.743,88.3955
99976.1,91349,71725.3,23942.8,22401,70046.7,5048.45,369.616,88.6692
144157,88505,106745,127323,91277,91416.6,7360.36,392.608,88.8267
123255,89341,90413.5,71409.5,58297,80276.8,7996.97,498.055,89.2147
62783.6,58200,70697.4,32307.3,32188,65778.9,15172.9,374.824,89.2147
50378.5,47933,68879.6,21917.4,22041,65168.6,6054.69,412.742,89.6929
87213.8,77897,73374.4,66712.6,58157,75177.1,2461.1,1009.86,89.7486
68726.8,53808,83706.5,35773.8,25460,92084.5,1610.7,458.601,89.8504
57205.2,42247,88740,30254.6,17603,112638,5061.29,391.605,89.8639
92310.5,68990,87689,41289.4,27786,97385.2,8322.18,366.773,89.9023
78458.6,67679,75974.3,67043.4,59115,74325.6,10616.2,494.781,89.9032
105931,81110,85590.9,35383.5,18706,123965,2294.3,412.008,90.0751
73930.9,43418,111593,31304.1,17166,119512,12640.1,414.023,90.2595
110683,97412,74464.1,42033.2,40352,68266.4,8433.54,409.676,90.368
92659.2,65905,92140.4,54466.3,41829,85335.6,8406.48,382.7,90.515
51409.3,34857,96656.5,36935.2,17933,134979,2035.67,549.232,90.5678
42193.3,38553,71724.1,14856,13197,73774.4,13824.9,557.994,90.5707
53260.8,50456,69179.1,30104.6,29116,67761.2,11115.1,471.348,90.781
88833.5,56167,103652,46151.8,32099,94227.3,15492.6,412.546,90.9923
93644.4,62069,98875.1,69981.5,32273,142110,15502.5,687.538,91.3659
117877,83414,92612.5,54490.1,32578,109616,8652.05,550.487,91.3659
125812,101122,81537.5,48938.8,39814,80555.8,6210.55,415.607,91.3668
62039.8,58039,70053.5,23669.1,23571,65808.8,12338.2,387.285,91.7452
91930.5,73333,82156.2,39190.3,30929,83041,14185,395.682,91.7452
59321.8,50224,77407.5,38613.1,33892,74665.1,1786.11,417.449,91.7701
48123.2,45581,69191.2,28159,27017,68306.1,13903.3,2932.93,92.0947
108791,65141,109451,105480,69041,100126,23913.1,816.234,92.1399
39519.1,38077,68018,9799.65,9993,64268,8063.39,414.998,92.5711
119790,80480,97546.9,98883.1,75892,85389.8,14577.3,423.341,93.1146
77955.1,64020,79801.1,26757.2,19040,92098.6,9250.68,442.967,93.2433
91874.5,77454,77737.6,57798.3,54650,69311.4,1311.83,473.861,93.517
119985,91613,85832.1,65050.2,50377,84624.5,12193.2,374.411,93.7705
100624,73597,89602.8,48674.6,36425,87575.5,11840.6,400.718,93.8349
147115,91264,105642,89141.7,58164,100440,15162.1,1105.83,93.8387
97130.9,64770,98279.6,58993.1,37142,104092,2215.05,473.076,94.2882
125754,100421,82068.9,63053.3,57265,72160.4,6013.3,390.778,94.316
127830,96988,86376.4,74444,52920,92191.3,5591.12,675.145,94.4303
112345,97148,75788,40507.6,38056,69757.9,8406.67,468.7,94.8106
123310,90286,89507.2,45364,29850,99597.1,37979.6,343.018,94.971
42837.4,28789,97516.1,29479.9,16945,114016,2860.93,498.516,95.672
159649,122612,85332.5,109018,76800,93028.9,32504,381.773,95.9044
72179.1,61977,76324,61089.8,56797,70489.4,1859.48,657.385,96.0926
130372,84745,100821,80801,48109,110070,6221.41,402.597,96.5478
64008.1,46912,89419.3,24140.3,13812,114543,1800.74,489.436,96.8609
156513,110529,92801,107268,77861,90287.9,4890.93,407.753,97.1682
66440.1,52092,83587.1,61874.1,45096,89918.8,3198.03,470.223,97.3296
57408.5,49237,76412.5,56998.6,45905,81373.7,15165.6,1007.83,97.3507
127670,101461,82464.7,49938.4,38673,84626.5,22339.8,419.6,97.3545
101159,66578,99575.6,50082.3,28006,117196,3212.07,388.211,97.4131
83906.9,76470,71909.5,31593.3,27602,75012.6,1257.04,375.908,98.0767
84138.6,77080,71537.5,44904.7,44124,66695.5,5131.35,404.544,98.6174
115035,81587,92403.3,69707.8,45771,99809.3,27124.1,375.445,98.772
91189.5,75847,78792.8,41584.6,38931,70003,2143.39,393.139,98.8287
121143,105152,75502.4,60373.5,31092,127256,6622.25,419.249,98.8383
117099,87655,87550,64661,53139,79746.1,17160.3,370.098,99.2186
92832.1,66309,91749.9,42109.3,22465,122843,21907.2,879.976,100.14
38281.2,37161,67511.6,30384.3,32045,62139.6,3078.12,29886.3,100.265
137070,93342,96237.6,68916.5,43114,104757,12419.6,554.215,100.576
95511.1,67177,93178,84730.4,58653,94673.6,6879.37,720.026,100.952
93067.7,78568,77630.6,39159.3,38220,67146.7,19341.9,439.203,101.155
42143.9,35442,77928.5,38773.8,24422,104049,20702.1,2597.02,101.414
57247,54281,69117,13946.8,14749,61971.5,20785.8,506.949,101.738
74488.5,48646,100351,92586.8,43682,138908,1217.66,1410.94,101.892
118608,74124,104866,70975.2,28920,160838,7302.87,834.658,102.492
116213,90949,83740.4,63581.7,52545,79301.4,5674.53,2204.07,102.953
74924.6,54776,89642.5,45851.9,29100,103263,2558.41,417.778,103.098
112998,76596,96681.6,58319.5,33760,113212,18658.2,601.797,103.434
77197,63663,79468.2,29776.2,25483,76577,11704.1,373.836,103.918
76631.8,69203,72571.1,26276.4,25927,66419.2,20085.2,479.558,104.61
39275.8,28973,88840.7,17829.8,11437,102168,4807.29,436.825,104.762
115985,103047,73764.1,111000,95395,76256.3,7806.73,484.221,105.457
107778,67636,104431,41898.7,21344,128649,10683.7,423.722,105.476
52859.9,49527,69946.2,19636.2,17395,73979.7,10174.5,614.164,105.538
126054,84136,98186.8,70395.6,38076,121164,7422.92,743.554,105.565
99305.4,84362,77144.7,41623.8,35358,77149.7,8536.92,730.586,105.692
74922.7,59928,81933.9,38703.6,26748,94828.6,6510.91,374.346,105.832
49218.6,33843,95310.3,33386.6,11255,194405,2075.83,575.197,105.951
75581,59624,83075.3,40088.7,24956,105275,2911.87,415.471,106.085
106204,70954,98094.6,51473.5,36334,92843.2,18946.5,369.547,106.218
99206.6,81312,79958.7,44290.6,30548,95018.6,5503.32,550.221,106.218
59463.3,42565,91553.9,33485.4,21665,101292,10136.9,370.197,106.254
72915.4,47775,100023,48471.1,28395,111872,3757.49,558.737,106.454
156589,111781,91806.7,97850.1,66321,96691.9,16654.1,406.537,106.593
84287.8,75823,72852.4,18669.9,18075,67693,11306.9,449.181,106.781
79376.3,51364,101277,31544.5,11664,177238,1497.46,372.7,106.875
150068,104160,94420.5,94323,66836,92488.3,19884.1,480.733,107.166
130389,88413,96651,85549.1,51177,109552,24219.1,593.968,107.268
101583,81114,82073.6,57398.5,47838,78633.4,6580.7,410.285,107.294
137014,104468,85953,95064.3,69952,89063,2071.19,667.201,107.6
94326.4,69301,89201.9,54356.8,40449,88069.6,28484.5,760.264,107.606
77773.6,63673,80049.2,51586.5,36477,92682.3,14873.6,431.084,107.759
114767,83893,89654,95164.3,83489,74700.7,3265.27,418.164,107.928
110029,83863,85983.8,70217.1,44867,102564,14472.6,627.432,108.628
91719.6,63853,94137.1,76430.1,34217,146387,5887.55,1279.89,108.901
87043.8,83048,68689.2,26532.2,25932,67053,9067.94,1629.13,109.015
121422,90965,87479.1,108222,69137,102585,1350.39,432.827,109.093
22508.3,21732,67877.2,25843.2,26224,64584.4,7110.75,1905.82,109.733
69156.2,63029,71906.9,35222.8,35361,65279.9,15840.4,1002.24,109.995
100003,78863,83103.3,53295.3,37179,93944.5,10778.3,368.64,110.197
66638.7,47653,91646.6,44256.1,24721,117324,3183.14,420.236,110.299
89395.9,54924,106668,39565.1,21992,117904,32764.2,415.547,110.347
77675.8,55176,92260.4,39847.2,21900,119243,13002.4,470.709,110.475
46471.1,45121,67497,27378.3,28661,62603.1,17711.2,370.619,110.542
77067.8,52573,96070.5,44583.4,29897,97729.4,3330.38,447.108,111.319
88452.6,63588,91162.3,58457.6,42512,90117.5,13579,416.208,111.4
100832,74508,88690.2,49469.5,22200,146038,8919.51,576.254,111.443
134435,95204,92541.3,123736,85536,94804.3,7781,548.243,111.637
73727.6,52021,92882,41356.1,19825,136712,22426.4,545.525,111.788
116546,77102,99063,58295.7,34058,112175,4906.74,480.739,112.438
132966,101707,85677.9,25267.3,16111,102782,27268.1,376.32,112.483
57312.6,47589,78926.5,37201.8,27361,89107,7263.81,508.692,112.954
119229,78830,99121.9,78453.1,55242,93072.4,13060,435.659,113.172
125649,104551,78760.9,88123.1,72899,79222.4,2758.88,473.604,113.172
39737.6,34933,74549.6,33162.9,28865,75294.1,2716.19,870.641,113.388
79614.8,57794,90279.8,50991.5,37750,88524,17403,369.887,113.769
104292,70261,97278.4,23227.6,15841,96095.3,38184.3,447.841,114.058
73185.1,57700,83124.1,34233.9,19120,117341,3288.95,531.144,114.669
82824.8,75369,72019.1,30101.1,20989,93987.4,1710.17,398.515,114.779
71633.8,64753,72500,32819,32165,66868.5,13616.3,382.176,114.933
60801.9,35999,110690,34715.9,14459,157351,1710.17,500.515,115.023
65102.6,43028,99157.8,60099.8,24240,162488,7540.96,1031.45,115.177
76167.2,61928,80604.8,48192.6,34668,91102.8,12407,406.226,115.238
94928.8,84377,73731.6,58087.5,55549,68530.9,1474.24,424.72,116.86
73973.6,43923,110374,47867.8,20327,154330,13289.2,988.46,116.903
51524.2,48106,70192.7,23804.8,24734,63073.9,18389.1,511.031,117.272
111944,76081,96428.5,48203.3,27141,116394,6178.68,495.634,117.913
57933.8,54451,69727.9,29414.4,28215,68321.9,18241.1,1160.16,118.178
84480.6,52245,105972,47089.5,28129,109711,14267.6,558.61,118.684
40127.1,35010,75114.7,21976.9,19478,73943.9,1292.34,717.878,119.956
84928.1,65873,84493.6,60956.6,37621,106187,9165.67,488.04,119.964
111829,70253,104321,82977.5,52809,102975,8255.09,815.831,119.965
103759,77588,87641.8,82462.2,60816,88862.2,11520.6,599.995,120.096
100015,73841,88766.2,71996.2,54149,87136.3,5520.75,381.206,120.171
79654.6,56841,91839.5,40300.5,27469,96149.7,4097.13,413.442,121.102
93804.9,78489,78324.3,52806.3,34717,99683.5,14647.2,458.28,121.199
96785,72534,87447.3,69402,40738,111648,9024.07,384.163,121.2
137568,94777,95124.7,79741.9,52525,99494.8,7488.51,629.497,121.309
53765.3,30829,114294,41701.2,12793,213627,14351.1,432.537,121.74
70297.1,56489,81555.6,35936.8,26013,90537.6,14021.8,403.823,122.098
76922.4,54971,91706.3,50353.7,30079,109710,5804.6,428.959,122.161
118030,74341,104050,61139.8,24033,166723,4035.78,470.495,122.3
48150.8,32882,95967.6,37277.9,20182,121051,1948.56,672.308,122.576
60801.9,53670,74244.7,28696.9,21522,87383.9,17062.8,362.183,122.629
92246.9,66741,90581.4,44696.4,25057,116902,23720.2,420.401,122.629
124752,90277,90563,101970,73393,91053.7,1242.03,643.921,122.895
59398.8,52449,74219.8,87728,71717,80167.1,10714.1,1393.7,123.562
47171.3,42208,73242.5,46097,40020,75487.6,13960.4,366.877,123.672
48904.1,43276,74059,28487.4,19304,96713.2,9282.65,456.939,123.672
55594.9,36710,99250.1,29346.6,14482,132803,5761.4,459.997,123.936
105790,79527,87178.7,49675.4,32435,100371,14961,794.008,124.1
70809.2,58721,79027.1,47344.2,34629,89599.7,2021.72,2367.24,124.596
87216.6,52183,109534,98056,72403,88756,4245.45,656.313,124.653
87599.5,67554,84982.7,54477,38198,93465.8,1524.75,379.676,124.746
37207.7,36450,66898.3,10598.1,11478,60512.3,11747.5,3705.8,125.085
110172,80507,89684.1,82480.1,34495,156701,2018.07,938.247,125.416
66205.5,44116,98350.8,43640.9,24720,115698,3753.18,519.741,125.748
68730.6,36961,121867,65914.1,31973,135106,2564.43,924.773,125.751
70829.1,55030,84351.4,30828.1,19922,101413,3212.14,382.211,125.859
105882,91680,75688.3,38546.5,27092,93244.6,2845.11,425.529,125.88
89159.4,79873,73155.5,35210.9,34565,66760.7,1329.57,380.845,125.916
99949.5,88396,74101.7,80056.1,69432,75563.9,30889.5,356.175,126.008
118800,89241,87243.5,83496.4,71613,76410.9,21457.4,370.366,126.16
117879,90277,85573.4,132011,87713,98634.2,1329.64,374.845,126.269
51025.4,42704,78306.6,24852,14948,108958,4180.89,374.369,126.272
93984.4,60813,101284,61394.5,30249,133014,5332.99,666.369,126.356
45418.6,35613,83580.4,29320.4,19881,96652.2,2430.12,397.89,126.571
102719,78226,86055.5,42454.4,35494,78387.7,26513.6,374.975,126.705
111771,97500,75128.7,107979,100680,70287.4,1765.55,548.467,127.741
63287.1,42660,97224.2,39613.9,23248,111671,19056.2,449.451,128.054
92241.2,74727,80896,67080.3,55763,78836.8,1623.64,471.59,128.722
119494,87823,89169.7,77139.4,58443,86501.5,20276,449.392,129.029
64311.2,44992,93676.6,42968.5,27044,104126,4973.21,495.681,129.122
39896.2,38565,67798.2,18811.5,19617,62845.1,17504.1,2121.8,129.29
99467.9,72721,89640.2,60190.2,34165,115458,3498.9,691.962,129.951
65921.4,57444,75207.6,53427.4,51632,67814.9,18538,394.901,130.223
160712,114756,91781.3,69913.7,43648,104973,1290.92,532.879,130.229
62020.8,49552,82026.8,32351.3,16884,125573,25909.7,523.5,130.562
118341,95402,81293.5,64468.3,51726,81680.2,3325.11,389.112,130.564
108519,69145,102854,64339.7,27949,150867,12946.3,791.757,130.821
96951.3,78025,81432.9,47867.8,33821,92754.8,10099.6,401.229,130.821
61787.1,47386,85453,35276.4,25150,91923.3,9931.37,442.376,131.28
86931.6,81812,69637.1,28464.8,29136,64026.3,13184.7,451.55,132.099
102505,86968,77244.1,59369.1,57116,68121.3,3776.09,391.721,132.228
67377.8,61249,72093.8,35076.4,26661,86222.2,4421.21,482.161,132.238
57651.7,40825,92547.8,45394.9,28765,103424,3428.5,503.023,132.238
98665.1,83661,77289.5,42465.2,37609,73998.1,18670.9,425.786,132.839
36169.3,34377,68952.9,15071.4,15069,65546.2,5639.37,414.103,132.858
74176.9,60106,80878.1,25313.7,22718,73023.9,15863.8,519.224,133.034
78405.4,71160,72208.8,26522.7,25740,67528.9,5805.89,420.958,133.129
47901.8,44271,70910.9,17314.5,15931,71227.4,14533.3,428.379,133.339
45258,37396,79314.1,22771.8,16288,91624.2,5731.93,436.022,133.424
157224,126362,81542.2,59820.1,34371,114060,13694.2,539.108,133.799
87922.5,55928,103027,59282.2,31532,123212,4418.64,498.163,133.799
78435.8,70547,72864.5,39444.9,38039,67958.2,7301.58,432.659,133.831
74600.6,67051,72915.1,23982.1,23599,66599.8,7289.53,445.67,134.232
91686.4,54393,110469,44903.5,26365,111617,6572.63,490.292,134.389
104035,66015,103281,68798.7,48811,92372.4,13209,408.529,134.491
105038,86849,79261.1,56101.4,47061,78125.4,3623.72,395.853,134.582
82171.2,62178,86609,51494.9,28446,118638,14277.3,542.602,134.763
69280.6,59060,76877.4,22491,15632,94291.9,2352.92,487.957,134.772
57548.1,36183,104233,32867.8,17651,122034,1424.16,638.763,134.937
160922,113268,93108.5,91869.2,67648,89001,2161.39,893.123,135.007
125574,108243,76029,106129,95655,72712,2136.68,561.144,135.014
71553,62425,75119,40936,28205,95117.3,15466.7,590.569,135.101
130510,106141,80582.5,65608.3,59129,72717.3,9036.58,434.153,135.372
83388.1,65067,83989.2,40590.9,27455,96891.8,1258.44,459.907,135.374
48474.7,36898,86097.8,29828.5,12454,156965,1456.68,502.735,135.428
52554.9,48444,71097.4,27936.4,24264,75455.1,5820.64,379.945,136.062
103452,80696,84017.1,63562.7,45964,90628.4,2640.87,490.707,136.075
85253,69221,80714.5,42821,31249,89804.9,35596.6,401.088,136.401
166119,106993,101752,72722.1,50661,94074.6,2085.09,392.189,136.42
107300,82001,85754.9,54778.1,35749,100421,2965.63,397.425,136.533
111503,84816,86156.9,63863.7,44788,93448.5,7262.6,715.693,136.767
67664.7,55133,80432.3,48154.5,33497,94213.1,2733.69,695.626,136.767
61413.7,39661,101480,34228,18793,119362,3260.04,664.169,136.767
74846.7,69550,70527,30684.2,30730,65438.2,20420.6,393.267,136.878
65155.8,59844,71353,31247,30800,66487.2,5621.77,1008.12,136.928
151131,121902,81249.7,65231,57770,74000,1909.61,439.342,137.072
117405,87396,88038.8,83494,66848,81855.3,14637.1,400.289,137.202
59050.1,43699,88558.3,38402.5,27047,93050.8,2739.06,540.621,137.363
118560,91242,85157.6,52462.3,39438,87179.2,12827.1,406.861,137.515
103695,84173,80735.8,35567.9,29401,79282.3,14226.6,400.646,137.769
138103,120081,75372,79526.5,71557,72834.9,14492.2,378.415,137.892
78224.9,47081,108888,51914.9,25613,132835,9584.92,763.676,138.013
119193,90208,86593.3,73776.4,60500,79917.6,34831.7,378.752,138.067
93812.5,82041,74939.3,40013.8,36589,71670.2,22751.7,404.242,138.069
68146.4,64481,69261.3,24727,24901,65078.1,12365.8,363.261,138.069
80184.8,50149,104787,51544.9,33025,102287,15105.4,758.882,138.148
85125.7,67737,82359.7,60443.7,44733,88552.9,6807.05,594.089,138.561
95409.4,64572,96833.8,53278.7,42904,81383.4,10279.5,387.073,138.564
89159.4,79109,73862,43363.6,36593,77661.8,4181.57,418.369,138.564
89605.9,76889,76375.2,42183.1,36077,76628.1,6724.69,410.16,138.77
98959.6,78825,82276.1,46314.8,37677,80560.7,12777.4,374.904,139.041
47311.9,45238,68540.5,25288.7,25890,64013.9,9785.57,393.502,139.048
73090.1,68577,69849,30917.4,30533,66361.1,1578.06,399.63,139.134
123473,105726,76537,88580,84058,69061.6,10609.3,368.787,139.135
108179,96902,73163,43506.4,41986,67909.2,6222.21,436.597,139.146
77460.1,61512,82527.4,32257.3,24092,87747.7,3136.49,440.276,139.558
85808.8,69096,81387.7,42986.4,30348,92828.4,4486.59,693.104,139.658
63672.8,54945,75946.1,25820.6,20309,83321.7,2021.68,421.244,139.781
56167.8,51555,71399.7,27208.2,26631,66956.3,3755.95,383.738,139.835
112195,94855,77516.3,60114,57603,68392.9,1441.8,451.748,139.847
72708.3,65060,73240.2,34602.8,34000,66698,10282.9,501.07,139.847
100056,84899,77236.1,41293,35111,77074.9,8693.42,369.451,139.858
86576.4,64221,88349.1,48740,35177,90804.4,1870.47,428.376,139.865
99265.5,90033,72256.4,31654,31189,66513.1,8730.65,443.418,139.919
87164.4,77620,73594.5,68788,64688,69689.7,24485.8,379.736,139.956
77960.8,70468,72504.4,34911,34464,66386.1,17495.3,515.807,139.978
115170,89327,84496.4,63530.5,54523,76363,13235.7,367.506,140.061
55903.7,52005,70449.1,26284.7,22641,76083,3310.51,416.125,140.089
85143.8,62263,89619.5,52955,30611,113373,5284.74,927.411,140.234
62365.6,40942,99828.8,37358.9,16202,151114,14334.5,533.552,140.236
132713,104484,83242.3,84394.8,70928,77979,7055.91,375.873,140.275
54665.8,51624,69397.6,22308.9,22092,66179.5,6184.03,444.63,140.38
153721,130656,77105.4,76160,70500,70797.5,20543.4,369.16,140.496
94952.5,87011,71517.5,55855,56247,65079.3,1878.86,423.368,140.612
103607,71553,94894.5,50479.8,42933,77056,17687.7,450.64,140.988
96098.2,70627,89171.2,35903.5,19239,122302,7370.76,521.599,141
48963.9,45567,70421.6,28499.3,24699,75619.7,5757.53,384,141
46227,36079,83969.4,14420.4,7595,124431,5200.77,472.484,141.043
108743,76193,93533,54011.7,40789,86781,19969.7,382.658,141.087
62130,52605,77402.4,30876.9,23497,86119.5,11454.4,560.053,141.153
102206,73190,91517.4,75181.8,56818,86717.5,22150.8,402.764,141.158
144786,110946,85525.2,103136,81718,82712.9,28963.4,414.848,141.286
77184.6,66396,76184.9,41026.4,38056,70651.4,8293.37,490.798,141.308
84503.4,66938,82733.5,48405.6,38222,82997,18938.8,520.553,141.314
76253.6,69277,72135.9,23583.4,22489,68725.3,2603.37,440.739,141.314
78488,68497,75095.2,39498.5,38149,67854.3,7808.05,473.219,141.633
80090.7,69001,76068.8,35638.1,31101,75096.6,16340.2,382.81,141.633
94046.2,72726,84748.4,64374.2,56410,74788.7,2411.48,568.906,141.886
106692,82688,84560.6,59604.7,36948,105723,1242.34,719.921,141.987
81320,72431,73578.8,44535.8,42939,67973.1,3665.58,377.817,142.058
55199.8,46627,77585.3,30227.2,17047,116206,3483.94,442.975,142.311
121540,83047,95912.6,66065.2,46739,92634.6,16524.2,527.65,142.378
79749.6,50360,103782,80508.3,31980,164984,1669.47,1239.55,142.479
111926,71266,102927,72535.3,46518,102190,2252.81,398.044,142.618
90950.1,70649,84367.9,53420.3,39933,87670.7,12161.8,407.439,142.998
81657.3,69824,76642.6,21235.6,20164,69018.7,10325.9,387.033,143.201
133179,105545,82694.5,61465.9,49949,80646.8,7541.8,446.451,143.549
109975,85673,84125.8,56519.1,43325,85494.1,9052.48,397.139,143.563
75431.9,56602,87338,35490.6,18414,126312,13932.1,648.901,143.871
130096,92405,92267.3,89518.9,65313,89824.6,34254.5,380.253,143.947
101414,79778,83309.9,25750.4,16582,101772,13128.6,367.599,144.046
139702,87467,104674,110382,58287,124110,1562.38,828.643,144.106
60728.8,49608,80227.4,28407.7,19276,96582.6,4838,456.799,144.161
97738.9,80737,79336.8,53871.3,43637,80906.3,9558.79,656.699,144.162
56704.6,41969,88546.1,37594.5,24357,101153,7980.68,466.07,144.245
105919,73907,93922.5,70556.3,46583,99263.2,23027.5,529.003,144.311
127701,79896,104749,39686.5,25100,103621,14470.6,492.434,144.395
68245.1,63788,70115.3,63480.6,63352,65669,15634.6,381.423,145.561
125776,97893,84202.8,45673.4,34209,87498.9,25893.8,361.514,146.003
76969.9,69262,72829.3,36170.1,34970,67785,18276.2,1627.13,146.075
119630,98729,79409.8,133777,122093,71807.9,11065.6,430.391,146.13
71217.7,60572,77054.1,38250.2,33112,75705.6,11764.8,373.783,146.134
101834,83117,80294.2,23483.5,17593,87478.7,11274.5,368.209,146.286
73295.4,54361,88362.7,43828.9,25789,111380,3442.78,401.01,146.357
37170.6,24997,97452.3,21121.3,11201,123579,13541.4,373.241,146.358
97115.6,79499,80058.5,41559.6,32959,82637.5,20221.4,437.44,146.444
95032.3,79447,78392.4,31262.5,25699,79723.7,15156.4,464.838,146.892
77249.3,69661,72674.9,44149,41529,69670.6,17782.9,757.557,147.096
80006.1,74296,70572.9,32195.5,32076,65780.1,1619.87,386.593,147.299
91942.9,83460,72197.1,48498.5,47968,66260.7,3395.21,398.052,147.305
82675.6,50185,107965,50263.2,23725,138843,12177.9,562.425,148.485
153841,110764,91023.5,57675.7,46024,82127.5,1631.03,449.584,149.02
39024.1,33578,76165.4,26690.5,15374,113776,8805.32,366.353,149.032
68301.2,49876,89746.3,19698.1,10752,120064,12827.3,383.861,149.364
39973.1,38917,67314.5,15885.3,16305,63849.1,8544.19,411.58,149.393
80110.6,71167,73772,26666.7,25867,67562.1,21113.8,438.665,149.661
54671.6,46765,76616.2,39014.2,30409,84081.4,1464.31,460.728,150.167
76431.3,56921,87999.2,46477.8,28365,107385,9836.83,385.458,150.219
106614,76356,91506.1,70985.9,42272,110052,2452.99,375.87,150.219
68134,48482,92100.8,35566.7,17750,131318,5414.68,600.298,150.396
96580.8,74345,85137.1,27090.4,23981,74033.3,2914.93,664.469,150.75
60541.6,50669,78305.4,47833.2,40425,77546.1,13640.8,426.154,151.126
56199.1,52509,70141.6,26164.5,26505,64694.2,20741.1,357.988,151.401
115379,82462,91696.8,59644,35946,108742,21250.4,566.546,152.047
86651.4,78119,72694,28131.6,26611,69280.9,6941.88,36159,152.077
89870.9,72505,81232.8,61437.3,40957,98306.9,27136.3,756.435,152.429
139152,102829,88685.9,75625.7,55465,89357.4,12463.1,391.177,152.613
79263.3,67724,76702.4,41407.2,33352,81364.4,9054.99,7362.14,153.049
61804.1,43328,93482.2,37282.7,25668,95190.9,2648.06,383.7,153.472
88517.2,65829,88123.2,40951.5,26721,100438,1472.14,400.722,153.811
55442.9,40898,88843.2,24949.5,11462,142653,2274.68,462.025,154.626
97912.7,65326,98227.5,66435.3,38074,114354,3997.47,387.529,154.67
103870,88347,77051.1,58697.9,50799,75726.5,16552,382.626,154.765
66951.3,47201,92958.1,41646.4,24101,113246,17110,395.142,154.782
109516,69187,103737,64852.6,32951,128985,4345.13,372.227,154.787
20075.4,18340,71737.3,18431.9,14608,82691.3,6910.66,8691,154.884
102015,83814,79767.6,47970.1,34370,91468.4,5226.06,446.462,155.118
73942.3,50280,96377.9,42203.4,23484,117775,13004.3,517.707,155.329
51996.3,48020,70962.8,38282.3,31184,80453.7,7643.82,371.362,155.615
46449.3,42442,71723.8,28719.5,25454,73943.5,2395.92,371.919,155.97
55530.3,48041,75752.7,26495.4,20493,84731.3,8269.69,377.819,156.352
61564.8,50623,79701.1,72701.9,47131,101092,1577.95,819.63,156.877
89854.8,77389,76092.5,32601.2,26265,81346.1,4145.13,379.4,157.104
88935.2,62974,92553.4,44573.8,19978,146220,8160.12,487.914,157.588
90510.3,64781,91565.2,63918.5,32969,127058,1478.47,675.716,157.638
68010.5,51970,85763.6,37273.2,23590,103550,4242.54,496.316,157.66
43864.3,23927,120144,29345.4,9923,193810,3866.29,514.643,157.67
143094,92031,101898,107593,74315,94882.5,16959.5,446.272,157.817
66874.3,56691,77308.1,39481.8,29095,88932.1,1848.27,393.395,158.149
72182.9,57244,82638.9,47666.6,35336,88405.1,5927,443.853,158.447
56119.3,47277,77793.4,75083.1,59753,82349.7,2115.74,1238.16,158.682
66988.3,50870,86301.3,53247.7,27378,127462,7858.28,759.176,159.265
140456,87084,105701,82350.4,52472,102853,13773.1,506.039,159.47
119768,90869,86378.7,72261.6,47009,100741,3619.63,645.857,160.478
87057,59377,96087.2,55509.9,28885,125944,8388.12,631.716,160.573
146766,110020,87424.3,78028.3,64016,79881,18800,377.674,160.693
17455.3,16235,70462,18484.3,19359,62574.8,3206.54,864.215,160.771
73764.6,66300,72914.6,52985.9,42376,81944.7,9052.6,5721.14,161.23
102131,66501,100649,46712.3,28705,106648,6315.47,398.516,161.287
72739.6,65108,73217.8,70031.5,67200,68297.4,1361.86,1392.82,161.306
79409.5,63983,81337,80284.5,65067,80863.2,6079.42,435.721,161.345
90973.9,65195,91449.7,40809.9,22671,117971,30289,416.697,161.527
86629.5,67569,84023.1,41214.5,34181,79021.4,2041.18,382.227,161.594
130021,101441,84000,90303.2,64133,92278.7,12230.9,1124.38,161.638
75518.4,51841,95468.3,68411.9,28565,156956,5074.01,628.594,161.953
88085.9,62454,92432.8,61519.4,40162,100387,13359.3,484.399,162.528
94134.5,74000,83367.6,53115.7,41060,84778.1,9302.21,411.922,162.715
74566.4,58617,83368.1,32007.4,21437,97851.3,2658.08,442.692,163.059
98411.4,76143,84702.4,41279.9,21691,124721,3145.95,445.268,163.061
45606.6,35592,83976.1,33780.5,17372,127437,2363.09,431.948,163.351
121420,96069,82830.1,75153.3,61089,80624.1,9493.08,371.756,163.999
110929,72131,100786,56714.2,36263,102496,12971.8,439.735,164.095
104683,90592,75730,105195,92740,74337.4,9884.62,676.416,164.099
114260,87309,85766.2,94531.2,70473,87908.8,34027.8,428.45,164.357
51946.9,47985,70947.1,31464.8,30837,66870.2,1911.63,470.34,165.261
93118,75960,80339.4,35990.4,28780,81955,17661.1,485.663,165.485
98738.3,63529,101858,60872.1,27181,146768,14848.1,674.106,165.51
98616.6,70379,91830.5,78008.1,60671,84263.3,11455.4,577.052,165.524
69671.1,44123,103483,40544.5,18127,146584,9927.75,446.379,165.623
98267,68885,93489.6,43158.9,21137,133816,17472.1,466.827,165.704
68829.4,47282,95402.1,37794.4,21302,116275,2837.66,555.536,165.735
48547.8,45175,70429,39627,36547,71059.1,9066.82,905.126,165.766
111508,77984,93709,92567.7,50468,120205,8666.67,17857.5,166.063
85743.2,80632,69690.3,41878.5,41708,65803.9,20794.9,441.942,166.341
99542.9,70452,92597,63443.7,38096,109141,4579.85,655.023,166.635
86076.6,60100,93862.2,41795.2,22192,123427,1329.63,375.845,167.11
81630.6,61319,87244.5,55470.7,31075,116986,4710.2,599.91,167.515
133824,102427,85624.6,55721.8,34831,104843,7810.85,437.217,167.534
66261.5,43973,98754.2,45409.2,17457,170472,4647.15,700.964,168.038
91739.6,72717,82680.1,43260.1,28041,101105,7933.01,370.111,168.336
134867,94028,93999.9,82440.8,67304,80275.2,2532.4,403.801,168.65
67718.9,49079,90426.1,42027.2,20739,132808,6202.66,480.614,169.77
80573.3,54320,97210.1,78893.4,53284,97034,10100.7,410.228,169.872
135468,97401,91149.3,58161.3,38477,99063.2,3338.67,451.101,170.52
60565.3,46813,84788.6,49890.8,27508,118861,12782.1,585.9,171.718
136450,97208,91992.6,41514.3,26348,103260,18253.1,434.149,171.894
101630,76777,86750.3,44052.6,30109,95886,16906.5,392.318,172.318
64712.1,52089,81417.8,32178.8,22189,95041.2,6351.41,377.484,172.333
83676,54144,101282,57154.5,19460,192481,20543.4,474.16,173.218
115205,88797,85026,55696.8,45945,79445.9,3260.89,385.168,173.342
111880,80245,91371.9,46577.8,35073,87033.4,12126.3,395.469,173.478
105605,75941,91135.5,42408,27169,102295,11311.8,439.177,173.492
140938,86108,107267,63562.7,30600,136132,11545,643.974,173.771
91582.9,68653,87424.8,49558.7,26553,122317,2233.73,402.06,174.136
73285.9,65677,73128.5,30721,30153,66770.6,18239.6,369.161,174.149
69875.4,44517,102867,40589.7,21905,121437,8210.29,368.87,174.35
54550.9,40621,88009.8,24373.6,13561,117790,7323.59,381.64,174.361
56683.6,29773,124771,32589.3,14265,149721,8371.52,421.73,174.369
71860.9,52626,89489.5,40842,24566,108956,3806.87,507.694,174.413
71473.3,57763,81091.2,48230.7,21847,144681,9008.04,843.177,174.848
54526.2,50936,70155.3,20750,20588,66051.8,19914.9,391.706,175.55
103976,93969,72514.8,42452.1,39781,69936.4,17519.2,510.786,175.583
135188,98328,90103.2,62079.9,46636,87238.8,32041.4,662.175,175.804
152469,108896,91759.4,73414.7,50052,96126.1,18916.6,485.573,176.061
127589,82388,101491,95070.3,40928,152231,12400.3,1187.23,176.094
76620.4,59544,84330.8,34751.6,25148,90563,5606.28,394.131,176.498
26292.2,23936,71987.2,20896.4,18356,74605.9,1514.36,659.685,176.777
78280.9,65102,78802.8,49542.1,35818,90646.9,9347.1,542.883,177.131
83087,75072,72532.9,41071.7,39732,67745.7,7050.99,389.877,177.53
101731,76381,87286.5,44791.6,35017,83829.6,13982,453.858,177.669
120401,81929,96310.3,43933.6,17517,164368,7071.16,599.859,178.084
58948.4,54341,71092.6,85653.8,83905,66902,1357.69,2675.82,178.333
81703.8,52849,101318,48963.7,25269,126989,7279.85,561.678,178.754
139209,103137,88457.2,72315.1,50917,93077.8,23214.8,385.84,178.98
74405.9,51849,94047.4,62853.4,33981,121220,26823.8,513.706,179.211
80675.9,61476,86003.9,47654.7,32960,94754.3,4033.14,595.498,179.465
113972,92692,80581.9,57515.1,50800,74199,2011.5,376.253,179.558
94887.9,75916,81913.9,82571.7,60328,89700,1212.8,7266.95,179.559
81199.4,54996,96761.2,61173.1,39568,101320,17588.6,373.726,179.639
83473.6,75903,72072.6,26168.1,26683,64271.4,15640.6,377.418,179.7
100115,88392,74227.6,44546.5,41228,70811,17119,441.134,179.951
72671.2,67115,70961.5,25976.5,26175,65039,30995.2,368.084,180.058
80662.6,65776,80368.3,116995,95540,80253,16655.1,423.537,180.096
126160,101400,81538.7,78446,69804,73649.6,18962.3,442.533,180.359
92682,75956,79967.4,43425.5,37760,75369,38397.9,395.655,180.615
40201.1,38746,67997.3,15484.3,16702,60757.9,16962.6,385.27,180.725
91681.6,56100,107102,45488.9,27616,107951,2219.35,513.073,180.814
72280.8,67628,70044.8,33941.2,33528,66343.6,6917.93,370.992,180.922
87434.2,69875,82004.8,40237.5,35799,73661.4,13842.2,503.979,180.978
74838.1,66897,73315.6,26472.7,26405,65704.1,14922,461.042,181.085
103004,94245,71626.7,42956.6,41409,67985.3,9485.77,488.763,181.447
70653.4,43482,106489,40113.7,18654,140929,6182.39,893.631,181.533
50613.1,47356,70043.6,27633,28744,63002.9,5216.13,481.47,181.536
102420,84090,79821.9,42588.9,27038,103229,4988.46,514.668,182.107
86744.5,55793,101893,60199.7,29317,134572,4879.23,595.763,182.136
148214,106297,91379.5,112349,80829,91092.4,6820.03,115084,182.147
118804,86033,90499.6,56475,41173,89892.6,20508,448.191,182.172
19476.9,17919,71233.8,23707.2,20331,76419,1406.29,742.779,182.178
146139,102095,93808.7,55108.9,35627,101373,3282.11,505.15,182.18
56088,45716,80404.8,24999.5,19856,82512.5,3903.07,421.611,182.197
51011.2,46189,72378.1,25710,25977,64862.3,5989.5,10032.8,182.309
101534,94461,70443.2,102007,99401,67254,1812.71,381.426,182.396
117785,100629,76708.9,26187.1,21649,79273.9,5361.78,441.344,182.401
75719.8,65082,76248,44830.9,33342,88118.2,6342.26,550.492,182.407
157561,114481,90197.8,89134.6,64805,90140,2583.55,404.756,182.415
94492.7,84564,73230.6,41504.8,40736,66772.9,19745.5,422.853,182.459
110788,96451,75277.7,39036.8,35703,71655.4,3732.36,467.759,182.465
92174.7,83992,71920.7,48340.2,48396,65460.4,2055.21,403.215,182.588
63845.7,53051,78871.1,56605.9,44927,82572.3,2994.32,488.4,182.71
86032,76982,73240.4,37424.3,36386,67406.1,4029.38,406.501,182.72
125215,84891,96666,68306,40527,110457,20058,461.581,182.772
104627,68451,100172,45804.3,21799,137705,7503.39,577.484,182.813
52886.5,46492,74549.8,26128.8,23464,72979,2928.52,416.457,182.939
107947,96126,73595,64819.3,62666,67787.9,1610.83,447.601,183.124
69098.3,62145,72868.7,27297.4,27029,66186.8,34567.9,446.981,183.26
100121,73599,89152,51554.4,30395,111159,24013.4,380.147,183.461
62141.4,58245,69920.1,53809.4,49985,70550.3,4229.52,490.327,183.676
132914,107670,80901.1,28022.1,17618,104238,12833.4,475.855,183.676
50411.8,45931,71929.3,35343,27343,84710.5,3401.17,500.046,183.683
79615.7,58736,88833,38164.5,24804,100836,14902.5,1217.06,183.79
61758.6,57540,70340.8,31702.8,30192,68815.4,9275.27,374.945,184.13
110030,82752,87139,56164.4,41700,88268.4,9169.23,489.037,184.211
91745.3,69633,86347.3,52192.2,35653,95937.8,5485.08,481.237,184.223
137929,109055,82887.4,83290.5,66763,81759.7,34213.1,358.289,184.345
88031.8,63205,91278.4,71821.3,54529,86318.8,9299.06,375.925,184.364
79610.9,70529,73975,56389.3,55541,66537,9313.01,14252.9,184.456
112376,78793,93468.2,125459,78957,104134,1348.35,608.829,184.613
44520.8,35977,81099.5,29011,15325,124063,2962.85,4637.43,184.711
108040,72030,98299.2,71654.7,41258,113819,19377.1,481.173,184.746
74630.1,48144,101590,45475.9,26036,114469,4113.53,436.428,184.775
70507.1,58032,79624.2,31551.7,25844,80009.7,5690.54,516.058,184.964
76482.6,43794,114453,53903.4,19334,182715,5479.25,778.242,185.158
99103,57632,112695,25004.3,18580,88195.9,3917.76,386.598,185.748
100272,78164,84071.9,39586.5,28784,90131.5,22678.2,381.306,185.9
70165.1,58496,78609.5,33475.9,22196,98841.1,6497.43,510.358,185.993
74109.5,66302,73253.3,28239.9,26682,69362.5,12574.5,433.08,186.052
61677.8,39970,101129,46401.7,16742,181638,2450.62,579.872,186.59
67368.3,60364,73140.4,29952.3,26840,73135.4,9874.41,428.425,186.733
29869.9,26014,75250,16933.7,11610,95587.2,1944.8,381.311,186.799
163524,109244,98099.1,61903.8,38856,104409,5930.29,467.85,187.197
41921.6,32381,84845.2,29504.9,19785,97732.1,6316.58,405.515,187.281
110569,91586,79119.3,27671.1,22774,79628.1,8216.13,378.865,187.377
98315.5,87804,73381.7,50615.5,45496,72910.5,26464.2,429.018,187.523
85133.3,61484,90743.9,43674.2,26552,107797,1556.29,532.648,187.579
64022.4,51668,81206.4,34369.6,21024,107137,6616.97,566.254,187.785
92586,81685,74281.9,38233.5,35569,70445.4,3002.75,377.392,187.896
83793.8,55549,98858.8,43901.5,23529,122280,4341.45,484.23,187.961
104739,83704,82005.7,87547.1,74956,76544.7,7136.42,513.803,188.14
143629,105112,89550.6,68266.7,53052,84331,24963,378.322,188.452
80320.6,74445,70708.5,43247,43209,65593.6,7130.94,370.807,188.51
122778,91339,88093.6,70795.5,58287,79600.1,24584.8,565.65,188.581
85500.9,77636,72175.2,32907.1,31344,68804.2,5001.66,402.657,188.767
125134,110335,74326.2,43361.2,39995,71051.9,30037.1,382.916,189.054
82735.5,46152,117485,47044.3,21740,141817,9825.57,535.467,189.202
99362.4,61160,106472,40333.9,27596,95786.3,10850.4,409.577,189.211
49771.4,46949,69475.9,30310.5,27905,71185.4,5465.53,422.254,189.296
105127,66139,104169,54149.8,41327,85870.2,22105.8,580.803,189.378
60639.4,56391,70473.4,29299,23475,81795,14793.1,389.154,189.589
93288.1,86968,70298.6,23676.2,23628,65669.8,11898.1,371.668,189.618
65345.8,47481,90194,30028.5,14105,139521,3140.77,584.273,189.619
66166.5,51859,83616.9,22807.5,13847,107945,2724.21,486.634,189.774
103250,79904,84683.9,49737.2,34708,93914.4,15865.3,392.223,189.774
133488,111961,78136.9,51092.7,38461,87059.8,5040.97,501.622,190.073
69488.7,58972,77223.3,29497.7,20968,92195.9,15811.5,413.269,190.369
124689,91243,89559.1,35708.3,23839,98166.1,4894.25,429.75,190.59
79775.3,70796,73848.2,21404.5,18920,74142,19455,434.105,190.922
156622,98048,104687,77482.1,41332,122856,15571.7,365.477,191.127
58690.1,32243,119291,30505.7,13447,148674,7333.86,419.631,191.624
158464,106294,97701.5,62140.6,38434,105959,6445.41,378.403,191.819
42081.2,40361,68329.2,23296.6,24445,62457.3,17359,468.925,191.826
82972,61317,88681.1,48259.3,32017,98782.5,3336.33,447.103,192.121
79107.4,63359,81825.6,40226.8,25707,102552,4775.49,408.853,192.122
68674.5,56853,79163,28035.2,17185,106914,19070.2,370.439,192.522
77452.5,55626,91251,53949.8,29070,121626,6541.3,626.32,193.646
68642.3,54332,82797.2,66780.4,53048,82501.2,13036.5,815.679,194.058
88458.3,73684,78676.6,49536.1,36048,90057.7,3661.8,600.82,194.732
91755.8,72377,83083.1,116864,105117,72859.7,27893.7,815.777,195.027
112267,83509,88104.8,57087.9,37505,99755,1459.11,395.733,195.777
67294.2,61982,71152.8,24380.7,23626,67629.5,14935,91152,195.911
100582,85962,76682.2,55263.6,45438,79707.6,2955.19,476.434,196.134
101646,66431,100277,50124,30027,109399,7844.37,420.188,196.51
113396,69293,107248,56295.3,38137,96739.9,3934.68,466.583,196.603
85085.8,60177,92663,47378.7,28837,107674,2612.45,375.731,196.611
141875,99477,93468,79682.4,63425,82334.5,1799.03,534.438,197.096
106526,74728,93423,60992.3,32124,124430,14182.3,726.684,197.143
116775,75898,100832,95211.9,66366,94021.2,2054.38,372.216,197.826
83585.8,68005,80551.1,65214.4,51921,82315.3,18304.6,1537.1,198.061
69077.4,46781,96771.2,32276.4,13673,154704,1365.87,431.814,199.718
62280.1,56483,72262.2,26861.9,25175,69927.3,6553.11,2173.31,200.014
106345,82497,84480.9,37842,23461,105708,1284.52,673.885,201.026
40309.4,24820,106435,29111,9712,196439,3666.69,486.816,201.179
86458.5,67615,83800.2,39020.1,25787,99167.1,6099.77,424.703,201.481
49276.5,45021,71730.6,52286.2,50633,67675.8,6252.94,864.57,201.612
128198,98620,85191.3,42505.6,21816,127688,6716.97,460.167,202.205
68164.4,38966,114644,45517.5,23026,129551,6484.67,379.369,202.598
136641,108536,82506.5,78255.6,61356,83586.9,4478.93,430.11,202.668
71710.8,43141,108937,50565.5,22001,150623,15995.5,759.109,202.727
113978,78106,95635.1,70395.6,42654,108160,27591.6,389.039,203.21
133574,87430,100125,88844.2,54386,107059,6438.41,674.409,203.211
62010.3,45777,88776.2,41809.5,23957,114373,3102.98,457.305,203.452
138872,94133,96683.5,81299.6,57265,93042,25312.6,605.018,203.811
85539.9,60198,93125.1,34604,19314,117418,4451.08,677.135,204.284
95031.4,59737,104257,44080,28093,102831,5410,490.302,204.285
65106.3,46982,90818,83856.9,63938,85952.8,3381.02,5109.06,204.316
40931.7,39411,68064.8,13313.7,12471,69964.6,7658.41,152882,204.329
100170,76333,86001.3,47266.8,33977,91169.8,16119,374.002,204.445
57822.7,44900,84398,47447.7,30384,102341,12015.2,528.566,204.823
101089,78674,84207.5,61500.4,43398,92872.7,6423.93,383.421,204.837
131661,92948,92831.5,97989.4,51120,125623,2304.83,734.998,204.898
59074.8,35825,108068,40416,25109,105488,20885,369.863,204.951
78100.4,53381,95884.1,47077.6,29937,103059,1986.26,500.275,205.017
71711.7,49653,94650.8,59321.5,32017,121426,2124.01,525.156,205.032
108529,81292,87493.9,96273.4,78232,80649.5,6868.2,452.036,205.08
33614.8,32452,67884.3,13782.6,15072,59929.4,10876.8,393.555,205.224
51834.8,40225,84451.2,30610.4,19797,101333,3164.05,424.252,205.557
95284,72637,85969.1,72074.7,55673,84843.5,12620.4,472.04,205.646
113607,83418,89253.3,72659,39751,119790,4733.63,939.889,205.648
69315.8,52540,86461.4,43888.4,29592,97197.5,21272.5,402.527,206.003
116809,84300,90809.1,52796.7,27464,125986,19800.3,523.805,207.327
80644.5,57598,91758.8,71882,45530,103467,4721.21,471.9,208.138
80708.2,70066,75490.1,41528.6,39030,69731.5,17315.7,411.963,208.954
91847.9,71416,84285.6,72843.5,50956,93686.1,11604.8,414.922,209.2
20293.9,16556,80332.3,14301.4,8136,115199,1865.26,1185.38,209.216
89490.9,58529,100205,61123.2,44533,89950.5,5600.58,372.136,209.373
119032,94896,82204.6,81086.6,60660,87604.5,23404.7,531.675,210.373
82659.5,76197,71094.3,41289.4,39313,68830.8,2895.38,9325.49,210.841
103161,74210,91102.6,45060.5,24998,118133,16962.7,372.27,211.039
105553,76049,90961,62481,37605,108889,4017.57,604.511,211.072
117839,96660,79895.4,48838.8,44784,71469.7,22900.7,590.113,211.134
156842,103085,99711.9,67594.4,46329,95617.5,8698.48,12551.4,211.306
68438,61521,72904.4,28746.8,24469,76993.4,26192.3,2017.25,212.664
116345,96849,78728.3,84343.6,48005,115145,8231.94,759.851,213.002
53683.6,32679,107660,45204.5,27699,106954,9216.42,523.996,213.446
109335,84259,85039.6,58264.8,44375,86049.4,10420.9,400.95,213.594
100150,61969,105915,38115.7,31701,78797.2,20745.6,377.984,214.414
92914.8,53940,112890,65256,26560,161017,13283,594.465,214.787
68597.6,51348,87551.9,32019.3,23248,90262.3,12961.6,401.744,214.875
140521,98118,93858.4,96614.9,60402,104827,4302.8,841.263,215.522
78293.3,47908,107102,58815.8,29040,132732,3429.71,604.022,215.627
81074.9,65594,81003.2,51726.9,41982,80748.3,2244.19,423.051,215.682
86586.8,58420,97133.7,54086.7,30544,116050,9863.55,441.434,216.155
44609.1,34157,85590.2,28613.6,21417,87557.4,5132.1,442.543,216.249
102356,81514,82292.5,86110.8,59262,95227.2,32898.9,605.43,217.17
150785,110483,89442.2,91173,60311,99071.8,8903.43,423.268,218.1
75141.2,61483,80094.6,44985.6,26031,113256,2026.04,456.241,218.135
109361,79540,90106.8,53570.2,33104,106053,3454.92,483,218.471
89483.4,72515,80871.3,86991.4,66807,85336.4,4304.67,372.262,218.516
112614,85216,86606.6,72899.4,46356,103062,3491.6,500.968,218.545
81980.3,59854,89762.7,51955.4,35274,96528.6,1876.06,459.371,219.06
33212.9,31550,68990.3,18368.8,16954,71005.1,2840.8,1310.53,219.139
108215,85587,82863.1,54015.3,39639,89304.6,6258.02,426.565,219.196
104771,75717,90683.2,65168,43489,98205.3,6773.22,638.118,219.423
45931.6,37584,80091.8,36940,27764,87195.6,1909.65,436.342,219.469
147518,94052,102791,96908.8,51712,122815,1484.67,1064.71,219.48
103494,74539,90993.7,59467.9,38431,101410,3117.09,471.293,219.776
103117,69888,96695.6,56191.8,33572,109692,9051.22,506.14,220.361
99334.9,75489,86237.9,35825,29253,80259.3,22943.1,623.076,220.468
91251.3,54732,109264,46211.3,21416,141413,13976.2,440.863,220.857
143472,99324,94665.6,71209.6,51016,91477,11437.8,452.067,220.956
161049,119617,88235.7,81581.6,68901,77597.3,1300.01,466.871,221.001
57855.9,54504,69566.4,19983.7,20508,63860.4,12142.8,403.455,221.376
106428,79977,87210.5,90473.3,64957,91279.8,3929.72,688.587,221.498
109885,93262,77216.8,55819.3,53290,68646.6,1222.51,377.938,221.853
106752,79733,87744.5,46450.5,39185,77687.3,25997.1,22436.4,221.898
107208,83145,84502.4,57861.4,38237,99171,1642.78,462.573,221.935
113658,69207,107629,70847.8,38531,120503,7215.74,651.734,222.281
107652,72919,96752.4,98367.8,75139,85796.1,7484.36,371.501,222.488
101169,65157,101758,47861.8,20033,156575,11116.7,638.346,222.488
40079.6,29229,89864.6,32977.3,22281,96997.4,2602.87,380.74,222.51
92574.6,62721,96729.5,47097.8,23333,132285,8485.07,378.632,222.789
78349.4,67821,75709.6,37253,33385,73128.9,1275.51,527.892,222.813
100921,83351,79351,60379.4,53875,73448.3,13052.2,387.665,223.051
139711,107198,85412.9,99499.5,87610,74429.8,3178.37,523.24,223.294
92224.1,83117,72716.8,26776.2,26201,66974.7,21041,359.728,223.538
76114.9,67912,73452,15808,13228,78318,9059.88,375.132,223.579
102827,63585,105982,74004.9,44325,109419,20439.6,499.25,223.788
95854,76430,82191.4,81236.5,72762,73168.9,10270.1,372.081,224.233
63868.5,51656,81030,32741.7,21996,97552.2,3954.11,432.566,224.513
108675,77224,92227,62220.3,36012,113231,6804.12,436.091,224.65
139588,89589,102111,106434,49041,142233,23480,708.61,224.959
48829.1,45793,69881,9347.45,9285,65976.8,14097.9,411.757,225.173
120449,81245,97159.4,69074.7,28297,159977,2851.62,1300.52,225.335
70726.5,62872,73723.4,59256.1,56492,68742.6,7951.73,397.095,225.43
74141.8,66725,72820.6,62930.8,55969,73687.8,5159.06,2631.52,225.462
73737.1,63116,76564.3,39873.3,22312,117118,27013.4,474.541,225.993
34813.7,20433,111660,28297,8545,217024,3910.72,480.604,226.009
148714,100148,97317.1,109088,91248,78349.4,10562.9,368.827,226.044
93306.1,83793,72976.4,83332.1,68917,79243.9,16254.7,474.884,226.653
130202,99335,85900.6,77097.7,43539,116049,14018.3,811.826,226.794
50513.4,34841,95015.8,39046.3,21997,116331,4411.03,539.169,226.839
110597,89216,81242.1,29456.1,19044,101367,17545.8,372.763,227.439
68457.9,56557,79326.3,26202.6,18489,92877.6,2844.05,414.53,227.613
74657.6,61530,79518.3,30503.3,21374,93527.8,7849.24,410.184,227.63
91009,81360,73308.4,60331.8,56676,69763.3,3903.2,410.61,227.659
57002.8,53550,69761.7,38105,38762,64425.2,1507.32,3112.69,227.963
90062.9,78643,75052.6,23778.6,23767,65567.9,6728.68,374.157,228.025
102870,74609,90360.1,74791.5,49429,99163.2,4325.31,542.244,228.057
117993,104230,74189.6,37463.6,35570,69024.8,5026.71,397.635,228.615
75195.4,64253,76696.9,28593.3,22201,84405.8,9740.3,397.541,228.648
68426.6,60448,74186.2,41107.4,37316,72194.6,6474.52,433.377,228.796
111121,100580,72404,75249.7,72672,67860.5,13648,418.148,228.867
123346,91264,88573.9,87697.1,63060,91140.4,2367.09,394.944,229.091
67121.3,63467,69309.4,29684.6,30399,63995.8,1505.74,376.692,229.153
67674.2,62052,71473.9,19456.5,19376,65808.3,14291.8,416.589,229.437
73707.6,63590,75963.3,44153.8,42626,67884.9,6508.35,38242.3,229.47
103574,87682,77413.9,55431.4,49134,73935.6,8937.06,499.239,229.536
49538.7,40974,79234.8,32660.7,23898,89566.3,8650.62,366.488,229.566
109546,82959,86539.5,44377.5,36283,80156.6,5173.24,486.508,229.597
88386.1,81663,70931.4,34067.3,35003,63784.1,4016.67,374.512,229.712
153759,109181,92294.2,94069.5,73049,84394.6,13570,373.216,229.717
113723,95285,78217.2,51237.8,43265,77612.9,2195.14,446.094,230.451
142023,88412,105276,66123.5,43112,100517,12289.3,393.328,230.455
60951.1,55713,71697.6,22621.9,22853,64873.3,10141.4,393.193,230.522
70198.4,57748,79665.4,55358.8,50464,71892.7,8587.04,410.543,230.64
84965.1,47514,117192,49070.8,18254,176175,11186.5,675.286,230.696
43153.8,23403,120845,35266.8,15935,145042,3580.52,631.891,231.045
94118.4,82920,74386.7,30421.2,29660,67217.9,5063.63,497.603,231.055
106364,67976,102546,59213.2,34796,111524,33856,470.599,231.423
116097,102073,74539.9,37312.5,33213,73625.1,1620.13,466.593,231.508
87882.6,78019,73821.4,88423,76663,75589.1,1326.5,542.848,231.956
94115.5,87064,70843.9,30980.5,30588,66376.9,8680.35,368.462,231.957
59895.6,41497,94592.8,46631.3,22205,137628,5745.52,598.011,232.09
84027.5,73465,74958.5,31917,30717,68096.2,7490.14,149642,232.231
117304,92622,83000.2,94328.9,75274,82125.8,5266.05,384.427,232.302
130205,92816,91935.9,85860.9,52804,106563,14297.7,836.584,232.91
118859,101341,76864.9,36368.8,33321,71530.4,4886.02,420.757,233.326
115529,91743,82527,62272.7,45179,90331.9,1419.57,418.767,233.338
77373.7,70840,71580.5,34462.4,33596,67226.1,10414.1,371.956,233.507
102838,86742,77697.3,72440.1,64914,73134.2,3689.46,370.796,233.547
102648,78089,86146.6,58358.8,41149,92945.2,1556.64,399.648,233.671
94307.4,67538,91511.9,47698.8,29398,106333,3658.03,412.823,233.723
56142.1,46365,79355.8,28995.5,17625,107816,4152.93,425.394,234.236
104639,82839,82782.3,62264.4,49427,82557.3,4967.03,515.687,234.431
64253.3,39559,106446,36910.2,20531,117819,4347.54,370.225,234.503
54640.2,48373,74026.8,43407.6,41745,68146.2,1567.97,10399.6,234.748
59337,52368,74257.4,30731.8,27700,72708.9,24113.1,395.06,235.441
67220.1,45197,97469.7,41680.9,22089,123663,3071.16,430.333,235.503
114603,90321,83155,59707.1,43765,89408.5,1341.14,409.835,235.633
67439.5,53032,83340.6,44801.1,28668,102417,5572.95,395.16,235.945
126781,84639,98166.8,48766.2,22331,143117,6886.78,594.019,236.42
96497.2,81420,77671.8,111747,82552,88713.2,5202.31,2288.48,236.423
84962.3,69398,80234.1,45830.5,41570,72252.7,16870.6,619.349,236.511
73243.1,64281,74673.1,34635,32893,69006.7,16667.9,449.526,236.753
109774,74146,97027.1,63611.5,32582,127949,9219.24,383.994,236.867
118879,85274,91362.8,116060,92606,82133.7,6787,373.106,237.184
144521,108453,87331,73143.4,54625,87753.3,9442.46,426.8,237.207
91104,82240,72599.6,40513.6,33428,79427.3,15344.7,437.675,237.229
89646.8,64388,91245.1,48627,24688,129084,22562.2,529.407,237.706
60705,44961,88484.8,40319.6,19381,136339,2425.4,599.894,238.264
75623.8,68717,72123.1,37028,29673,81780.4,11697.8,400.842,238.264
66514.3,59916,72753.2,22989.6,21320,70668.3,29088.6,695.739,238.47
135477,96616,91895.7,69547.2,46700,97598.4,38744.5,775.354,239.108
67601,54200,81739.9,38222.8,32236,77707.2,6824.97,383.073,239.466
97316.1,66047,96563.2,54529.4,25835,138325,1619.49,931.594,239.75
104112,61172,111540,62179.9,24496,166355,2981.84,436.411,240.033
90314.6,78598,75305.5,87660.2,77762,73877.9,22248.5,391.679,240.291
108364,80556,88158.8,75497.2,50072,98813.4,19017.1,638.485,240.479
121406,91407,87044.5,76249.3,57627,86714.1,6465.79,468.385,241.052
100738,80761,81746.9,47470.3,43373,71727,15920.4,460.175,241.318
63029.6,53055,77857.1,93460.2,79659,76890.4,2987.52,1998.41,241.538
84716.3,69820,79518.3,26028.9,14456,118001,9386.03,366.849,242.085
106720,74497,93883.1,78738.7,53349,96725.8,24121.1,528.053,242.148
55217.8,38597,93757.4,28276.8,13025,142276,11042.2,394.411,243.176
22749.7,20032,74427,16142.4,12452,84958.6,19350.9,1923.2,243.216
27303.9,25777,69418.1,19049.5,18117,68909.3,3484.4,5737.97,243.355
113108,78153,94847.8,55383.8,34717,104549,1382.74,413.799,243.677
111345,88054,82870.6,55062.5,39618,91084.2,7165.32,381.778,244.368
66648.2,55488,78717.1,46518.3,29780,102371,2284.06,577.017,244.484
92964.1,75449,80749.9,58097,47325,80453.1,2718.33,378.639,244.781
68735.4,50038,90024.4,42315.2,26722,103779,5085.47,563.584,245.634
64226.6,44162,95311.8,46638.5,25654,119143,5271.42,537.422,245.66
114758,85504,87958.3,110968,86804,83779.2,19833.5,535.776,245.755
155654,125560,81243.4,78905.3,57596,89783,7942.04,617.103,247.014
64809,42003,101120,45389,18951,156963,9159.16,639.046,247.105
43532.8,22879,124698,25768.3,9483,178082,3586.75,402.885,247.394
40484.3,25637,103490,38764.3,21537,117958,3894.59,536.618,247.511
158560,115191,90209.9,86924.7,56931,100063,1957.25,744.3,247.695
113769,70991,105027,131959,67387,128334,3522.41,1845.94,248.372
84767.5,73296,75793,48060.5,38532,81742.3,3578.24,417.893,248.573
64854.6,61414,69207.5,50166.8,51074,64372,19980.3,601.649,248.608
102592,71126,94529.4,50598.8,37794,87739.9,33548.6,810.866,249.068
91525.9,64130,93532.5,55173.2,31414,115102,15639.7,449.418,249.182
87761.9,79161,72656.6,69161.6,66317,68347.1,30610.5,606.418,249.704
105087,95439,72161.1,55484.9,53275,68254.5,1387.09,448.795,249.715
27602.3,23798,76012.3,13419.6,11010,79879.1,1233.21,685.929,249.738
85939.9,60530,93047.3,46511.2,23990,127059,4169.92,601.379,249.831
134745,96361,91641.4,62591.6,40317,101744,4365.95,424.209,250.528
68374.4,50372,88957.8,40352.9,24336,108669,2262.19,513.036,250.534
115274,75475,100094,73605.1,47623,101291,7091.32,605.842,251.332
76021.9,58870,84630,49066.1,34226,93951.8,16908.1,363.317,251.332
124554,101781,80199.1,96697,83089,76269.3,49856.9,357.704,251.603
63020.1,47224,87457.4,36856.7,26300,91841.8,17176.7,391.084,251.797
114907,100277,75097.6,58624.2,47297,81231.2,33466.6,389.937,251.822
47564.6,28599,108997,37919.4,17043,145813,6746.09,412.142,252.635
62719,51341,80059.8,50432.2,39913,82808.2,2142.32,383.14,252.729
58429.8,55196,69375.5,25896.8,26424,64228.4,19804,408.802,252.973
89614.4,73125,80314.2,53371.5,37809,92511.2,10242.6,390.105,253.629
66961.7,43376,101171,34407.7,14916,151176,11196,578.277,253.966
104776,78596,87366.1,45478.2,22736,131090,5982.75,561.805,254.534
70082.4,62470,73522.1,27113,26226,67752.4,18070.4,391.308,254.624
83557.3,70749,77400.5,30289.1,25721,77175.3,29251.9,7445.6,255.051
62042.6,53365,76192.7,39742.4,33713,77256.9,13959.1,373.878,255.269
140936,106697,86566.6,64864.5,57453,73990.2,1860.21,594.385,255.419
83325.4,69165,78953.5,49834.8,36937,88420.2,8225.77,367.857,255.646
109084,85143,83963.6,69315.1,43523,104373,18468.9,401.962,256.376
70100.5,62500,73505.7,21395,20048,69939.3,16105.1,545.014,256.475
60373.4,49792,79463.3,36654.4,27892,86124.4,2702.86,378.653,256.721
78391.1,67460,76155.4,23307.3,20208,75587.4,18044,514.331,256.898
125309,95507,85985.7,66125.9,59111,73313.4,11250.6,486.23,257.225
92467.3,64133,94490.2,52486.1,30033,114532,7985.83,433.065,257.263
70738.9,63704,72773.2,26161,25212,68002.7,14009.6,436.834,257.285
74774.5,56575,86618.1,50046.6,31451,104285,6362.16,579.475,257.805
92472,62533,96912.8,52437.4,27041,127086,20811.4,862.927,258.336
61170.5,57604,69593.6,22892,23888,62803.6,17066.5,1069.18,258.681
114640,87597,85768.5,65843.9,45833,94149.3,7278.36,382.679,259.361
107190,85925,81755.4,29651.2,23073,84220.6,18444.4,464.983,259.448
70461.5,46493,99321.7,54001,27481,128780,18815.8,553.66,260.198
82403,65956,81878.3,62448.8,47344,86444.9,3088.08,510.318,260.368
125416,90622,90698.4,53978.4,33322,106162,21577.3,490.262,260.411
39855.3,37863,68984.5,15647.3,15171,67593.6,18118,391.266,261.148
69672,63692,71689.2,25686.2,22200,75827.4,2732.13,419.627,261.441
87488.4,66518,86196.8,46941.9,29858,103034,18598.4,416.849,261.517
79139.8,57153,90747.7,44407.2,27509,105793,2832.4,393.54,261.602
147076,99909,96475.6,60942.3,42657,93628.5,40971.2,350.42,261.614
35554.7,34525,67490.6,25112.6,26009,63277.2,6515.1,6680.34,261.768
53834.6,42434,83143.3,49320.7,41014,78809.3,3202.31,408.219,261.812
96991.2,72426,87764.3,74990.2,60446,81305,4382.4,442.194,262.121
98344.9,76336,84431.1,102269,69508,96424.5,2638.31,1326.71,262.39
124804,108018,75720.5,42563.9,31510,88526.5,11788.1,414.763,262.477
132735,107706,80765.4,74367.9,68670,70973.8,18081.8,434.298,263.02
53537.3,45687,76796.8,27010.6,18115,97718.4,4193.6,509.358,263.251
89284.8,65042,89962.9,44397.7,29302,99298.6,2348.26,376.961,264.142
115625,76644,98867.9,85887.1,49344,114071,17150,744.107,264.304
29981,28208,69655.3,15063,14180,69617.1,2497.2,1488.83,264.468
85749.9,64639,86939.8,80377.4,63739,82643.4,10202.7,55736.1,264.828
117177,83792,91647.2,54297.3,37428,95074,17393.6,462.895,264.987
57796.1,44889,84379.8,26551.3,16061,108341,18231,598.168,265.097
50390.8,32436,101813,40381.5,18064,146504,3145.62,679.268,265.257
74008.8,63595,76267.6,33405.7,26415,82880,2112.47,391.166,265.307
81573.6,59668,89595.9,56932,30656,121708,8571.7,706.556,265.307
110859,95116,76383.3,22675.5,17032,87251,2345.21,4332.96,265.55
116788,81396,94032.1,44567.9,22144,131900,4886.45,588.757,265.669
79293.6,65663,79140.3,49477.8,48219,67246.9,21726.7,435.132,265.689
103919,70449,96671.5,51452,28149,119790,6031.75,543.762,266.042
56608.6,44328,83692.1,28395.8,15132,122981,9252.71,370.965,266.122
77755.6,67477,75518.9,56517.9,45217,81915.1,1883.52,1047.36,267.27
40277.1,32946,80119.1,41097.8,27558,97735.3,4957.45,3495.69,267.464
122314,85986,93224.4,82946.6,59174,91864.4,4668.52,499.946,268.438
61971.3,52005,78095.5,26483.5,15345,113107,5201.42,416.483,268.462
50376.6,32664,101074,37505.2,14684,167389,4815,490.819,268.826
37614.3,34181,72118.8,21586.6,17665,80084.9,2049.97,1163.22,269.142
70047.3,49794,92192.2,34883.7,16134,141697,3917.72,389.598,269.703
121837,96121,83069.1,38303.7,28957,86689.7,19749.6,375.849,269.74
100109,76627,85619.3,50688.1,42487,78186.1,1433.24,471.755,269.884
73521.4,67479,71404.5,30554.4,31043,64504.6,13236.9,362.505,269.887
88361.4,81410,71132,37893.2,38326,64795.9,2956.21,388.433,269.889
104503,65256,104951,111280,78956,92366.4,17640.4,728.681,269.944
96548.5,67824,93291.5,61888.3,43876,92440.4,7752.61,431.268,269.945
63589.2,39705,104959,42471.1,21469,129647,6056.48,668.741,270.278
76255.5,67788,73722.2,46329.1,45432,66830.1,11401.8,376.099,270.428
96216.9,86788,72656.1,51803.1,49760,68226.8,1728.02,398.499,270.435
45403.3,37833,78649.7,30215.3,23117,85659.4,17066.5,450.179,270.689
69793.6,63103,72484.6,48649.6,41291,77215.4,13854.2,393.969,271.252
67300.9,62248,70855.8,17284.8,17004,66618.1,5023.25,387.638,271.452
149217,100636,97173.1,45333.1,30184,98427.9,11786.3,365.765,271.497
91173.4,61450,97235.8,33847.2,20862,106328,13820.2,964.998,271.628
88828.8,75674,76928.5,48979.2,45902,69929.5,3560.67,496.908,271.752
48245.8,44496,71058.8,23231.2,22516,67617.6,5522.59,427.204,271.752
45448,35410,84114.1,22157.8,9014,161098,3829.65,492.674,271.823
114390,98852,75836.9,57239,48128,77942.5,12404,461.228,271.837
95182.4,85133,73272.1,41484.6,39417,68973.6,12393.8,516.237,271.917
103582,69653,97459.8,62110.9,35873,113470,24029.1,360.133,272.014
118292,101783,76165.9,54749.5,48051,74672,5631.43,585.11,272.044
135900,97926,90950,48813.8,35746,89494.3,10519.6,411.865,272.103
95561.4,85033,73650.4,87187.7,78493,72795.5,19432.3,551.125,272.218
112305,94452,77923.5,66210.4,56736,76479.9,3392.23,450.054,272.247
143846,98424,95780.5,89704.6,66028,89036.2,2882.61,373.497,272.252
42336.8,35186,78854.7,30700.8,22694,88658.2,1409.33,685.776,272.27
89352.3,70762,82753.3,25003.1,18494,88601.9,10287.9,480.066,272.296
33495.1,32855,66812.8,24999.5,26067,62852.2,2975.17,395.416,272.296
99185.7,74128,87689.3,72906.5,50660,94315.1,23310.7,636.757,272.458
85170.4,77311,72198.3,32274,30699,68898.3,3712.68,420.776,272.963
150381,95529,103166,51961.4,35773,95193,25157.3,453.153,273.307
152604,104947,95296.4,76005.3,56615,87981.7,10108.2,379.222,273.46
106482,76633,91062.4,49670.6,30765,105809,33961.4,410.508,273.579
70003.6,64920,70667.8,24243.9,23996,66213,13941.6,546.893,273.584
84536.7,72950,75945.1,56669,51506,72105.4,4799.66,376.832,273.736
66351.8,51607,84260.5,29978.5,20531,95692.8,2684.94,486.668,273.941
108057,94531,74913.1,40688.5,38983,68403.2,3262.15,379.167,274.097
119352,79965,97816.2,59833.2,33209,118077,41785.9,388.713,274.232
66110.5,53281,81316.4,32358.5,21669,97865.4,1332.32,451.843,274.377
91046.1,54370,109744,56351.3,26566,139014,10128.1,717.205,274.395
40373.1,38654,68450.6,18742.5,19706,62331.7,15390.5,494.635,274.506
128083,111891,75019.7,53732.1,50743,69396.5,12867.2,430.826,274.919
127386,87361,95562.1,129248,90277,93827,17961,485.403,275.019
106924,86463,81045.1,38796.4,32203,78954.1,12589,409.068,275.041
71985.3,63361,74456.3,29678.6,28181,69018.7,6722.52,196014,275.431
119137,100157,77955,58997.8,54921,70400.8,9094.42,372.102,275.431
109555,81471,88127,56009.7,42491,86386.6,32029.3,373.186,275.502
149339,114322,85609.8,79380.1,45910,113314,16129,3918.99,275.622
66016.4,61494,70355.7,23303.8,23410,65238.6,6321.59,383.51,275.662
38082.6,24300,102707,28947.9,11624,163208,12280.8,513.335,275.804
73141.4,65524,73154.8,94462.2,79968,77414.4,2115.61,428.163,275.901
95449.4,58561,106818,54366.3,24885,143177,13346.1,488.41,276.107
43242.1,32257,87854.2,22874.2,13541,110707,3263.56,463.166,276.138
104501,73377,93334.1,101350,72613,91472.2,2738.98,1675.62,276.171
113495,85338,87159.1,66009.3,46190,93656.3,4076.19,372.46,276.303
64613.3,47086,89931.1,39478.3,22282,116114,8776.13,420.379,276.441
100542,87749,75090.8,45900.7,40961,73439.3,18358.4,596.057,276.471
64123.1,46873,89654.4,39579.4,25021,103668,7133.6,448.805,276.487
112297,88137,83500.4,80433.3,63821,82594.7,14516.4,442.394,276.987
72592.4,67824,70143.5,23006.3,23316,64665.4,16613.3,536.573,277.3
59708.4,44642,87654.1,70306.4,34198,134733,6607.32,475.262,277.479
108601,75933,93731.1,69402,44857,101396,20126,760.522,277.581
121923,104068,76780.1,53410.8,50784,68925.8,22354.5,377.587,277.764
93195,67140,90968.5,41859.4,24096,113849,1815.44,556.423,277.848
120395,77064,102385,46662.3,26252,116489,7663.98,377.345,278.092
107960,76330,92693,51738.8,39982,84807.1,6034.37,625.76,278.19
76844.5,68052,74003.5,36514,34368,69628.1,10172.1,408.166,278.32
112115,87756,83727.4,76896.6,62792,80257,1599.86,777.611,278.326
76364.8,67992,73606.4,54016.5,53740,65873.2,1608.95,404.603,278.326
114300,91390,81965,40782.5,33610,79521.6,5475.37,395.245,278.407
132198,108000,80219.8,70622.9,62372,74205.5,5477.35,429.243,278.467
36982.6,26424,91723,28887.3,17132,110504,5923.86,406.856,278.615
38281.2,27787,90286.7,35748.8,18431,127114,5791.61,522.971,278.616
81879.5,73652,72856.9,47395.3,45136,68816.5,22191.2,402.729,278.676
46023.7,29443,102442,42293.8,24663,112386,4711.1,419.909,278.792
111872,92255,79471.5,53329.9,43243,80822.9,1742.06,521.487,278.857
62453.9,52310,78244.7,45849.5,43058,69784.8,17234,377.034,279.075
78337,59980,85593.4,32747.6,19928,107695,2169.84,472.116,279.285
94448,73914,83742.6,56162.1,41198,89340.2,13999.7,673.843,279.324
78591.6,70640,72913.1,48656.7,41764,76352,10782,562.637,279.324
87442.8,72690,78836.8,34813.5,25718,88713.5,3092,377.315,279.326
49552,46577,69722,13048.4,13013,65714,7671.03,385.338,279.532
108034,93279,75902.6,39530.6,38507,67278.1,1369.73,406.811,279.753
116491,83225,91731.4,51713.8,37373,90683.6,18356.7,433.059,279.846
131550,105058,82062.1,134145,112966,77822.8,1548.58,479.655,279.883
56643.8,36008,103094,30392.6,16172,123164,6279.62,411.547,280.079
52435.3,48793,70428.1,24317.7,24077,66191,4587.33,421.016,280.429
67518.4,49025,90257.8,41602.4,21909,124445,6908.04,505.001,280.586
140862,110073,83867.5,53094.2,34957,99539,11464.6,402.044,280.598
151393,108949,91067.3,126315,83233,99457.9,7721.67,841.294,280.761
113566,68583,108520,94933.4,41955,148291,2416.71,938.901,281.024
114590,92800,80924.2,53857,45604,77396.1,10063.1,473.261,281.051
48942.1,46153,69496.4,17327.6,17389,65304.6,3590.64,374.882,281.299
103018,89889,75108,37355.3,35861,68266.8,7502.06,384.485,281.305
97064.4,68104,93404.3,57944.7,37532,101179,1269.96,390.897,281.508
147015,112177,85889.2,62917.7,43717,94319.7,4065.46,374.47,281.557
62722.8,39968,102847,43206.5,22100,128126,3638.5,454.84,281.608
77915.2,62636,81522.6,26065.8,17592,97103.6,16487.1,644.682,281.871
102844,76964,87573.3,42769.8,32656,85833,10337.4,420.023,281.971
62801.6,37363,110156,35421.5,14791,156946,4879.91,434.762,282.048
93786.9,76777,80055.4,51884,37565,90517,13387.6,404.374,282.297
77770.8,62064,82121.5,62037.1,53204,76416.5,27713.4,659.934,282.364
80873.5,57057,92891.8,64273.1,43301,97277.2,8830.63,544.331,282.66
131035,98857,86868.3,49148.2,35181,91554.4,23637.8,440.473,282.777
118763,101661,76561,70924,65737,70707.1,9220.33,494.993,282.884
67765.4,60946,72869,14433.5,14102,67076.6,12729.8,1605.95,283.265
103772,84357,80619.5,82879.9,69521,78129.2,17778.7,507.561,283.492
145935,90529,105646,64282.6,35509,118641,17801.4,499.541,283.862
147559,92169,104920,93476.9,62269,98381.2,1882.46,523.365,283.865
72001.4,53892,87558.2,34432.7,25200,89546.8,11214.7,400.261,283.919
94239,62080,99485.4,53531,28260,124140,1374.5,508.806,284.414
130374,90770,94130.3,61999,32694,124279,6905.69,400.003,284.678
155873,124297,82184.6,62679.7,53917,76187,22750.1,746.244,284.85
67462.4,46226,95643.4,45500.8,25414,117335,10958.6,523.484,284.978
108802,76568,93125.4,62062.1,38028,106955,1497.54,570.7,284.997
61474.5,37796,106593,40364.8,19168,138009,7686.46,594.325,285.364
78658.1,66590,77413.1,40892,28138,95241.2,25399.2,425.943,285.647
131036,96319,89157.9,44182.3,31499,91924.6,36639.5,565.182,285.753
95029.4,73826,84358.5,50202.5,28630,114917,1611.57,486.6,285.756
129199,91153,92889.9,79553.9,54149,96283.3,7101.32,666.833,286.39
82376.4,65879,81947.5,40744.4,35619,74966.3,32571.5,615.715,287.058
92765.6,73821,82354.4,31418.4,22169,92879,12691.1,432.979,287.268
134247,95834,91804.9,87613.8,57166,100442,1603.27,688.608,288.066
142888,112348,83350.7,92860.5,76136,79932,21035.6,408.733,288.481
74466.7,49789,98018.6,44973.7,26025,113252,18791.3,508.681,288.592
63559.8,34688,120083,50685.7,24820,133833,11654.1,579.88,289.098
96178.9,65239,96616.8,56905.8,32515,114697,4569,872.032,289.385
57537.7,53118,70988.9,26840.5,23530,74756.3,9304.87,592.92,289.496
51284.8,37405,89854.3,34526.7,17529,129085,5219.01,438.468,289.749
75903.1,48161,103287,44665.5,26357,111060,22204.5,384.717,290.317
116303,88508,86116.7,77254.8,54056,93661.6,1947.91,420.308,290.582
48852.8,37841,84607.1,30959,14805,137044,10822.5,557.602,290.718
109415,81305,88194.3,51562.7,32013,105558,1827.73,419.413,291.529
117155,102459,74936,74732,68751,71237.3,1813.75,1009.42,291.534
88184.7,51553,112104,41089.5,14341,187772,5669.84,557.076,291.922
54388.4,32695,109020,30975.7,9331,217557,11644.3,394.888,291.96
74368.9,69164,70467.8,41228.7,40872,66108,20554,384.151,292.495
91128.8,67431,88567.8,60071.2,37203,105820,2412.32,496.905,293.277
75775.8,67611,73450.2,49201.7,35999,89571.5,4679.4,484.936,293.428
85976.9,75137,74990.8,45607.9,42533,70274,26199.8,2194.25,293.753
71662.3,53655,87530.7,36824.6,22067,109364,2981.81,438.411,295.343
113241,68356,108569,53660.7,37056,94902.5,24233.1,418.956,295.742
134236,99790,88158,57095,32570,114884,2958.87,467.431,296.116
147703,91415,105889,71351.2,36003,129880,17152.7,511.105,296.43
159919,120650,86866.7,107674,74254,95031.9,16160.8,458.966,296.838
57989.9,54040,70326.2,25626.7,24812,67687.7,1778.11,491.456,297.023
65482.6,43496,98663.4,44001.4,23708,121633,8287.13,412.803,297.422
61538.1,44865,89891.1,43774.2,31733,90403.8,9233.34,501.982,297.566
85929.4,54039,104211,50087.1,33523,97918.1,10655.7,374.747,298.08
86555.4,72001,78783.6,47400.1,39877,77899.8,2581.52,477.758,298.191
91553.4,63840,93985.6,56301.3,35252,104668,1389.47,448.793,298.303
62902.3,44963,91683.6,32125.2,18039,116712,12959.1,408.746,298.607
106397,79165,88079.9,55271.9,37561,96437.8,2472.4,446.853,299.737
136742,105190,85193.7,77871.2,50482,101093,6259.38,617.564,299.797
82829.5,57696,94084.8,65620.2,40452,106311,2310.53,756.994,300.016
92236.4,82068,73656.1,71210.8,69200,67440.3,1796.74,526.44,302.567
101036,87244,75896.5,50507.2,43720,75709.9,8804.37,448.354,302.846
72465,57945,81958.2,38652.4,25997,97439.1,15775.8,417.3,303.065
112347,91018,80893.6,37109,29102,83567.2,24147.2,539.03,303.066
78101.4,55378,92427.6,24496.2,10390,154512,13748,415.061,303.628
74591.1,61904,78967.5,23005.1,17732,85024.9,10291.7,567.063,303.949
64063.3,56680,74072.9,45950.7,45164,66677.5,1612.45,410.6,305.28
60412.4,45725,86586.9,39869.8,20409,128027,12923.9,777.777,305.558
64717.8,53997,78547.8,32372.8,21801,97315.8,8677.64,499.464,305.558
96881.9,59498,106714,61532.5,39054,103257,25751.1,353.638,305.785
65289.7,44771,95571.4,48253.3,28215,112080,19893.5,591.724,306.625
76492.1,64190,78096.1,83084.6,72650,74948.9,2109.11,681.168,306.931
74214.9,62012,78432.4,36844.8,24920,96896.4,4726.48,427.896,307.839
87746.8,70986,81009.9,52658.7,36350,94939.2,26991.1,352.561,308.418
111297,82343,88580.4,68076.3,39203,113804,11331.8,463.159,309.001
117830,82186,93959.2,66087.8,49150,88120.7,19644,560.941,309.053
105209,76874,89691.7,54356.8,32142,110831,4328.37,381.241,309.787
120054,76203,103249,71582.1,36159,129738,9110.89,389.088,309.923
101824,85444,78099.4,43844.4,26032,110379,8701.6,2639.44,310.346
123246,96577,83633.5,49593.3,38485,84452.2,7270.73,424.686,310.395
133411,85996,101670,76935.9,39352,128127,15955.7,602.144,310.9
86164,75125,75166,29876.1,27601,70938.1,4901.2,8549.74,311.068
58757.5,50376,76439.8,59547.6,53852,72467.4,2432.25,932.888,311.358
70192.6,61631,74640.1,23631,20971,73848.8,19399.7,381.153,311.412
75695,68954,71942.9,38963,38446,66417.3,26652,754.855,311.523
98098.9,66449,96751,74397.6,39653,122960,13445.7,831.324,311.693
58875.3,53721,71823.9,56735.6,55101,67480.2,1757.2,755.474,312.263
60091.3,41188,95613.9,41952.3,19504,140965,8855.97,719.309,312.381
74988.3,69585,70624.8,32909.5,32613,66131.7,2633.91,372.713,312.495
70525.1,43940,105187,44501.2,24592,118593,13851.3,436.971,312.693
144121,92900,101669,73935.9,47696,101591,17833.2,521.513,312.925
96849.6,82518,76918.2,47279.9,43842,70675,3599.89,500.874,312.93
92707.6,84246,72118.4,32022.9,31346,66951.2,17938.9,442.422,313.075
123274,105506,76572.7,54690,52726,67977.2,6857.17,377.045,313.53
65207.1,59759,71510.7,25702.8,23515,71633.4,14279.5,658.6,314.15
161792,103012,102931,76039.8,47472,104974,7496.98,412.49,314.169
126354,91361,90637.4,102557,71925,93446.6,1954.67,556.303,314.221
67706.5,60052,73889.5,21111.8,14688,94198.1,3870.7,442.639,314.535
69282.5,51575,88036.9,52527.8,33395,103083,5189.86,694.493,314.605
43624,29280,97641.5,36991.2,19524,124168,1539.04,480.663,314.695
80365.3,73862,71306.2,50005,50434,64978.5,12876.2,379.818,314.984
53701.6,49703,70808.4,18797.2,18611,66191.8,11490.5,419.022,314.985
132505,83145,104442,79617,48493,107599,1247.51,581.917,315.034
125098,97894,83747.9,84566.2,64546,85863.2,21091.6,505.684,315.453
87910.1,51221,112479,57179.5,23537,159210,3668.51,637.814,315.573
96078.3,74585,84421.6,88168.3,53933,107137,11179,710.292,315.657
64564.8,60894,69486.7,38037.2,38458,64818.8,4371.12,389.204,315.665
78616.3,50383,102261,52856.2,28091,123313,5616.63,425.122,316.206
151024,100552,98432,111021,89196,81571.8,10788.5,415.631,316.517
112982,79769,92822.5,47899.9,24717,127004,19228.1,510.302,316.54
29145,26963,70839.7,26368,23031,75031.7,1390.22,384.793,316.547
104758,82683,83033.4,83338.1,64063,85254.3,3435.11,959.017,316.819
116501,82321,92747.1,66699.5,52597,83107.8,27735.2,629.915,316.862
60296.5,52462,75322.9,35675,28794,81197.4,8782.08,4729.37,316.917
132588,106999,81208.9,50308.4,40995,80424.8,6560.85,377.303,316.928
64906.8,43732,97268.3,45809.1,23904,125592,3242.78,510.184,317.199
107676,66013,106898,44889.2,27209,108121,1562.81,380.643,317.59
64218.1,40240,104587,29370.4,9700,198435,2173.03,505.113,317.909
104111,87841,77675,56229.9,51157,72034.8,16501.1,360.67,318.052
90423.9,75103,78905.2,33592.5,16923,130090,10548,425.84,318.223
117378,81129,94818.1,83407.1,52381,104354,2978.81,594.413,318.422
105000,90365,76149.6,51359.2,48649,69187,1534.89,3300.67,318.487
105009,88712,77575.6,47940.3,39388,79765.9,8561.51,559.565,318.715
22186.3,20429,71173.4,12232,9577,83704.4,3817.91,376.685,318.769
112755,85421,86506.6,41134.7,28377,94999.7,21848.9,21298,318.949
95767.6,77845,80624.7,50720.2,38065,87324.3,1997.14,588.266,319.007
146643,119634,80331.6,55280.3,49510,73174,14717.2,371.22,319.164
74864.8,62700,78251,50389.4,45928,71902,7792.03,418.233,319.166
67875.6,55468,80195.7,34308.9,26584,84579.7,7130.85,378.808,319.232
141741,120900,76833.2,119877,115392,68083.2,9302.51,488.922,319.361
123577,90977,89019.6,88790.7,65733,88524.6,4245.4,455.313,319.417
80123.9,72499,72428.6,42943.5,41847,67253.3,13068.5,1543.65,319.438
155854,119138,85733,101361,79030,84053.8,12907.2,370.791,319.454
87982.4,78131,73799.3,27537.8,27047,66725.2,1283.45,458.885,319.562
67870.9,63216,70361.7,14902.4,14836,65829.2,3302.4,397.132,319.562
153445,109884,91516.2,64790.7,44088,96310.3,10173.2,519.166,319.652
75378.7,63153,78223,24230.8,17813,89147.7,16986.5,373.249,319.881
71022.9,65818,70718.6,34849.2,29870,76460.5,4637.75,382.973,319.97
87199.5,71477,79951.7,45092.7,28977,101984,9104.33,544.094,319.988
110125,90033,80161.1,48394.9,34533,91842.9,6426.06,405.42,320.156
103210,75562,89515.4,59297.7,36894,105332,17804.3,551.539,320.188
91671.2,69287,86708.4,46195.8,39859,75954.9,13527.9,412.252,320.192
87012.4,72207,78973.6,61803.8,53339,75936.5,15092.8,404.893,320.285
131725,94105,91735.1,49527.8,25277,128411,10753.4,465.662,320.311
157801,123500,83737.9,51369.9,42600,79027.7,14573.3,362.344,320.359
139642,114319,80053.2,71168,52939,88102.6,6631.8,519.241,320.518
110304,97096,74450.6,62287,60380,67605.8,1463.31,443.729,320.591
97212.5,88671,71849,32671.5,31835,67257.9,8223.68,547.859,320.769
117348,103435,74351.1,51298.5,47407,70915.7,8355.3,383.744,320.775
83999,71160,77360.3,48753.1,43516,73423.2,29604.2,360.292,320.862
122389,95718,83797.4,61148.2,45410,88249.4,7384.74,547.587,320.871
146423,102215,93880,62300.1,46147,88475.9,24357.3,380.848,320.954
49540.6,44486,72982.3,38027.6,36290,68674,1706.01,551.518,321.079
82367.9,74857,72111.6,31098.3,30509,66801.8,15971.4,376.13,321.325
52565.4,50563,68131.4,20921.4,21207,64653.4,15503.5,391.537,321.34
90136,76608,77108.8,60945.9,57124,69920.7,2482.67,484.844,321.34
126931,79394,104776,64169.6,21510,195510,2225.43,809.067,321.556
105434,85036,81256.3,52022,41960,81251.6,3291.09,449.142,321.568
103509,93730,72373.6,50833.2,49318,67549.5,13517.4,398.261,321.621
71350.7,56568,82662.3,42393.8,34684,80103.7,8039.49,526.018,321.902
73664.9,61929,77955.4,40730.1,32941,81032.4,2591.85,407.749,321.923
85367,75035,74560,22735,18799,79257.3,4308.25,371.259,321.923
99921,76237,85895.6,32891.6,26617,80985.2,8986.28,462.196,321.951
59583.1,56609,68979.1,28569.5,29781,62870,10039,395.282,321.951
87546.3,70648,81211.6,59735.6,54300,72096.4,12628.7,371.033,322.015
74278.6,64506,75464.6,44144.2,40830,70855.7,7084.35,385.848,322.025
145145,115237,82544.8,87950.5,79697,72323,5149.35,493.528,322.105
117649,71612,107667,48328.3,30040,105434,17794.9,442.547,322.184
77045.9,67866,74400.8,29045.5,27630,68893.5,6779.49,405.113,322.288
139088,115068,79216.2,89022.7,83096,70210.3,2060.32,373.211,322.296
66503.8,60475,72069.3,35492.9,35759,65048.4,18820.8,433.656,322.346
93840,78755,78089,56933.2,49767,74972.8,3760.99,461.734,322.424
100978,74287,89083.1,28128,19883,92712.3,22781.3,418.217,322.495
87919.6,80007,72017.5,42867.4,42467,66153.9,4051.04,386.482,322.561
93090.5,81244,75092.1,25938.4,24472,69463.1,22037.9,386.862,322.567
129092,104592,80887.2,68053.7,60452,73777,4744.04,452.88,322.567
112864,95409,77525.6,65385.7,61797,69341.9,10628.4,365.77,322.571
47288.1,31709,97734.9,39328.3,22553,114283,4731.24,427.891,322.639
33199.6,31637,68773,12370.1,12641,64131.3,5405.43,371.306,322.664
92273.5,80256,75349.3,48256.9,46980,67317.2,3681.73,421.803,322.664
95526.3,84280,74281.1,33464,30892,70992.4,21864.2,386.013,322.762
106965,91991,76203.9,53227.5,49667,70234.1,4613.58,414.994,322.859
126311,99758,82980,47991.5,37418,84055.1,14300.7,368.581,322.957
119453,103693,75496.6,89935.4,84473,69773.9,2674.08,397.678,323.002
86241.9,74622,75741.1,50539.3,47434,69826.4,2903.97,378.478,323.002
118569,87783,88519.5,48759.1,27683,115431,29668.3,374.236,323.073
76744.8,59108,85090.8,54831.6,41888,85787,3314.29,501.122,323.238
146292,100062,95814.8,56406,43162,85645.3,5952.52,397.831,323.364
107934,85970,82279.6,46613.5,33350,91600.1,22957.2,539.064,323.421
46329.6,27336,111072,32809.5,12204,176188,8984.84,483.198,323.612
42267.4,41260,67136.1,17765.5,19128,60867.9,7230.18,637.721,323.741
103262,88152,76769.5,48982.8,41020,78257.8,20638,421.078,324.182
127538,99061,84375.9,84637.6,72689,76308.8,1917.79,555.335,324.373
72158.2,61987,76289.5,32864.2,22631,95169.9,13133.5,559.595,324.42
16614.5,15635,69641.9,21283.2,20167,69163.1,21300.2,4886.5,324.486
94490.8,73365,84407.4,46254.1,39233,77264.3,24979.8,364.307,324.668
76774.3,59651,84348.6,42287.8,26951,102830,10711.5,386.698,325.196
77057.4,65760,76794.9,37480.2,33140,74119,10497.4,373.884,325.209
50364.3,48660,67831.3,26546.5,26800,64916.1,14973.4,10188,325.266
68122.6,57585,77528.6,103654,78901,86095.9,1801.41,1047.44,325.409
164484,103008,104648,75928,46676,106608,32543.6,356.739,325.958
147294,108572,88909.1,104471,83128,82362.5,25724.5,589.661,326.164
94226.7,74705,82661.7,58281.4,51429,74268.1,22310.8,558.625,326.757
106374,76768,90810.6,48748.4,33300,95939.1,5986.6,537.801,326.89
58039.3,51272,74186,57274.7,50476,74363.2,1288.68,622.881,327.075
106598,87213,80102.5,87224.6,76297,74922.4,8468.73,453.646,327.225
50217,33955,96923,44257.3,21927,132277,10845.4,539.582,327.816
123383,79589,101597,68013.3,37457,118998,2638.52,590.709,327.839
40889.9,34435,77820.8,22793.3,16407,91045.2,2231.69,372.062,327.871
72670.3,53777,88560.5,68494,51941,86421.6,18193.6,1356.2,328.073
129579,100722,84312.2,59803.5,41030,95522.3,10663.4,428.74,328.266
87558.6,58822,97552.7,51982.8,27282,124871,14511.5,459.398,328.773
64951.5,59397,71664.6,18747.3,17937,68496.4,10015.4,7255.3,328.814
61671.1,38554,104832,35020.5,11790,194665,3776.1,492.721,328.887
88502,61790,93867.4,58920.5,35834,107758,9701.73,747.575,329.479
35571.8,34041,68483.1,11452.6,11933,62897.4,2176.19,643.11,330.233
109024,69642,102596,67364.7,42750,103270,7129.19,521.809,331.23
66758.4,42740,102365,37429.1,25088,97773.9,5379.72,1049.33,331.316
119625,71100,110264,81219.9,37240,142933,8212.53,1098.87,331.444
120803,97501,81198.6,73470.6,53961,89230.5,1838.34,428.404,332.019
48583,44417,71682.8,42275.9,41877,66160.3,1532.78,507.669,333.322
63922.6,57252,73171.9,33341.4,31520,69323.1,1696.26,571.527,333.464
39266.3,26130,98482.9,30879.3,18134,111597,4374.87,373.201,333.881
120368,92272,85491,42603.2,24036,116161,5127.25,552.547,333.924
44734.6,41808,70123.5,16400.6,16660,64515.5,25785.1,398.608,334.348
122067,76073,105160,58007.7,26701,142377,1419.91,799.767,334.442
38114,36516,68404,27998.3,26688,68753.7,1517.5,901.682,334.911
42513.4,22204,125480,41321.6,19080,141931,2680.53,661.672,335.293
88289.2,73564,78654.2,38728.6,34520,73525.9,21626.1,595.22,335.596
79493.1,62446,83426.7,59005,49891,77507.9,1232.66,425.93,335.623
142689,122726,76196.3,51111.7,49186,68101.8,14035.3,368.812,335.739
