Genotype,H1_Phenotype_4,H9_Phenotype_4
01010100111,9.523098172016637,9.793654990570234
01011110011,9.46283760819883,9.39304666435176
01010100101,8.9869129165339,9.316726564488853
01000100110,9.354089779701422,9.776134087211416
01001100010,8.702735795896551,9.384381466428623
01010100110,9.520249701789295,9.788717288505385
01010100011,8.954794210962234,9.383376966934929
01011100010,8.780921234002031,9.327601941052013
01000100111,9.370971567806723,9.801649012201935
01010011100,8.975754416745682,7.650188197253057
01000100101,8.758065950446614,9.254961593676935
01100100111,9.38763443759905,9.737417222180264
01001011000,8.637376816136992,7.53146832689678
01011111100,9.454244602852706,9.682305777581261
00010100100,7.157925491914966,7.273580901110454
01000100100,8.818968584237108,9.364160848692608
01010011101,9.201432989809728,8.460571651633717
01001100011,8.79812411621954,9.401355918364967
01011111101,9.569153991417618,9.792466314735142
01011100011,8.945595581233485,9.343457222789262
01000100010,8.648432814380591,9.323034253337827
01110100100,9.016209955629057,9.282358817426285
01000111100,9.43091385207387,9.76854275760053
01010111100,9.499584517456505,9.540855128298645
01001100111,9.41445085023903,9.798115061026603
01001111111,9.491640436217128,9.82904726664989
01010111111,9.573703878431767,9.764012914978842
01010111101,9.52865199297744,9.701300867843122
00000100100,7.047064160223701,7.348193401488047
01010100100,9.004040510512503,9.29150773782259
01100100100,8.738397272851778,9.334190316146893
10000100110,9.040856664375037,9.502894499374545
01010010111,9.426104094359081,9.232595873677337
01000011111,9.188404563843017,8.928489321384461
01010110011,9.465420336628622,9.283882909730968
01110100101,9.025868075203517,9.253866754510355
01010000111,9.446002378586025,9.224175448141569
01010111000,9.29291078054542,9.193991650911709
01011110010,9.448544918417035,9.17551248094336
01011000000,7.9752851193495875,7.697532269317212
11000100110,9.33557664474935,9.844940427037473
01000111101,9.388704517151972,9.742402243958892
01011011100,8.999098596267219,8.062353824004774
00100100111,7.945869185659204,8.87014962547097
01010011111,9.40180845396448,8.849828945978924
01000111111,9.537363962486461,9.857309529557693
01000000111,9.202300714073015,9.133502745357422
01001110011,9.352801626689462,9.488228744941777
01011111010,9.3270672682985,9.288765851637969
01001111100,9.303750254580986,9.776221968002517
00001100011,7.046426199144995,7.89750169767561
01100010111,9.24891952350812,9.358349630214827
01111100111,9.490537246643514,9.727453920494115
00001111110,8.693888403251425,9.397371315240292
01011100111,9.536176929560481,9.833779353582484
01001110010,9.311671629000331,9.301303830731463
01010100001,8.640746881485706,9.05191655464808
11001100010,9.311166980431153,9.729983587875216
00100100110,7.649663611973985,8.493904772091833
00000100110,7.90485393062719,8.295205369675408
01101100010,8.69657296340242,9.410579381293871
01011011101,9.214601856537119,8.896073761169319
01001100100,8.730365639160466,9.45860913063363
01101100111,9.43314625511519,9.755755124986731
10000100100,8.752150816334481,8.767737812779192
01001011001,8.857501046036923,8.503474021109493
01011011111,9.383504676794955,9.08462472789547
01001111110,9.45112433853481,9.6996977518227
01110111110,9.470912048832735,9.584511898300923
00010011101,8.895577226530248,7.018495605261659
01000101101,8.62391525442681,9.073472798908313
00000100111,8.065345085544948,8.785315467125253
01010000100,8.383022467176371,8.302275317467302
01001011110,9.161622273090412,9.038304120220307
01011000001,8.425884774543466,8.373092441120582
01010011110,9.205748971310374,8.50318731756305
00000111110,8.713239148043295,9.229830369518265
00000111100,8.762842346580864,9.373649678881625
01011011110,9.22176164701673,8.792934675477238
00011011100,8.748392274869307,6.806627022088091
00001111111,8.941649186323179,9.551147844215972
00010100101,7.121140194386046,7.440790807171909
11010100100,9.530477601363001,9.911291285209135
01111100110,9.523047784874661,9.817205134623755
01000011100,8.879540265216978,8.11577283803469
01010101110,8.991378696304315,9.017341712257918
10010100111,9.312711662664091,9.633722194634789
01101011011,8.98003923549983,8.272988686987404
01111111100,9.510291935412381,9.653647813467483
01011100000,8.453174927138507,8.695167737660784
01010101100,8.813532141002415,8.809506474581305
01100010110,9.18510172456613,9.3014196707765
00100111111,8.913275103955685,9.441551152699361
01001011101,8.963027126379965,8.97819629260679
10010111111,9.34269989092823,9.920346835337586
00000111111,8.973745367822124,9.5425025192865
01000000101,8.264883725820855,8.476544882676242
00101100010,7.1017335181148775,7.518885863141195
00011011101,8.948962747838012,7.094579197468836
01100111011,9.369405155067415,9.437930234743824
00110111100,9.041529962177256,9.374227666956926
01000111110,9.520496493996118,9.670917507189777
01000100011,8.74977813029507,9.45013322457151
01011011010,9.090134452409842,7.975560668015497
01011111011,9.430076845186184,9.414026796221076
01001111011,9.384835953039888,9.470254542063467
01000101100,8.622128496078718,8.966237270990174
10001111100,9.315832496045907,9.918132248533823
01010101101,8.943197953441446,9.142829739502746
01100000111,9.230617581159109,9.165448140834503
01110111111,9.46649783825282,9.748633810173006
00010111111,9.141845525677434,9.38901347804121
10000111100,9.348718105240955,9.81513724556992
00101100011,7.084655615568535,8.155398769459321
01001100000,8.277408643426847,8.812420677624603
01110111101,9.493032273700281,9.684595338784277
01011100001,8.714688052370358,9.096809208173719
00100011100,8.775875347040657,6.9427910295845425
01010100010,8.815319663956425,9.274450755559407
01001011011,9.061319599916096,8.607896549010299
00111111100,9.04403178380142,9.370844501205692
01110000100,8.391790979762026,8.199558432458643
01111011011,9.292031624429498,8.119066349898794
01011111111,9.525671444911051,9.81650584516665
01011000011,8.75605530885097,8.901467631605074
01000011110,9.077725230139192,8.716242486203015
11000100100,9.415250748757636,9.999269029973107
00011100010,7.029990923670327,7.044533095611179
01010010100,9.266929791287291,8.20522663367667
11000100111,9.344155208844569,9.898316317992254
10010000111,9.44672924440799,8.727850679733335
10000111101,9.386941746780185,10.051166972702205
11110100110,9.420597053191935,9.848488459311996
01110100110,9.510092246740019,9.781639582707388
00010100111,8.18235786294314,8.558129662091787
01001011111,9.21974199983999,9.12923381037541
01110100111,9.538201656243002,9.67276706465972
01001000011,8.36059451614153,8.752548100536684
00100111110,8.536783901381884,9.291096329101354
01100111111,9.4753228566492,9.829475088748097
00010100011,7.066157665138853,7.374401627619567
01011010111,9.367636161588184,9.503530176374651
01111100101,9.088376338939817,9.244910111589482
00001011000,8.713107138516342,7.056016630185828
00001100001,6.910144818211133,7.944628283239454
01011011000,8.90732610270925,nan
10011110010,9.25552332759483,8.844016456381839
01011100101,9.103897831210642,9.382746989252684
01111110000,9.474615324169976,9.424665502714388
01010001111,8.819087594532611,8.630398001531622
01010000110,9.38594928171342,9.207207031724202
01000010111,9.305636433125317,9.39501114832235
00101100001,6.952893721853913,8.33584963189645
00011110011,8.440466770865783,8.870595145272622
01001111101,9.392373086194919,9.696284813664091
01010010101,9.330552950071873,8.787230719890996
00011111101,9.159572327236011,9.395433301804774
01001011010,8.89037847247012,8.219601073536078
11010100001,9.415361431830611,9.39083314138315
01001011100,8.894624317684093,8.485366937654465
10001100011,8.420293539792125,8.98791075531904
01010111110,9.55685948708307,9.472328692480428
01001100110,9.343104733043525,9.793090562532845
11010100101,9.473331580666642,9.961235233556373
01011000010,8.53959380456226,8.719905337352834
01010000101,8.584533228718755,8.619684123719363
10000100111,9.185984992042943,9.603993063041656
01011100110,9.463912415222849,9.8019231854852
01011011011,9.37432664073676,8.540998494192118
01101100000,8.24388479961614,8.97356714677076
01110101101,9.065451912321498,9.140144119841485
00000011111,8.561862269210451,6.920438886051981
10111111000,9.1966792562264,9.491922458803886
01010101010,8.661195033178137,8.486920006910346
10001111111,9.304159109959178,9.89479124933801
00110100111,8.118156069807899,8.546966065696676
00100111101,8.893944888139744,9.35577957263301
01100011100,8.944009707866897,7.905703705761299
01100100101,8.783577465273163,9.27140704423516
01011000101,8.770706222870393,8.888456717595835
01000110011,9.3831345480896,9.449805885359499
00100100100,6.823230500079473,7.48611836233818
00011111100,8.888573542588365,9.39626046262028
01101111110,9.46974529998021,9.754431225816663
01001000010,8.344598447392256,8.768370221125538
01000100001,8.410511517934316,9.117890976275657
00101011100,8.847432894028529,7.069286450706137
01111011100,9.077026936745135,7.924312669607096
00111011100,8.945226965435907,6.905551914291058
00000011101,8.654565574387245,7.111235461947189
01001101000,8.18085076898527,8.452042379608034
01000111001,9.366557625376592,9.694611977602097
11011111101,9.479324501312032,10.057178664107825
01000001011,7.902526047903056,7.694709009544173
01111000010,8.45494008375224,8.661848451856846
00010100110,8.096009498503259,8.371851532233057
01000000100,8.242239047968917,8.467052950077882
00101011101,8.80016431592468,7.088740588360915
10001111101,9.402340396934434,10.042001532640517
01010111011,9.46428571155218,9.371202250065481
01101000010,8.1906620658339,8.651830613427562
00011100110,8.21755683359626,8.575782083053406
01010110010,9.424738206899288,8.993017994923372
01101000011,8.210937704834638,8.607434955563981
01010001110,8.475593029165433,8.25389835980332
01011101000,8.411449082790963,8.113562414142981
10001100001,8.296431731076046,9.002588195035559
10001011011,9.512691884016391,8.983786920799618
11001011101,9.588718234182181,9.64912607459865
00010111100,8.985108366686006,9.30356343454003
00010010111,8.981476586222454,nan
01010111001,9.454160261220634,9.571991509570884
00010111110,8.909027515192111,9.098205486945712
10010111101,9.463467707431503,10.085852644626184
01110011110,9.269077765894624,8.580483730291059
01011010110,9.387909209937698,9.36335032950662
00011101000,6.999680032515003,6.894348825590596
00010111101,9.138197249970258,9.388971725381348
00000100101,7.048094362801468,7.692437598796441
11010111101,9.414446521955481,10.098695038475526
01101011100,9.00630540772104,8.310492095981528
01000110010,9.295633678772015,9.168989654947467
00000000111,8.438056213947926,7.479577918656896
00111100100,7.1399520434943735,7.459255253718731
00001011101,8.622642653429184,7.066962870058799
01111111101,9.480522351834702,9.62732484631519
01011110001,9.48443485337085,9.678879931935969
01000111011,9.380704643397335,9.408923217287372
00110111111,9.142766900508919,9.317785936047748
00001111100,8.570336035684047,9.452911612341577
01110100011,8.979043890546759,9.347700119055691
10010111100,9.426919486138683,9.785172318389883
01101110011,9.261074283377349,9.36638365587598
11000111001,9.520309237150094,9.91714156073789
01111100100,9.04050987207516,9.34829125989275
10010100101,9.070999639415884,9.038856569877938
01011011001,9.236470052241135,8.502810063464976
01000001101,7.777355190287822,7.45148045981815
01000000110,9.263875083193437,9.213788251658688
00101100110,8.016958279810567,8.763878861694632
10000100010,8.198956490558489,8.660631358564293
01111101111,9.137364153087859,9.27075403402885
01101100011,8.758893528868496,9.405406745740281
01100100000,8.184585629352682,8.85491044201936
11100111100,9.30882883445177,10.10576118104344
01011000100,8.491857160715387,8.482945487054005
01110111010,9.396984323152527,9.265158385043659
01001100101,8.862862458396943,9.299337043772779
00010101100,7.0119251108763905,7.242911427786737
00001100111,8.168000690017507,8.972196720649134
00011100001,6.911789724806039,7.284970782434962
01000001110,8.175987894716162,8.372639947756493
00101110011,8.215914783580976,9.19336218212585
01011001011,8.334505094840235,7.726257223146936
10001100111,9.185810905329655,9.582195465332934
01111100011,8.869377841086344,9.227319371927932
01011101011,8.940722653676515,8.680831684414793
11110111111,9.583958849508603,10.10507939605452
01011010100,9.302982406727999,8.69030676155227
01011101010,8.652857190613021,8.565553049024063
10001100010,8.27471095721561,8.715804370950982
01000001010,7.535405905176507,7.409436635939908
01101100110,9.403822929082835,9.824647541050265
01110011100,9.079974752517444,nan
01010100000,8.429692286473102,8.573186894567417
11010100110,9.427686895618683,9.865908561276186
00001111101,8.828559351025863,9.396464844667726
00111110000,8.434008192302546,8.947153055617559
01111111111,9.355104523483636,9.719099684193873
01010111010,9.361219198414485,9.168692584070868
01010010110,9.42357154514449,9.071845433989314
00110100110,8.01725019796986,8.473007965585213
10010100100,9.011805575578158,8.796561179467302
01111010111,9.309624597573496,9.402624675452662
10000100101,8.899683324668855,9.05083661680804
01011001100,8.035705127817572,7.341781567515515
00011100011,7.05428632883819,7.369963150115579
01001100001,8.486788872901414,9.133523994462237
00010111000,8.64720520343684,9.099330963169635
01111010110,9.444318624145495,9.472645373028406
10011111100,9.419118965738825,9.866347755364783
00011100111,8.345025096713801,8.710504768448597
01111011000,9.036116013458562,7.18185387078681
01010000000,7.77178548291193,7.47636919211549
01000011101,8.9491085417387,8.654799799797855
00000100010,6.99770675463531,7.1014691391376985
00011100000,6.8916191777813305,6.702535688414118
00010011100,8.745522767265191,6.799315268700425
01110011101,9.211398800402527,8.273886225193332
01011101101,9.03298172130181,9.200854638096082
10100100111,9.20068727445941,9.6215251449321
01011000111,9.50145766952769,9.393492107363928
00100101100,7.033553984129818,7.845244858062168
00100100101,6.947797432542091,7.82753773842642
10110100110,9.287420795213976,9.78854787486965
10010111110,9.360231408720905,9.74242133732954
00101100111,8.148016015474138,8.98614469359111
00010100000,6.950686572332836,6.671871503958684
00110101101,6.968377714750039,7.785962168277062
01100101100,8.698501474132426,9.00986589222514
01100101101,8.76388560864818,9.194781827744723
01100100110,9.25690250428837,9.752066945334251
00001100100,6.892345146390984,7.673347014769033
00001011100,8.607462629499665,6.982218995704895
00010111010,8.503828573242961,8.840545257774945
01001110000,9.224814168863,9.394185465500716
11010111100,9.360510988749697,10.078518017737053
00111100110,8.265185910431821,8.627501994961168
00101100000,6.945563500254265,nan
11110100111,9.420252627534406,9.843989324544127
11001111100,9.294382326918306,10.113769409210699
10100111101,9.39428666416448,9.971729833361445
00110101100,7.07145681868549,7.371423651538127
11101111101,9.37687348729405,10.163216972675794
10110111111,9.423140886621841,9.879177133238983
00010010110,8.86448706048381,7.607478812137132
10100111100,9.316562937452469,9.913481287565759
01001010111,9.204051061376125,9.509923232431694
10000010100,9.504000054791135,7.349788728403074
01010110000,9.393673903446293,9.27354788886666
01000111010,9.311499513936829,9.303793254625306
01111100001,8.617158221573753,9.126267121493182
00011011010,8.523824398388257,7.079297262702778
00100010111,8.677271041520822,7.658386965154611
01001000001,7.875903227851077,nan
00000111011,8.615883865057887,9.026363945916724
10101100010,8.368112633987185,8.918335716377506
01001101101,8.734959540028829,9.120567861200117
00100111100,8.668449890627318,9.374734848873194
00011111110,8.930966991086617,9.27538422409584
00001100000,6.8968786434515845,7.109116391283199
01100111101,9.365682336783841,9.74387661750999
00000011110,8.45599981761432,6.8689355403479455
01000101111,8.984327168051248,9.49753607153588
01111001101,8.28770299667152,7.493639858500766
11010100111,9.423713447482145,9.8933558906426
00011111111,9.16893742224504,9.428515414571669
01101101111,8.971265926898381,9.511656531573681
10001011000,9.278992021211817,8.283494737305714
00000100011,7.052151237125447,7.855185854754732
11101100010,9.34355989935771,9.762598241167819
11100100100,9.42565873840898,9.93567805471421
01101111111,9.444520205668407,9.857325392808981
10110100100,9.053171703845827,8.969195236566813
01111011111,9.311787098927688,8.875091978550891
01001010100,9.101601166824167,8.93504222524057
00110111101,9.181704858121002,9.328682453274858
01000001111,8.385447962756627,8.538795935925485
10010100001,8.619820499220026,8.713434839783048
11001111111,9.439506790154212,10.162679859573197
01110000110,9.445067783668637,9.251625184933372
01001110001,9.314520178189468,9.545309148347082
01100101111,9.048575641237312,9.516119702512709
10000000111,9.24600925415988,8.664650285966836
01011111110,9.502915678815572,9.581521212468786
11000100101,9.36402662156938,9.979652052369746
10001000011,8.417917858519964,nan
11001110011,9.513143928142448,10.164211220939096
00111111111,9.127092353034914,9.227611381165653
11001111110,9.384873282406344,10.037667645447275
01000010101,9.174640578886397,9.032234558110657
01011001111,8.979286996215361,8.791366029911606
01000110001,9.469956208239294,9.637469062832702
11011100110,9.38710498988696,9.736137780176861
00010000100,7.152901988561948,7.056303712102558
01101101000,8.115600969419194,8.585716277870008
01010101000,8.387748913039928,8.002623837304686
10011110011,9.332586255684896,9.15910472254589
01110101100,8.905758133825719,8.857960178654718
01000100000,8.247686021908526,8.699477359645213
10001110001,9.096264876536498,9.339684062704272
00001110011,8.18115370039982,9.240926781041912
11010100011,9.429271641888004,9.745378851390186
01000101110,8.85504559101664,9.264583304714051
00100000111,8.412062698678213,7.690780453950591
01010110001,9.488792952617372,9.526678218112123
00100011110,8.49473353525818,6.919575746703099
01111111110,9.456428105230511,9.591146984167152
11101100000,9.22792060590456,9.36472189004095
01000101000,8.123736815051672,8.287192098727106
01100110011,9.303055886761479,9.442802648027495
10101100011,8.471864759597027,9.180869598910206
00101000011,6.988583565078015,7.136621020907751
00111111101,9.186634031843719,9.191611193654577
01111100000,8.414645579269381,8.80145941773876
01011101100,8.8558177107037,8.905805728519102
01011001101,8.42081712457743,nan
01001101111,9.01137619428866,9.495008659128418
10010100110,9.241070830897822,9.640718903861414
01100100011,8.785780023430538,9.509136525543502
01010011001,9.331879494668918,8.01708130409302
00111011011,8.794828253916702,6.944904284127604
00011101010,6.871489420863053,6.922702609945634
00110011100,8.92866099679615,6.869515246393889
00000011100,8.663276297304295,7.004853434385364
11111100011,9.40917737970506,9.904470575863712
01110111001,9.468916109785898,9.704336724399521
11011100011,9.434298571399315,9.779558707904766
10110100111,9.340945288531033,9.690887949150916
10011100010,8.47656688934958,8.646450678962623
00101011011,8.601083398707347,7.023684634964742
10000011111,9.321774707567599,9.11807892122123
01110111100,9.492969194542415,9.61356697697819
00111000000,6.933281954972978,6.959688727606518
00111100111,8.277367715617775,8.641720972850255
01100100001,8.407846524591802,9.376602154901725
00001100010,7.067669364712134,7.265535149624839
11000110011,9.439796424002113,10.135765706425943
11001110000,9.38996729501946,9.803007115997831
10000000110,9.089032707585918,8.429255073090463
01111101001,8.661626660773521,8.651759021714437
11000100000,9.231029460174975,9.310300220398581
00100101111,7.112468957995648,8.436669180774663
00100101110,6.977572119769612,7.820575998019504
11000000110,9.512347622026342,9.6531245828983
10001110011,9.255020484389714,9.398799470168488
10001100000,8.054851880826194,8.448302608874585
11001011111,9.64036514705109,9.570802913105869
00001000010,7.205580980470792,6.951361105866769
00011001100,6.9735333030154525,6.752517975560373
00101110010,7.990525353627782,9.062009413686999
00011110010,8.276073468719153,8.575580488169345
10011111111,9.311711555441667,9.794798438684772
01010101011,8.963772405709676,8.770413717771005
00010000110,8.556759245652236,nan
00000010100,8.606288745696954,7.016794086891573
10001011100,9.327255863559627,8.239095058187399
11000111100,9.30914205895912,10.180134013835943
00011011011,8.711498593021243,7.0621538418673655
00000010111,8.752681081764948,7.622744296110215
11101100111,9.345355121845952,9.898507888230846
01101110000,9.29627662685794,9.402100752312114
11110100000,9.270397112793908,9.153266121533395
11011110011,9.569535546746835,10.052975549103271
01011001001,8.016779978818764,nan
11111111100,9.41505417087729,10.127827619590356
11001110001,9.44546644888796,9.926786763822765
01110000111,9.475529499443589,9.199677812839854
00100100011,7.080388471198077,8.142990757908418
01011100100,8.939927256188845,9.35702358133638
01011110000,9.41343710269881,9.495014571773172
00101100100,6.964486846165798,7.794830742353675
00010100001,6.921667187385615,7.277117571830583
00001001100,6.901731407060365,6.905071341320555
01100111110,9.395538889715134,9.664113687871867
01001010110,9.287162277411802,9.543922634058262
11100100101,9.386637842836251,9.920749604931263
10000111110,9.38738556837234,9.871070084475779
01111101011,8.856471965274123,8.38949422497267
00001010101,8.346706172067242,6.948488868399517
00010011110,8.617250108464521,6.856698046268129
11110100100,9.532816720970608,9.91775766515027
10100100011,8.48246536267276,9.230991815445519
01001001111,8.585808755021816,8.713019785605779
01100010100,9.154902887304221,8.584320065553861
10001100101,8.883206626783988,9.17219239092376
01010001010,7.823918152653759,7.193565783164592
10100100110,9.03463180726454,9.691641665166234
01110101111,9.21632009282203,9.192950576424451
00100111000,8.613705397021628,9.190853382994923
00010110000,8.260811510802322,8.882748243088587
00000000110,8.470647801796686,7.460519409702278
00000111010,8.379052052882235,8.853443572660385
01001101100,8.651859694166019,9.051611131789173
00111110011,8.403135143916211,8.680214374030157
01000110000,9.363400467779535,9.393351305535127
00001011110,8.588360354220951,6.98043154086989
11000111110,9.41037870849996,10.073691883837071
00101111000,8.647187557842564,9.300432189161228
01101101011,8.595520688609229,8.754106309418052
01100010101,9.166371996054822,8.980219809711153
00001011111,8.633892471142156,6.890150233597609
11001011110,9.598112199712645,9.661139561025347
00011000011,7.14228747394413,7.009425635732212
01111111010,9.299587431866216,9.14133820288207
01101111101,9.400332041156327,9.677159558491605
01110100001,8.64378074064923,9.195157269608586
11110100101,9.490690252624084,9.951269921717488
00011010100,8.742491277063753,7.206927663488684
11100100011,9.301305423819082,9.750292464479784
00011110000,8.268875888876419,9.004610856777836
00010010101,8.75818078709007,7.035907463090654
00000010101,8.54932944645722,6.97535803734759
10111110001,9.201346328543075,9.336860094374995
01101100100,8.832531444394455,9.452016350000518
01000111000,9.262760926168669,9.418779374031853
00110100100,7.065638090801888,nan
00101101011,6.884321418394452,7.797884069801646
00010000111,8.637486736306894,7.670445896727699
10111100111,9.339876235697949,9.55232070136689
01010011000,8.858569243267858,nan
10100111111,9.382119022393889,9.80814800963724
10011101101,9.070200915749515,9.257069350774167
00000101100,7.021379071273506,7.660508713600101
11010011100,9.573032301451969,9.111602251998924
11001000100,9.452605980268586,9.35269553604792
10010011101,9.457145539376242,8.585458640107621
00001101011,6.934790160211269,7.674086634586098
01101111100,9.407342119107666,9.786522331581809
01001101110,8.930955655628294,9.315497535411746
01011101111,9.237287098358799,9.420656647067013
01001001100,7.783268898047511,7.613310753681715
11000100011,9.306485202170027,9.744545394423069
01111110001,9.438543594477778,9.413598493075682
00101111101,8.936421883441053,9.288146840930887
10111100001,8.48652241578711,8.899653874718148
01100111100,9.362013060967389,9.726421519037245
00011111010,8.466671955229804,8.907455035589587
01010101111,9.202521620249465,9.31556324727138
11111100110,9.403322685575343,9.80223694376867
11010100000,9.358419625160163,9.136223345362085
01110001110,8.467644056951679,8.274367365434761
01011111000,9.296656420628189,9.40387685730692
11011101000,9.378681166098284,9.146931370805468
10110111100,9.458680329499252,9.968413507828487
01011010101,9.376702106078024,9.285283063781758
00110100101,7.040524705059434,7.469912340297206
01101000100,8.31575094920652,8.521869129136059
10011111110,9.357156487760188,9.773571906899775
00100010100,8.527587233019068,7.077533493427811
00010101010,6.906518448681564,6.81621810565527
01111011101,9.152561220159384,8.53731145213729
01111011001,9.273270888206003,8.132251497451286
01111001111,8.858011102030277,8.550891540021132
11111100010,9.318088976609051,9.770000504174385
00010011111,8.832628661969375,6.91223562985194
01111101010,8.625270071687531,8.392030555358424
00100100001,6.968540457324988,8.2730627177764
00011111011,8.703811638000388,8.937058504689828
10011011010,9.478124840124902,8.805006205057042
11011100111,9.424874730800466,9.8596836436427
10100111011,9.26505011436333,9.683450283045989
10101110011,9.204224692958308,9.349818160883355
11001111101,9.384571224285128,10.134912816615547
01111000111,9.442751606842451,9.33784679990545
01100100010,8.631162291876928,9.367490174796991
00001011001,8.704947249625665,7.236630965838513
11011111100,9.39356916583265,10.047189434611102
11001011011,9.530395544646966,9.870162451099441
10000111111,9.37017005212569,9.97793559110334
01000010100,9.216619626482052,8.638609216608758
10001110000,9.051405664317906,9.117878597307657
11000010101,9.607775023187878,9.534502559738334
01110101110,8.983202380982343,9.001367267974151
11001101001,9.359794204305057,9.424735401533123
11001100111,9.37346423818605,9.945923996397143
01000001100,7.562547891904446,7.339455652335645
11000011101,9.570861248744196,9.578153063946006
10010111011,9.38021278464148,9.672907823085422
00011011111,8.952789880496752,6.973810698025067
11001000001,9.484552917117586,8.982220221294964
01001101011,8.717249807987109,8.865389716838632
00101000100,7.232242509137058,6.98998503835276
00001100101,7.05567048713082,7.91319552885646
11001100001,9.3465154792679,9.474411079618665
10101110000,9.115847454931302,9.330355796634567
01110110011,9.396082421403065,9.315219029644831
01111110011,9.287696992474288,9.171246963670452
00001100110,8.016976463267552,8.601926862624735
11100111011,9.301350412568246,9.995283616175179
01000010110,9.326185292189455,9.29150141816774
00111010111,9.11336127418275,7.942724801366037
01001000110,9.385188523727056,9.395581823587998
10010100011,8.698085240380196,8.888484004815611
11101100011,9.340033499093567,9.849922865917993
01100101011,8.683051497082923,8.868323192329107
11010011101,9.626957497042335,9.4227668181177
10001100110,9.1027810338,9.573392134802994
10101100111,9.208418168622561,9.509104860140939
11000100001,9.310430990026692,9.511920066194026
01010101001,8.706461433695175,8.688572640276636
00111110001,8.491487343427654,8.818083105686545
00111011000,9.135486434864166,7.108287598047713
11110111100,9.370516755916631,10.131476642645309
11101110001,9.461420693580315,9.864608002741903
00111100001,6.83299130659714,7.499528183980594
00110010110,8.927897995139777,7.891162407362734
00100011111,8.638307222171246,6.929708318918248
11000111111,9.433990551965277,10.165969371278534
01100011110,9.100787840544086,8.594751196665083
11101110010,9.442644776886338,9.998529322436438
11000011100,9.527323569436465,9.225355528974301
11111111111,9.557667239160045,10.116307072672683
01000101001,8.375222473301987,8.783734527968136
00001000011,6.956325426498185,6.9885839660888855
11010000100,9.474259162474159,9.165871205753708
00001011011,8.463017629276877,7.051565905817264
01110011111,9.385980727873926,8.75492263966023
11001100000,9.2504238996343,9.294409556265322
01110100010,8.841667847475813,9.299521223232293
11011011011,9.5365248869516,9.795604928829315
01010011011,9.432280645814027,8.37294259745039
00011000000,6.916417585787793,6.957568953139319
11011100010,9.327768080852884,9.698696693664996
11001101000,9.272939660449937,9.340025288742424
10101110001,9.162997846033472,9.342070122631245
10010110011,9.341644936519861,9.102097791630388
00011011000,8.844882517518277,7.044741645133409
01101000001,7.741465700059093,7.913228574041982
01111010100,9.443123151056641,8.652085505281825
01010001011,8.27166730705181,7.7436567364623725
01001111010,9.31415558618124,9.412360915682946
10110111110,9.424219189659434,9.875868533357146
01110000101,8.557882924414468,8.487778292793914
00010101110,7.089687958321247,7.257226154397752
10000011101,9.378526210381676,8.723772462736461
01101010111,9.19325894760668,9.43464939345729
01111000101,8.635623695089661,8.644822097635188
11100010110,9.470107510788393,9.593309499408026
01001000100,8.358786375772313,8.7064978904479
00011000010,7.163023963440457,7.083439880567683
10001100100,8.679665555429285,8.982041917879027
00111011101,8.999155869321008,7.025610647973103
10100100101,8.963859590466395,9.147698517180658
01101010110,9.28414608443535,9.556229007604726
01000000011,8.362841156358082,8.747098148302566
11011110010,9.44593648813131,9.922896794726988
11010111111,9.537879294900309,10.119402516835768
11000000111,9.421835665342094,9.650339162058778
01110001111,8.77226254086121,8.434346374940585
01000000010,8.215337930139706,8.595379649226778
11101110000,9.472630881035437,9.850547327647552
10110111000,9.205478052630976,9.421366668046325
00101000101,7.192762419062342,6.926520567211892
10011100011,8.63961134969959,8.8317061579635
10000110000,9.094983603091041,9.079496600583285
00101000111,8.586344259557357,7.7670128343310445
00011000111,8.862794778284734,7.834722993426078
11100100111,9.349064973985184,9.772794174975619
01110010111,9.417536158515132,9.277586371974682
00100001111,7.302404511644981,7.2052926256529455
00011011001,8.984759250325794,7.285401287838426
10101110010,9.148211368950937,9.341371004239194
10010101101,9.08522241340199,9.182915486655439
11100011111,9.633810452486763,9.508004352133028
10001111110,9.359445799422192,9.932261360081448
01111000011,8.643567984209165,8.694761012331169
00111011010,8.673207106803805,7.04759938912142
00101000010,7.219281558686643,7.006527896837988
11100111111,9.483203090410136,10.04311657427922
11101110011,9.497227146794216,10.09761610076659
10111100000,8.330055196579194,8.368451823682797
10001101011,8.501677530103237,8.943013712001456
01110111011,9.422648745647145,9.402077606396592
01011111001,9.451356108454084,9.753439006817487
00101111100,8.724981336687694,9.49113265607739
10101111111,9.287643380625473,9.732900563548895
01100111010,9.326645302233382,9.290209904491853
01011101110,9.081567103096864,9.179040832561986
00011010111,9.07712961816603,7.8987965662043305
11101100110,9.368316173980421,9.782294747302547
11000110010,9.359137004183406,9.965442921977317
01110000011,8.718146307776157,8.83376908232286
00110100001,6.882407327819554,nan
00110010111,9.010333518557607,7.734123260360099
00001001101,6.960900726096243,6.917710490528008
00100111001,8.81930662461518,9.447474376647293
01101011001,8.889802994129715,8.255232638090657
01101011101,8.986364501171929,8.760394787590524
01001010101,9.057214899433184,9.221532723230426
11111100111,9.394382409527044,9.937664432028942
11111100101,9.507002709538682,9.983824140216871
10101100001,8.356295195016553,9.230157265725722
01110100000,8.41836957272638,8.714925509059075
10001101001,8.214320786847246,9.026232516942063
00101111111,8.95686534602813,9.43808426199174
01101111010,9.33263435138656,9.33717801148057
01101110010,9.243968468394716,9.298157203741392
00001010111,8.680741766035382,7.706496576745038
10000101111,9.171882382146345,9.512308137425645
00001110010,8.016192906887172,8.926250534978953
11000011011,9.52108289165038,9.891987904217196
10101011100,9.388754458632025,8.650682645294602
01101011110,9.229447997112084,8.952164368823718
11100011100,9.53677929946659,9.199379319291808
01110001100,7.9021228422650465,7.081904134412113
10110100000,8.362925678252617,8.238042753859567
10001011001,9.387024272070514,8.641107494368827
10100101101,9.128706106183637,9.526170568612015
01100011101,8.99678566534443,8.494049989018874
01001001000,7.1290375617500965,6.915372300682309
00111000111,8.809773574244492,7.975734239890587
10001000101,8.67525740230567,7.367288499300716
00001000111,8.573048457281248,7.555996474103225
11000000100,9.402104434776081,9.298436880201981
11000111000,9.536507320448122,9.895340554424058
11000001011,9.433384561826529,9.088298074335428
11101011011,9.470052914786038,9.745985766427637
10010111010,9.29144263753977,9.590631578072086
01000011010,8.822536075944397,7.8879114487007085
00110011101,8.977596312139612,6.987479537440228
11110111011,9.384823550292921,10.101037705659744
00111010100,8.97633516180466,7.346681054541182
00101101101,6.960787505757537,8.679111222298813
00011101011,6.929918506367646,7.155897385156296
00101110000,8.097868874493274,9.129118181521154
11000011110,9.579147849307573,9.527756808690665
00101010111,8.748245984567301,7.7793253392307316
00000000101,7.155611731701692,6.803604503299697
11001101011,9.454482473929477,9.737172097551213
10000100000,8.01363274051475,8.404840710746281
11111110001,9.397251780495855,9.8517281649941
01101011111,9.236467936257538,9.023510154488623
01100000110,9.230614926414104,9.170267257942024
01001001101,7.986732911124777,7.6865490019521
00000110011,8.260763576832284,9.120702270144855
10011011011,9.570611235506268,8.909694751017884
00011000100,7.226327432900813,7.005916150964713
00111111110,8.99250846429249,9.2478945573925
11010000101,9.495041873140961,9.300616166208245
10000001110,8.788928601112351,7.877386085203929
11101100100,9.450933118327772,10.020688837848576
01111101000,8.387662236253306,8.20105978617583
01101011000,8.743260863759293,7.366157466390478
01011000110,9.419958998717116,9.333881053245962
00010000011,7.120195420770326,7.008951080028721
00000001101,6.82778078690784,6.868030040463904
11010111000,9.509351753241262,9.69922668143039
11001100011,9.375662125960663,9.793367217494964
01001101001,8.451732058271926,8.87144858310345
00110011110,8.777633992187262,7.047906084571489
00110000100,7.1107092957399,6.955500053623913
00010101011,6.963498302392449,7.142189767669655
10111110000,9.191360729138562,9.223639021797915
11110111101,9.433566615175508,10.096800001079629
11110011100,9.55667323153193,9.161060148565175
01101101001,8.314462519324152,8.981873749519774
10101100100,8.857285525735819,9.124004200743192
01010001101,8.270828605332477,nan
00100111011,8.708558709068903,9.104894819245974
00100010110,8.494576104213728,7.767969695733474
01110010101,9.361479567363794,8.72956218686632
01101110001,9.34046863458966,9.438306215358326
10111000000,8.23131656342768,6.83592581188835
10010101100,9.004409776935978,9.007482619560927
00000101101,6.890685811622444,8.260816934805911
10110111011,9.397672166844723,9.78046201392635
00001101001,7.052103081780834,8.289398348328328
00100011101,8.776075391776349,7.07651582092942
00111100011,7.009824351678125,7.4490150042201275
00000101001,7.0519416570903815,8.056833170120814
11111011100,9.513863340514915,9.279290209745128
11100111110,9.450535215071472,9.971728087804843
01011101001,8.731947425923954,8.69202413166192
01111100010,8.767305223761703,9.28295076844719
00010110001,8.425994785762882,8.997264088805476
10110011100,9.420613918567117,8.286068750828674
01101100001,8.41450642794221,9.293657588334575
00110000111,8.611796670545463,7.785566209774405
10111100110,9.35575048328948,9.66413166100153
10000010110,9.514590955313352,8.795248072040177
00111101011,6.863922232392739,7.0817993576180704
00010010100,8.689310062043058,6.948474872212991
10000100011,8.429135129287745,9.03791550990013
01011001010,7.9439536991737665,7.357857746853983
10011011100,9.368399702851281,8.160397964834278
01111011010,9.086806979084773,nan
10101100000,8.156781262320662,8.684434735757954
10001000010,8.272553355964597,7.438642163127543
01100000100,8.176708558901161,8.289384526515514
00111000010,7.175130370477055,7.062944495390725
11110100001,9.31902393802079,9.43826294451018
11011011111,9.667066644867266,9.495198449421308
01001101010,8.507945180430594,8.821685607392972
00010100010,7.032966519556218,6.965150897640676
00010011001,9.043620103435318,7.168325856342469
01000101011,8.705633436936782,8.924984749548589
10000101000,7.822473562248825,8.573879137436416
11001000111,9.441432692037623,9.671038441579999
01100111001,9.376635519436357,9.85386528233624
00000000011,7.034599606601076,7.083925323590625
11010110001,9.427487784050191,9.901643422600602
10001011101,9.368969108292339,8.77122673927447
00110111000,8.831345144137858,9.191994175479325
00110000110,8.594319020631144,7.928387962098558
00001110000,7.915744907037878,9.002927552692938
00000101011,6.958399471552912,7.614243282335229
01110101010,8.677518794553983,8.417184314116659
00000011010,8.378606256280758,7.082789981559918
10010000110,9.298521084865301,8.631243551752734
01100101110,8.854457772926345,9.287466731636048
01100001110,8.153894272826086,8.341959089735992
00110001111,7.591245249280184,7.102651650782031
00100111010,8.429926971367534,8.929790225750345
00001110001,8.046738304140634,9.079491219323039
11010101101,9.447446883044027,9.994271648301728
11000011111,9.62002538343193,9.543967026465753
10010101110,9.10029245034422,9.285285133282184
01110111000,9.377884211620518,9.35163229200344
11100011110,9.619040063751461,9.445564714377541
11001000010,9.568053728279677,9.529520543755787
10000101110,9.038390908281436,9.411627322351345
10000101100,8.85363427515203,9.1505450981095
00000100001,6.957370344458802,7.86086096515539
11010001011,9.356469534738451,9.039625094555717
10010011001,9.545385971125338,8.439566469263948
01101001000,7.0141043185675285,6.871732513442225
10100111110,9.348251951466683,9.92356515137838
10000111010,9.17861962535731,9.648583041625676
10100101100,8.978677266208486,9.342946471219499
10000011110,9.344614841325072,8.818595182930768
11101010100,9.538227612930807,9.28960684023821
00111000011,7.108270561821889,7.036915104191153
11010101001,9.466304056484706,9.474486473534808
01010000011,8.745609277568068,8.852300892876515
10100010111,9.422031663777426,9.20170989377304
00100100000,6.871859285254281,7.218823990055558
01111101110,9.056260349311698,9.127222646711584
00111011001,9.191878218460229,7.240181374115812
10111110010,9.168919481595943,8.914674296738278
10100100100,8.797711875894258,8.96935893237857
10001000001,8.125720555314203,6.888441922279676
11100111000,9.546268386425728,9.821444870497487
10000011011,9.530838764834993,8.984777747293974
00111000110,8.830406998873366,8.100410091438686
10000100001,8.308125022655268,9.022560536869035
01100001111,8.369918961824078,8.464669482037126
10001000000,7.746813145957877,6.747465470248047
00100000110,8.384168016864658,7.575205796363343
10110101100,9.06916612329685,9.180969472349402
10100011110,9.377034766816017,9.04250189257483
00100101000,7.063798793335551,7.360090926792842
10000101101,8.997556761408887,9.389842842671154
00010001101,7.040621942772251,6.884477613093909
10011110000,9.204600606033736,9.109012925255538
10000010111,9.494710631090506,9.13570436221677
01111111011,9.291906938069562,9.21859688018871
01011001110,8.692101925613205,8.477830889479698
11010011111,9.696708817817747,9.505230614410163
11001000011,9.555385605393475,9.470935175462836
01111001100,7.980250798420063,7.1872059235300485
00010111011,8.74758354154502,8.94065049444605
00000110010,7.9569817686821755,8.631817824785688
10010011110,9.362820874070344,8.748294202988294
10010011100,9.394687852034824,7.954247319400291
01100011111,9.2190649529788,8.812063607671101
11110101101,9.4793260700154,9.995874839671416
01100001011,7.754301234802396,nan
01010001100,7.876538842434431,7.222373718112727
01100001100,7.574336323276721,7.120973035381251
01111001010,7.898372379036275,7.3134108176191965
01101111000,9.28881476916877,9.556773532251835
10100010110,9.402155324103525,8.990733969753553
11011100001,9.388043333056222,9.36350809838289
11000101011,9.471322417549493,9.727537579796849
01101101110,8.948437020866066,9.353846508725148
00011111000,8.607832810317982,9.130386716953355
00100011011,8.650067802375599,7.063099445307437
11110101111,9.452538770032318,10.026153143951639
00111011111,8.999882046202762,6.988515873588162
11000010100,9.546509495009031,9.130130233859653
01000011001,9.004957364000052,8.093209864756844
11100101110,9.358917300737508,9.979440637166384
10100011100,9.384169057480051,8.392577230972023
00000100000,6.9537551930753425,6.96144008669029
11110111110,9.525177499473351,10.064087628805442
01110010100,9.367598160915628,8.320340434936007
00001101100,6.951237946588678,7.992364187080011
11101100001,9.260165549046334,9.545214062564773
11010111011,9.362105861361997,10.013926803968381
11010100010,9.363991216381947,9.62965336988934
11001110010,9.403476280205792,9.996209785778857
01111011110,9.262061211635173,8.754299021195752
00101111010,8.494402790331588,9.021781162695927
11011111010,9.363783013944058,10.0191788105877
01110110010,9.383539053915262,9.19782264207159
10010011111,9.354126289858149,8.999416568116821
10001011110,9.363496285281752,9.021457811531628
11111111101,9.473946209033848,10.087522311258265
10010011010,9.490457164437583,8.577149539968856
01101111011,9.317744517053372,9.429295078517828
00001111001,8.62854501755642,9.33486406839438
00001000110,8.670434513815312,7.625691078892564
01110010110,9.463118953248005,9.31199113922423
10000111001,9.168831244636593,9.562241259608463
10000010101,9.519144800949112,8.036791456849944
00010011010,8.474127263224629,7.090284996544106
00001101101,6.921010141489597,8.566258692905258
11111100000,9.244235141680639,9.264303156327395
10100011111,9.347159015204802,9.281571758809159
00010111001,8.826557947129317,9.166306412791617
11101111100,9.346615258065858,10.164316870631064
00010001111,7.668328570387628,7.108465907388444
10101111101,9.42061920201095,9.974445781099586
10000001100,8.232807097781333,6.910131376206438
00011011110,8.743863395763084,6.9728162959561635
11101111110,9.441295107028713,10.041595685545108
00000001011,6.99235192620107,6.753751344405699
11100101100,9.36159537202407,9.903600141897183
00101011110,8.736045173331203,7.127806316004979
00100101101,6.967896413839214,8.497825035098654
00100010101,8.565794767302695,6.992562936274536
10101011101,9.412834956157718,9.105522183982364
10000110011,9.28265078801659,9.344425767348973
01101010101,9.110338950277887,9.030521441126302
01101001011,7.770204747486697,7.516166621448855
01010000010,8.46477782015095,8.586274219907224
00101101111,7.147375855855289,8.54865390433735
11101011000,9.499818844639496,9.573799446420562
11010001111,9.452813623185953,9.435487318313177
01110001101,8.25823749179795,7.439364993262835
01101101100,8.745260366790696,9.11108939170744
01001111000,9.224299732960665,9.52138439759463
10110000111,9.519320958359264,8.968163540744932
11111100100,9.512551780422942,9.9204933039783
11100110000,9.547667750575387,9.926753941608611
10111111010,9.223938998357905,9.672941440067927
10001111011,9.276953504864888,9.623786609144926
10001110010,9.217332772449879,9.196605698422783
10001011111,9.301562065417826,9.118709945373908
00101011111,8.760782985749014,6.9711182392846105
10100111010,9.223591305533398,9.745089487281863
00110111110,8.910706713040529,9.22053617396568
00110101111,7.163697834524747,7.632004927426121
00000110000,8.067866673122051,8.964450548185425
00110100010,7.041543628377792,7.037520332999404
00001111010,8.391855400590469,8.957069649023989
10110100101,9.101229589216057,9.160801974441705
00111111011,8.72216642402207,8.83868391153611
01111000110,9.450920184871123,9.37417345038436
01100101001,8.35735821893247,8.95977619496874
01100000101,8.245810731555324,8.44055099161984
11110010101,9.571214866501112,9.360152133889901
11011011000,9.53390521822085,9.599564128565891
10000111000,9.021612180877467,9.412799084125174
10000000101,8.70042843716847,7.291881329609195
11110110001,9.449110246157282,9.873579465573918
00101110001,8.263390719259212,9.05059840440482
01110001010,7.810004178309368,7.312817462697636
00001111000,8.445356899330044,9.142359237303955
11101100101,9.442694058409444,9.992628619368318
11011100100,9.460418028934273,9.824306565212945
10101100101,8.990604016012272,9.1592854190241
00100001110,7.225155288478559,7.0213762912002
10111111111,9.313998066302567,9.70051203728173
00010101111,7.158078764232913,7.610453320669844
11100101101,9.400760899705157,9.837624565753895
10011101010,8.568689938827458,8.928762737142865
01001000101,8.435090229739885,8.687492182952285
11110011110,9.691473375217935,9.626894298746684
11101000000,9.309826625831882,8.927021042580574
10000011100,9.328284913892718,8.093458022918185
01111001110,8.636332968163247,8.464547986407878
00001000000,6.893257059833654,6.895484067777205
01111110010,9.368276057439397,9.125944091621001
00001010100,8.431273158332052,7.138688242355051
00011001101,7.2026233304843,6.8651857415426365
10110011111,9.375339928902571,9.185415539709778
10010000101,8.951924174835817,nan
00001111011,8.587968989057423,9.068624737406715
00001000100,7.190451637679006,6.981136555837134
11100111101,9.31635147712486,10.106174323434207
11001011100,9.546066049703256,9.343853521157428
01110101000,8.420988521090353,8.127002843571582
01100101000,8.11214331216614,8.398542487537432
00110101011,6.956027019029283,7.135448851945101
00001000001,6.813388985808509,6.962858458665669
11110011101,9.574618166809932,9.393380379654428
00101001001,7.056909811986469,7.1167544055596474
11111000101,9.48788361081511,9.349337496401755
00100110011,8.226032372571693,9.123599724642105
10000101001,8.167819043282064,8.989486332810301
10101101000,7.951087455674399,8.697127505425321
00111100101,7.157769828517261,7.4899817021904855
11100000111,9.453195920136057,9.745157421701446
11001101100,9.410109221750174,9.91760414301982
11000101100,9.337111316810002,9.921040388269875
10001101101,9.015548477809578,9.568887129339576
00011010110,9.005337987788963,7.951952723533738
00011001011,7.16329744443972,6.706623485034429
11110101110,9.274665902404518,9.925329615707753
00110111011,8.854110858992547,8.998427927289177
11001011000,9.506449271092071,9.59575811306554
11111101100,9.412218148175373,9.944949986823493
10011011101,9.441214506603869,8.750254349812906
11001111010,9.343825676215141,10.047511723648011
11011110000,9.370400882571216,9.881717608125667
10111100011,8.62105420011219,9.03718439620757
10011101100,9.025412220874038,9.12207000863077
10001101110,9.132310848646123,9.541978984534646
10001001111,9.02909177480067,8.25737277200242
11011100101,9.50304227500677,9.927837508825792
10001010111,9.411086064636908,9.181313746645454
00110001110,7.483851256398128,7.191782933377303
00101111011,8.67338340627358,9.126767028740339
00100000101,7.099011201986611,6.9171950946899035
11001011010,9.476417416954183,9.78620845964273
11100100110,9.330381614874353,9.75672582927281
00000101010,6.8933817625953795,6.9680242214320405
00001001000,6.974006023028363,7.10174101056611
11110111000,9.49903172306108,9.744765895177483
11011111110,9.496470482401117,9.971225495300695
11111110010,9.458665838368269,9.966341498367434
10110111101,9.509391356816991,10.112497102252561
10100100001,8.34079414405294,9.213175492855363
10011100001,8.547528243137078,8.661953455477969
11110111010,9.448981551032837,10.086409787999948
10110000010,8.559319435625834,7.169538095887704
01111000100,8.465123147431973,8.363118233619108
01010011010,9.066204410432704,7.72488644291824
00001011010,8.449092464909732,7.09332854331859
00001000101,7.208589792511088,6.85144804170109
00000111101,8.893800618892808,9.4278257036035
11100110011,9.456867701670294,10.003158909513596
00011101101,6.971006650927876,7.886915354820664
11101111111,9.456023908615691,10.191919423403883
00010110010,8.195542853653038,8.318652521166278
00100100010,6.9356305817057775,7.347646701376835
11100000101,9.433967187312312,9.430148656817522
11110101100,9.354736885587672,9.966115952636155
10001101100,8.901730056923327,9.35732108629955
11111101011,9.56968850826464,9.732324243315198
11010101100,9.387111691474745,9.944241430340753
11001001000,9.199405441686187,9.173391441713754
10100100010,8.287665989332423,8.877824434340967
10011100110,9.285532256091717,9.580550283365481
00011111001,8.80690435427277,9.220698372820259
11110001100,9.445098575820792,8.833421791407716
10011111101,9.4868562060248,10.045672810289464
10111011101,9.408131072382432,9.029800701482937
01111101101,9.021907644617182,9.113969976510624
11001101101,9.417007119047025,9.857707265707209
01000001000,6.966887625467306,6.541804711637544
10101011011,9.501318618703046,9.12896586685927
10010100010,8.509496532830285,8.602398081913801
00111101010,6.873506994407077,6.840702963581833
00000001111,7.339983253404317,7.090357646798774
11000010110,9.508235985740706,9.702946303984294
01101000101,8.339745655844842,8.52396442923907
00110011011,8.839104131501976,7.071911543197071
10100111001,9.13492990174714,9.58293844191709
01001001110,8.46207669996096,8.672686872618428
01001001011,7.971699438978837,7.807967585167419
00110000101,7.153258233603309,6.912018121244837
11111101010,9.458990226703145,9.641151437400556
10111111001,9.29582303782339,9.61447451150316
10010111001,9.349024661842241,9.488101703403311
11000111101,9.314780801870825,10.181394481763794
10101111100,9.35623375733497,10.050140173796965
10011000101,8.955548212318323,nan
10010010101,9.478329960871092,nan
00111110010,8.281728482809015,8.546865257542764
11000110001,9.551305107692286,10.102235212649646
10001001100,8.266801036455119,6.992062092965565
00111000101,7.305617515037053,6.995533995857907
11110000110,9.556493540728129,9.617557628105477
11011111111,9.553801778689932,10.060126774965518
11000100010,9.259823424553426,9.662826876908108
00000101000,7.067141303001264,7.171166008995917
11001100101,9.433757155624846,10.045123755709314
11110000101,9.472675585524762,9.312775151326775
10110000100,8.756887410528892,7.176179169576505
10011100000,8.378298952549777,8.200564896141863
10010001011,8.692693126438419,7.162579738429049
10010000100,8.655052528115531,7.0635048933923645
10001000100,8.362743070601539,7.128042097549443
00010101000,7.088334537880448,6.824734870350174
10011100111,9.337921359875534,9.515960966938664
10000011010,9.423055823403455,8.753470205473176
00000110001,8.275333001974007,9.169298210808336
10110111010,9.344320969052033,9.718444515041938
10101111011,9.25634082036175,9.70316508193954
10010101111,9.19731567352276,9.248985547409758
00111001111,7.861097761291485,7.225201190430405
11101000010,9.527381994484854,9.431303083865044
01111101100,8.924160477208419,8.929103095815881
10111111100,9.442198209323752,10.006587441288993
00111100000,6.871566299950883,6.867582833067429
00011101100,6.97069865165159,7.476553218652851
11101000101,9.461870406531746,9.391222277908627
10111100100,9.033217270684993,8.977019240636942
11111011110,9.623097902977738,9.642409265779593
10100000111,9.373639498456791,8.980292185996083
10001010100,9.41120667305433,7.630848001112787
01000011000,8.633471596402195,7.120091739098471
00000000010,7.111240688817172,6.948921800736793
11001000000,9.325087993495645,8.983351979287391
10111011100,9.355028549493973,8.540833510817492
10001010110,9.506036962104817,9.11270364379638
00111111010,8.559847288708523,8.822684586415951
00111010110,9.142237253886838,8.201545934358993
01101101010,8.459073358027624,8.750184716332317
01101001100,7.718603563602689,7.408916929619236
01100110010,9.147009263120914,9.255966991268206
00101100101,7.082814177070858,7.930119148640757
00000000100,7.188651776298716,6.931858131267828
11000011000,9.513936615442105,9.606178665806159
10001011010,9.469851978999674,8.875270873944789
10000110001,9.22729046608358,9.429330979914443
11101101111,9.334149691409854,10.163641769105952
11010010100,9.500732126649694,9.003745754491675
10011101011,8.72647964070959,8.924271855368865
01100101010,8.469353908513273,8.709362398533909
00000011011,8.52243382550618,7.092399281862909
01001000111,9.294127605000956,9.2445074111696
00101011010,8.59294450789487,7.073227429246084
10110100011,8.677930072311856,9.042462206245123
11010000111,9.423119747639191,9.559016523791842
11000101110,9.383002825339487,9.949124825348594
10001001101,8.600520285253637,7.12675074447858
11100000110,9.565720660694204,9.62859712682346
01101001111,8.468865233364221,8.607013529794475
00100000100,7.091094875873642,6.858264639111083
11000101111,9.472500468614223,10.03689963948467
00101011000,9.052554639166438,7.1273026697312565
11101010110,9.465605289612073,9.633135758570402
11010101000,9.389461962287857,9.209169533307954
01111111001,9.373565190319113,9.649287827936382
00101000001,6.904890275044763,7.146889402167128
00000101110,7.041719793192943,7.605133559979718
11010010110,9.524425466943093,9.742576632930952
11000001001,9.434017262750478,9.111382136799667
00111011110,8.905234926293643,7.13005064524879
00101111110,8.721585244084572,9.452336301173908
00100001101,6.816896915793087,6.830517881631613
11011110001,9.396782257405299,9.91020116621634
10100110011,9.240236914077244,9.241023665550754
00011001111,7.984339326212626,7.233201604075709
11100100000,9.206496190436088,9.292619217230236
10000011001,9.429226428468631,8.650345828463234
00100001011,6.917445800520822,6.759620146093939
01100011010,8.845073579904074,7.764530385826561
10111011011,9.552308819322834,9.005254405792492
01101001110,8.391036357147415,8.64675227156954
11000101001,9.34392767717747,9.49125448446153
10110101101,9.172061431323804,9.3257064003158
01110101011,8.95049081111645,8.577251460415404
01101101101,8.75667583505097,9.172728719273886
00111101100,7.046804816801829,7.545863568495663
00111001100,6.936785523268915,6.7252379506628435
00001101000,7.034554124825895,7.381278165162655
01010000001,8.317285759456073,8.1485373311938
00000010110,8.700481849530204,7.6154785541060095
00010000000,6.813769684136392,7.107766516317891
11100100001,9.241548131754191,9.547395432678776
11011000101,9.52287914382063,9.341167779675516
00010000010,7.071089754676207,7.089136805612778
11000101101,9.36056687491486,9.82552306480188
10101101011,8.501294918517765,9.02167322909544
10010110010,9.216317766755502,8.63700838049012
01111010101,9.367941633929448,8.991637631198111
10010111000,9.237570031552071,9.343935345520995
01000011011,9.109809485320191,8.394835518689032
00010011000,8.814469000048634,7.098892089611764
00001001111,7.596170680113638,7.159339468576706
11111011000,9.538920749314611,9.588085204600322
10111000111,9.544535594012906,9.137785685341655
00110110011,8.470641842130512,8.72423879400259
11101011110,9.610178844669992,9.625464057400002
00010101101,6.909947433130962,7.658806933739668
11000011001,9.667850287120404,10.047830195855601
10011011110,9.3464738197668,8.981922661997643
00111000001,6.988444354823511,7.0716784241755715
00010001011,7.072200738605152,6.809155343212332
10011000010,8.474728744205146,nan
10010100000,8.429477586648236,8.196127884118027
11010010111,9.57666033848405,9.54717005167363
01100011011,9.070243315286055,8.23730828756959
10011000111,9.467373615851974,8.867957202068682
00101011001,9.011884481758813,7.3034039668435335
11110111001,9.453310258989237,9.759469536567337
11011100000,9.318247778523086,9.143876683603775
11100111001,9.446617337235997,9.899775354531183
11000001111,9.388807600400108,9.382272116612588
10110100010,8.530545821771305,8.701590309262402
01100110000,9.305517233329509,9.47691894575261
00101001101,6.892676746828878,6.864278458633498
00000011000,8.738954472254068,7.156380134764009
11111000000,9.449055968392894,9.01517990359781
11111101000,9.324541065908223,9.189583232856233
11110100010,9.360426543948886,9.659992338962546
11101000001,9.45559557045111,8.940603219668839
10011111010,9.261387189404704,9.644020778656255
10010010100,9.442601494449498,7.327121247824
10001001011,8.407016981411616,7.1684215544716325
11111011011,9.55790612664224,9.621333242929772
10000111011,9.254086297433219,9.653219210664286
01111111000,9.335224894910098,9.375029431846675
00110101010,6.940194825844176,6.8068006542461355
10001111010,9.22380767313198,9.676928327248168
11001101010,9.390280119661321,9.721356897494132
10111001101,8.935990919420934,7.277416387709536
10101111110,9.340616194434178,9.946839313605535
00011100100,7.07075914161396,7.421199851843845
11111010100,9.581686980752636,9.304863927501131
11000000010,9.49755891749222,9.428333935699698
10000001111,9.027273377194375,8.16137874239868
11010011110,9.664995676036598,9.608109247802426
00010001010,6.937464315368223,6.918856823806081
11100100010,9.3160219739037,9.659563735874759
10111000101,8.988952452035567,nan
00110101110,7.100051263076201,7.360093444798618
10011101001,8.440491238666555,8.723543829910634
01110001011,8.186957429731667,7.526766712622729
00110010100,8.81108366719017,7.0922505049194795
10111111101,9.488312658773415,10.033488373232352
10000001011,8.477308253715588,7.164744556645767
11011000010,9.545237988551271,9.454938285085817
10010110000,9.193077724841482,8.950537829419307
10000001101,8.614101461515139,7.0666808395375655
11111011010,9.475720941355721,9.64107033754115
11000000011,9.546045603492965,9.520506510562683
00000001000,6.931663929293149,7.174915083212997
10011100100,8.925524206213918,8.809879145078373
10101000100,8.58871003957208,7.336784207513423
10000000010,8.22431813513538,7.301118620961852
00110100000,6.897007223822182,6.77380653923136
00111001101,7.034323358732074,6.722390214437064
00001101111,7.180348053802155,8.496875202846732
11111111110,9.516465371487227,10.003664201025579
11111110011,9.538445480307743,10.0529793997161
10001101000,7.923073102995788,8.600462891358259
11000000101,9.416460755183364,9.335441883829088
01110110000,9.451208694609878,9.43279693387561
00111101111,7.220496871167032,7.808130313905518
00101001111,7.525641125405236,7.264056004408314
00010110011,8.443140626930841,8.746438890330536
01100001010,7.445754578992158,7.425622750494204
00101101100,7.0610693487516745,8.138329085733266
11001111011,9.35122587116329,10.0417974933759
00000001100,6.805043887781495,6.909855020472825
10101101101,9.07860321816225,9.554120068436784
11101101101,9.364820546066232,9.849692062499354
10111111011,9.327933194172184,9.703289312852212
11100001011,9.367541583017076,9.144079045999332
11011101100,9.453536588974309,9.894274904951047
11000010111,9.5906315029899,9.688099617752346
00001001010,7.043223515886204,6.714536715201074
00110011111,8.911401776163798,6.959995386086589
00101000000,6.983654214956333,6.96142323154903
10011001000,7.89587004661798,6.9945399831262405
11010101110,9.367166806478807,9.894812672595393
10001101111,9.126352236029659,9.570835945987886
01110000001,8.31955307328351,nan
11111100001,9.312055611336095,9.487610981877994
01001001010,7.707400653995498,7.736889959583095
11010000110,9.513265692795136,9.615219121670352
01111001011,8.261029782321991,7.3320554353533085
00011010101,8.831893187271836,7.2865798919147045
10101100110,9.180445115016177,9.654030144526335
00011101111,7.303921088100165,7.9008532406798615
11101010111,9.555880334324664,9.519935645938268
11101001010,9.431084412548124,9.174948461547798
10011010111,9.42578438873832,9.231958768374056
11010111110,9.486092309759194,10.029996712570652
10111101011,8.75123027183222,8.98165446482016
11011000111,9.395542076958533,9.578911635836805
00101101010,6.914772649534018,7.221055135910787
00001101110,7.178671803664471,7.913217502304943
10110000011,8.743116286530938,nan
01101011010,8.860366582510196,7.946431060663224
11000001000,9.17977545988889,9.137953846100615
00000101111,7.1059316570607045,8.275394782052919
11111000010,9.525630853526696,9.409863547946747
11010101111,9.498704615003778,10.02682187641742
10100100000,8.069062758022849,8.550966486798766
00111101000,6.981504993590986,7.042238599590525
11001111001,9.550062089756926,9.847288266811704
11001100100,9.365169633328005,10.02814898211735
10001010101,9.390607878365264,8.105308138002743
01101100101,8.902384323608505,9.237811475307852
00100011010,8.523053732756997,7.033292105235278
11010110011,9.489921622972982,10.018568412272689
01111000001,8.316565907156013,8.197092811468776
00101101110,7.197250528749063,8.036952063681003
11111110000,9.417021792361755,9.93397107654966
11011011110,9.623475034483324,9.671840548504363
10101101010,8.36300988499431,8.907062565621358
11110000011,9.517297962658986,9.461992178531112
11000111011,9.275869901676467,10.005297897744311
11011101101,9.455759131690282,9.94634784320521
10010011000,9.378887729439185,8.159987435513358
00110011010,8.694528096807836,7.178097786727041
10011011001,9.50173448314845,8.635019844472545
01010001001,7.982433981843208,nan
11011011010,9.492572227209106,9.764043337590167
00000111000,8.502070092796217,9.120799900961247
11011011101,9.589263015856254,9.539349937796677
10011101000,8.282985375961838,8.426884989973773
11011011100,9.552973258752651,9.23975843263859
11111111010,9.404595141917152,10.007664799603727
10011000011,8.697792858164359,nan
11011001000,9.315270814736241,8.998883009876392
01110110001,9.518845085787873,9.55735418196715
00101101000,7.04595008579424,7.655708389531359
11110000100,9.47892231050069,9.12891771535563
11100110001,9.557310056170092,9.999025520195092
10100010101,9.525184108149514,8.326718035356222
10001101010,8.311749095019872,8.818616265382142
11101111010,9.41637210122251,10.035441585123385
11100011101,9.539685491203599,9.598075461737688
11001001100,9.364949292995082,8.856015305845442
11000110000,9.500680275265607,9.960933803235415
10111000010,8.54238103010254,nan
10110110011,9.32600882320251,9.0864207551733
00000000001,6.931896719445319,7.062183933960915
00011000110,8.76029452094636,7.9593151704632
10000001001,7.995476632463897,6.922543530738677
00011110001,8.385949776547406,9.035447714303162
00010001110,7.47238444592507,7.1011494560448964
11001010101,9.577266553791537,9.48404802351985
11000001101,9.380653912095884,8.693714884075895
00100101011,6.9544626949867,7.782419824839196
00100000001,7.035553600556819,7.249540468219363
10110011110,9.42827870242063,9.01777790213151
10011001111,9.35198514030106,8.356859424488405
00010001001,7.139445759368568,7.12094411902279
00010101001,7.041925186790275,7.446269471835265
11010001100,9.451811396376295,8.865900632745742
10101111010,9.216438797521889,9.77971036485174
10011100101,9.056320562181108,8.997097351007893
10010010111,9.40437872385809,9.048893034240555
10110011101,9.429184797802801,8.8314430223635
00110001000,7.0179988318098285,7.215764856153494
00000001001,7.092214519142912,7.070215579506813
11001010100,9.493845327630126,9.175372577494937
11000000001,9.502987340917976,9.102250925974548
11011001100,9.437221292819133,8.795067965873068
01100111000,9.301391681992584,9.468665992079375
00110000010,7.129201423365392,7.051624309648861
00101010101,8.537525169073156,6.955048186493036
10111101001,8.415278029755843,8.823016503001172
00011101001,7.004044587557427,7.528861491841773
00000011001,8.862899301596679,7.225823283599675
11111000001,9.635688149020066,9.10969259824895
11110000111,9.435279840128334,9.615325221325543
00110100011,7.077109555949023,7.488294495119342
11101101010,9.384374605151638,9.711066765131854
00011001000,6.971811443793582,7.0264596948699225
01101001010,7.547414483348769,7.646074799270192
00011000001,7.025864637776653,7.0228335809086095
11000111010,9.32104109909202,10.042580420270276
10111000001,8.609395766070548,7.097703038054334
10110110010,9.216813871870384,8.766889320314739
10011010110,9.44236128521612,9.06990073084867
00110010101,8.8193636116383,7.036282637539887
11101001011,9.418538583594456,9.074423058369534
10011011000,9.420946389458955,8.305314314985644
10111100010,8.479828443825193,8.756643570431478
10111001100,8.663174852087186,7.153260189203634
10010000010,8.477701386695623,7.202432920317007
00110111010,8.652080484620942,8.929128496318926
10011000001,8.518425923425951,6.958202219307626
11110001110,9.431305229147105,9.374780613500157
10011001011,8.64583602326916,7.262440789689325
01000101010,8.471973709424157,8.746584944906413
11010001000,9.367996760046136,9.052719101775326
10011011111,9.344823316662227,9.084472725114473
10000110010,9.148822389585835,8.984376532416748
11110101011,9.506323434057933,9.717910027237895
11000001010,9.378863855511518,8.858359365477257
10110001111,9.365405411492407,8.396910558243183
00100001010,6.898687087598794,6.721349579323505
11011010111,9.5933291109149,9.48374907336117
11001001010,9.38681636158429,9.108225623914983
11000101000,9.222321135910953,9.392334784898004
01110000010,8.47460535232171,8.686428026455516
11001111000,9.546583685415193,9.76437413059855
01100011000,8.795819290605202,nan
11001000101,9.493595658327388,9.372860527728125
10110000101,8.977618863023917,nan
11011101010,9.450132132484642,9.658670984901935
10100010100,9.495745814050363,7.7404662662687445
00100101010,6.888381724089282,7.104727460827937
11101101000,9.195742695610852,9.338630806227119
11100101000,9.172768910192977,9.321683706276954
10100000100,8.575178796516958,7.190347668066535
01100000010,8.141137275271406,8.598398222172456
01001111001,9.350331812014078,9.79562315658021
00001010110,8.749132300395019,7.923395408974406
00100000011,7.074134389345306,7.2531738402008505
11001000110,9.534801969620377,9.716857486338156
00111101101,6.936758607156678,7.895439494657478
11010011010,9.509956569079488,9.687951734129376
00000000000,6.868699594931859,7.026743732869718
00001001001,7.061672897919769,7.0932547527506955
11001001101,9.39714973605738,8.729068794276053
10010001111,9.312686366510185,8.171270363654973
01101000111,9.260660633292892,9.239803373366412
00110001011,6.990234400068184,6.704651219719159
11111011001,9.555117677336714,9.82449260605111
11011000000,9.47648065044798,9.023762920264124
10101011000,9.36803241020129,8.563790335196284
10110100001,8.533974596364455,8.852260333052506
10010011011,9.585543348222647,8.781325581329321
11100011000,9.549156722441376,9.589112361959888
10001000111,9.224021548587926,8.71253367116453
11111000011,9.602916305252506,9.439407613778455
11110011011,9.457678904454557,9.809684907711091
11000101010,9.382272382048779,9.65605097756746
00101000110,8.708964832180119,7.793554826516553
11011000011,9.583041859202034,9.467015125358158
00101010110,8.778091366139035,8.154459601492185
11101111011,9.353133187661474,10.107323395760455
10101011110,9.375743801234384,9.277293459954826
11110001111,9.433800545150644,9.455086432994127
11001010110,9.491813203316251,9.69387252614467
00111100010,7.0434653639789335,7.0931873959235
10100111000,9.018370900667374,9.453120087185532
10100011011,9.478625217026774,9.092191635513904
10110010110,9.45370785450215,8.965654647840049
10100001111,9.146741230703745,8.501761046439118
10001111001,9.25019559163505,9.534700699182986
11010111010,9.366209345131,10.004462443961907
10010010110,9.413536819633965,8.719221081756613
10010101010,8.602078276976206,8.834723714632052
11101101011,9.386758059513074,9.726776326456157
11010101010,9.459958219682598,9.550273484506612
11010000000,9.405443674133435,8.981896624676668
10100011101,9.408440024044486,8.986606777830046
10011001101,8.865947268709732,7.184983889312225
00000001010,6.913090099480391,6.699725903034265
11111111011,9.430145233565478,10.059479883770834
11110011010,9.499896809932475,9.767007853020745
11011111000,9.518771020242394,9.678243734030156
11011101011,9.524342153061719,9.74897522588021
10111111110,9.36592155086146,9.782133290269059
00001101010,6.913601521773465,7.108000982645923
01100001101,7.787117117439212,7.251159962606281
00100110010,7.769444017466243,8.792934352839628
10100000001,8.408605088711539,7.157065100817161
10101011001,9.477464854218805,8.896493376703509
00101111001,8.793870918651404,9.510007404089174
11010110010,9.407572125466654,9.873146724385611
10110001100,8.731000826840932,7.129491205026502
01101010100,9.206273469987517,8.850353486808611
11010101011,9.557112829693828,9.76335067695554
10001001110,8.891878736549243,8.11120675009678
00011101110,7.268992674402183,7.616517770909755
11100001100,9.3516041238933,8.750663809918045
10111101101,9.102463324190005,9.310840634583519
00010011011,8.72162051601511,7.067627344921733
11111111000,9.490697664207872,9.715871125184046
11100010101,9.588165131663652,9.609745238170634
10111101000,8.22809107659105,8.490051739026763
11011001111,9.426673475423373,9.523045938881397
11011011001,9.515025396907774,9.979528748123885
10110101000,8.238988010128049,8.422113796416326
00110101000,7.098962297305901,6.92574913410385
11101011001,9.51774436268889,9.958918307809967
11100001111,9.393403240505052,9.520608992547363
00110110010,8.199489743901445,8.458968665685182
00001001011,7.028813352478433,6.690315300087921
10010001110,9.12957836569898,8.027707179685613
11011000001,9.617516457497068,9.17111252397019
11001010111,9.589864328543092,9.56905232584124
11001011001,9.553004497944475,10.02399723125989
10110001000,8.066245297024064,7.025333137466333
01111000000,7.897550818884291,nan
00011100101,7.219602810045909,7.555467390212256
11101000011,9.50419519336382,9.43125448454896
11000001110,9.36342257215313,9.245909953471088
11010110000,9.390969064602523,9.845785039264241
10011000100,8.61564881860021,7.146611167965981
11100111010,9.437732746331234,9.998228421901931
00010001100,6.885764966206231,6.913176973211989
11001101111,9.437004113765783,10.122228296514889
00110110001,8.550534306801095,8.938349198660513
11111101111,9.425900792888147,10.173788989980814
10011001010,8.442757457152624,7.247733670419157
01100000011,8.309300118134459,8.777462404947865
10001111000,9.125365330549766,9.3684646116432
11100101111,9.455498073103769,10.059361553256618
11000011010,9.4484306220711,9.693202991888365
10101000101,8.838537097576376,7.632967728927622
11101101110,9.373376630070071,10.012941651286724
00111001001,7.112811124769696,6.950748804164462
10011010101,9.509105571212633,8.360341195987028
00111111000,8.769707757052736,9.159654163285152
10011111011,9.354199335650975,9.625800484805563
10111011001,9.52827876533285,8.813592491011098
10101010100,9.506795597021359,8.118548802886187
10111110011,9.243006177666693,9.136680537894703
11110001000,9.427623966512579,9.13050238888107
10100101111,9.22944168371114,9.642866590275364
10000001000,7.414137835336482,7.001722670203232
01110011000,9.079785680296729,6.987099363263964
00101001110,7.571446925682778,7.194751592800597
11110110000,9.458853043442051,9.913713514279335
10111011010,9.419717331986073,8.882923009743772
11110010111,9.591685366462585,9.516122695233099
10111101100,9.065147788081386,9.214341201317108
11011101001,9.395421355635477,9.334105695527168
11101011111,9.647324032687985,9.608332600189277
11111001101,9.467919169479574,8.739572987252174
10100101110,9.09406032672353,9.660114859342851
10101001100,8.455036482812192,7.148672780492819
00111010101,8.926178853787738,7.199904467036331
00111000100,7.225313812514869,6.997979783841842
11101011100,9.537511491714357,9.392380803873923
10111011000,9.414951725785915,8.534042852090897
00100101001,7.058943426934429,8.385821471665166
11110110011,9.5172105516831,10.034303874213027
11110100011,9.391071155572853,9.788439989574208
10100110000,9.083363588432707,9.168905556652973
10101011111,9.327965376100003,9.340720976824894
10110101110,9.134714400946331,9.463076239694614
10010101000,8.303319323189614,8.43333564251048
11100000100,9.446877424248722,9.25217435233675
11011001101,9.42958744013692,8.901536691759187
10100110001,9.243496418285787,9.349724454131463
10111101111,9.198612117139259,9.343365745899261
11111000111,9.40790521629473,9.683668032604555
11101001100,9.3551993041855,8.804217507740972
10100001110,8.967577727132605,8.239070694312534
01100110001,9.471982739089777,9.698432876195985
11010011001,9.641484216749944,9.89295390642644
00010001000,6.947162162927631,7.277588059117702
11101010101,9.579966182645725,9.546575484607054
01101001101,7.854719442791715,7.396094734214623
11111011101,9.548155338033077,9.485371750377446
10011000000,8.152201080094262,6.804475520379558
10110011010,9.483593161554007,8.733305086532203
00110001101,6.9485808091355565,6.739266360568779
11001001111,9.388291171912389,9.512726158932796
11100001110,9.39905121103494,9.390224303743167
00110001001,7.116210093724188,7.0055689602824796
00101001000,7.023414080673744,7.160329224924872
00000111001,8.67238934989084,9.284000563675516
10101000011,8.56303132417928,7.766146236154157
10101000010,8.424949438796963,nan
10000001010,8.13853969664635,6.94892572694206
10011111000,9.278919426076294,9.37528134084491
01101000110,9.376057340419257,9.368388416975428
00111001011,7.108624239983523,6.58484698546006
00100001100,6.817703235460024,6.784838838303697
10000101010,8.279483510694407,8.79412494356134
11110010110,9.585149517600827,9.780102781193255
11100000001,9.484121350361642,9.170062282551738
10110010111,9.401370148622991,9.171468237322747
11011001011,9.30701399739815,9.020454964688106
11001001001,9.331201576211582,9.049977809294695
10111010100,9.537866210074434,8.185943498054167
10011010100,9.4687218721416,nan
10001001001,7.925722143524529,6.875377235473424
10110101011,8.772055803618379,9.026530361039187
10101001010,8.335876240601586,7.275820041756438
10100101000,7.866272714635328,8.614076040824838
10101010101,9.475382920526858,8.434899769487881
10010001010,8.48283181454222,7.018222874424332
11010111001,9.506634542413686,9.713056304964399
11011111001,9.499205025670097,9.692760453874616
10011110001,9.224304777370602,9.358141847856757
10101101111,9.106373924542131,9.536815336409914
10010000011,8.740694177952648,nan
10001001010,8.148549782269379,7.1020494739253675
01000000001,7.844954474437919,7.861418332189675
10111101010,8.579344516058432,8.919767139778807
10111010111,9.39592893067048,9.383728899259475
10010001100,8.628604725319649,7.010718152899216
10000011000,9.200393780648815,8.316387047004069
10110101010,8.613518593482786,8.898941376573864
00100110000,8.02372442566556,9.048974677891792
11010011011,9.54587523452273,9.831916149106997
10100000010,8.404526426016044,7.384879774325107
01110101001,8.733079166506435,8.747174070300751
10101011010,9.44022028115864,9.004042095623873
11111001010,9.512841153820776,8.938782073168897
11101000111,9.430682256045085,9.752251958539176
10011001100,8.584615601975312,7.008620713358521
10111101110,9.227833750382942,9.473637069996794
10100110010,9.075401945467771,9.10124189269578
10000000100,8.37936771482947,6.987640439033443
11101001000,9.258496174542469,9.172895857824727
11010001101,9.512404171766892,8.979818702648483
10100000101,8.852429908369304,7.620860467813863
10010101001,8.504637778498997,8.762889178537039
11110000010,9.52740865823176,9.352845375833283
10110101111,9.240311731819308,9.36070657843955
10101010111,9.378336667203369,9.306671856203208
00101010100,8.631729703964826,7.297765530029856
10110110000,9.200886333505757,9.01891541521192
00111001110,7.7858682172893365,7.319254815254375
11110101010,9.425319301958064,9.561201119681153
11001001110,9.446287872718692,9.487197127152363
01110000000,7.802240431926632,7.589716415231681
10100101010,8.36246315244141,8.963402075076823
11011101110,9.474359179589388,9.992491453490462
11110110010,9.491644430751066,9.985185506272087
11110010100,9.566227100369945,9.155492675151574
11001101110,9.440583210016722,9.997898226769973
11001001011,9.384585113957401,9.127986922884
11111010111,9.58122373210977,9.461493565602757
11101101100,9.397797480559731,9.913419750890082
11001100110,9.330354101371219,9.81027629484721
10111000011,8.775595080759011,7.7177772850805795
10101101100,9.014071218409605,9.432386746613151
11111101001,9.397764922887365,9.323094048134395
10010001101,8.927450974685726,7.15562131281199
01101111001,9.314315232026889,9.86441554646789
00100110001,8.370950942561274,9.19143980535866
01110011011,9.39611445996536,8.27191875313874
11100001001,9.425704982443884,9.025413482846387
00101001100,6.922180249738959,6.86874436515117
10010101011,8.799350198630606,8.952784826466138
00100011001,9.1602012441398,7.250161170554694
11111001111,9.475203917559659,9.542470698135853
10011000110,9.311202331207914,8.806839859211678
11100001101,9.416698247144797,8.674657250888636
00011001010,7.040974300494243,6.841192648664944
11010001001,9.46587298238728,9.262617191845264
10101111001,9.21775354817512,9.664747535875263
10010001001,8.325582978601387,6.9569259593294435
11000001100,9.285801420482514,8.78076712620232
10000000000,7.676002934264133,6.792140200418543
01111001001,7.987522690890784,nan
00001001110,7.579158983378526,7.054458998554355
10110000110,9.446880942953841,8.781552618658496
00101101001,7.008286360875907,8.6155654307641
10111011110,9.352558866302394,9.209177722923357
11101000110,9.552280177363816,9.680077056921066
11010010101,9.563179568255608,9.299190403455347
10100001100,8.468886803442993,7.089806814993296
11011000100,9.459524049694986,9.140244935809063
10101101001,8.196984681263451,9.109519365804212
10100000110,9.250808419010577,8.664708440686391
10011001001,8.206479252853555,6.92805677062591
10000101011,8.546432369173813,8.994848736923103
00011001110,7.794120821867177,7.219750024720251
10110001011,8.708672436198846,7.241800998276913
10010001000,7.948071255538291,7.055290395985178
11011111011,9.402978650200941,9.996616908693145
00111111001,8.883879061928834,9.233519980629687
11111101110,9.372300680761363,10.012977402137771
11100101011,9.40440342039133,9.70134947045777
11100010111,9.55717257391885,9.579458091608831
10010110001,9.279606101182331,9.316672827178753
11101011101,9.547677744825382,9.702931230994697
10110111001,9.29415362744966,9.565444531604342
10110010100,9.506227364009199,nan
10101111000,9.115673125282045,9.542859965144661
10111011111,9.353692530999346,9.280787417872222
10100001001,8.151863963556517,6.93716697891648
01110011001,9.437288542717557,7.9686637157788605
10110000001,8.582888758757928,nan
10101000110,9.308136196016111,8.797433006202533
11111001100,9.419134299014438,8.76925047033211
10110010101,9.482605197642846,8.314063633640654
00011001001,7.145217037066498,7.022576694679618
10101001011,8.571249328998652,7.306974631108049
00111101110,7.286711644797802,7.596943244049028
11010000001,9.63242289981158,9.158751342225317
10100101011,8.550774788474545,9.123443855407615
00110001010,6.9607912121289175,6.9296409480740175
11111010110,9.513624296424007,9.715510882161217
10010000000,8.106563237388277,6.7242788358971675
00110001100,6.885983365946646,6.804827248131317
11111111001,9.46168255888788,9.732878786769707
00110000001,7.000288918407465,7.067965471611526
00101001010,7.0145233133824085,6.7690096727801725
11010001110,9.455958039383498,9.255135641212982
00110111001,8.971747432144008,9.292918629381141
01110001001,7.994377089402384,7.077308299132266
11100101010,9.40397407916901,9.66125025249133
11100001010,9.42009737650336,9.04648403084703
11010001010,9.404875647371265,8.653690883097902
10101001111,9.132305265762666,8.49926377755197
11110001010,9.43296312651767,8.8682443759811
10110011011,9.502223314314602,8.905521819188227
11010011000,9.552460730376215,9.505173492713018
11000000000,9.225434892062609,9.021214977635708
11011010100,9.526736615651357,9.175245318260588
11110011111,9.692438505597476,9.471983443549245
10101001101,8.741006068876642,7.25055824795525
11111000100,9.444790697535955,9.14229534658453
11110101000,9.29757367674424,9.185219262144638
10101101110,9.152981599022013,9.592050028622745
10011001110,9.212695345970163,8.300970568515131
00100001001,7.115243712881132,7.050304394346626
00110110000,8.365550972529938,8.916994356107946
11111001000,9.453148749500151,9.059125575656987
11100000011,9.49146276800401,9.58373165957558
11110101001,9.391114529353036,9.40723234762238
11101001101,9.372016701622183,8.6357193668942
11101001111,9.364703569595363,9.606881060023541
00101001011,6.956867028761568,6.689078607937055
10011101111,9.213924377855994,9.344451932802626
01110011010,9.145677911627802,7.836926184820094
11100010100,9.543282803670007,9.200108018663586
10111000100,8.718233971231795,7.332296322558445
10000000001,8.213977012348057,6.975714670999257
11011010110,9.493421970678526,9.705772798753713
00110011000,9.169745014765713,7.1630323409222285
11101111001,9.469861216756136,9.9131119599664
10100000011,8.614060273647494,7.80944849356248
10101000000,7.994496034614611,6.849824752622965
10011111001,9.367095094133521,9.496691479627565
10011101110,9.235018118332095,9.468445716291614
01100011001,9.095741589001863,8.033885102857424
10101000111,9.354079430536936,8.975063404177446
11111001110,9.481345813958342,9.502767308695681
00110101001,7.029978396530741,7.632069051194758
00100011000,9.066940079500508,7.089656359187275
10111100101,9.089876605392774,9.089393862792022
10110011000,9.410723795527666,8.319894199874994
10110001101,8.980927183031305,7.249216111211935
10000000011,8.504643532464963,7.601233227247406
11100000010,9.516811666248499,9.428728345804503
10111001111,9.44400547425348,8.54859128736343
11011001001,9.301331870016496,9.114028799384421
11111101101,9.448946826907317,9.969334140047499
11101111000,9.542117580333642,9.798006526446406
10100001011,8.542049300402635,7.349149111495161
10100001010,8.323328799067763,7.180218248900268
10100101001,8.152127746385581,9.053006745631043
01100001001,7.453367913283247,nan
00111001000,7.003237758779457,7.089779935484435
10111000110,9.444319342329413,8.962447729066115
11011101111,9.498518259590046,10.124309666493117
10111001001,8.426506289227218,6.9373326726301965
10110110001,9.277393981367114,9.264263116196117
00110011001,9.291400828230474,7.193319837789797
11111011111,9.682777832552777,9.466665819918092
11011000110,9.445353318158993,9.598298482841148
00111001010,7.048500394226026,6.848704067682275
00100001000,7.01326742932985,7.082541179950678
11010000010,9.541108866796707,9.317206412370208
11110000001,9.586542745927435,9.152603188517508
01111001000,7.481317013675112,6.62684878662723
11110001011,9.347371531417252,9.026117387367186
11101000100,9.467216975544499,9.299036259238973
11100011001,9.596762363241362,10.031206569588988
10110001010,8.581535868142897,7.164858821455421
10101001000,7.714198151897654,7.052254087987217
11100000000,9.270727956653607,9.002421924678009
11101011010,9.432256626416507,9.639374800237311
00100000010,7.116029891318892,6.968994316880592
11100110010,9.418420575254505,9.928658144515204
11011010101,9.616103416910944,9.46151797787277
11010000011,9.580670440683384,9.430547123875817
11110001001,9.513811732639725,9.105031221086124
10110011001,9.506053689957174,8.567311688789543
11111001011,9.530979968099038,8.923410872512981
10111001110,9.30653380325427,8.492314552633285
11111000110,9.46916312827702,9.624481353553188
11110001101,9.521897807098386,8.837835860420432
11011001010,9.374288563650893,8.84577706112926
11111010101,9.614131594800288,9.469334805901909
10101010110,9.445784500655359,9.357303825917132
00110000000,6.874375731917517,6.997083491942679
10101001110,9.02685232090541,8.359787384210362
10111001011,8.85440304842916,7.342194369876149
10110001110,9.237373657653707,8.293527276319468
11100001000,9.262334746400898,9.165155642928237
10111010110,9.442102092608287,9.30933582684285
11101101001,9.231481652745872,9.39518450662326
11101001110,9.4265041165765,9.572330310431843
10101000001,8.358533156140888,nan
11101001001,9.383328830857996,8.880772261660379
10111010101,9.519628791135009,8.647441316481236
10111001010,8.61125833663958,7.357276357576672
10110101001,8.430010620352828,8.798719426819293
11100011010,9.44957286002143,9.63546635884077
11111001001,9.537266381699238,8.909317698634123
11011001110,9.491521201149276,9.424250988281948
10101001001,8.158215441579499,6.922809686498594
10110001001,8.382118932611403,6.876705747436317
10100001101,8.787864155191798,7.266536922292677
00100000000,6.942210492185472,6.972106246256777
10001000110,9.137909013591957,8.613353520637261
10100001000,7.67877865906989,7.01960105096278
11100011011,9.415511138336372,9.832874675764836
00010000001,6.990762617544455,7.033976290343596
11100101001,9.229311900233496,9.428761752438723
11110011000,9.566526592238482,9.601215711630617
10100011010,9.443308021523315,8.868123423806479
10100000000,7.936156401116965,6.800803055055726
10110000000,8.190014153000602,6.613255870416551
10100011000,9.31989399100716,8.445807439426726
11110000000,9.390267167339928,8.982650009867967
10100011001,9.47225648339581,8.798805955359041
10111001000,8.067598110819887,7.084049762815249
11110011001,9.587111561347989,9.863046737323064
10010000001,8.564075531017826,nan
11011010001,9.460215203707095,9.401638051952386
11110010000,9.379191406363145,8.861636200524355
01001010011,8.83836402457294,9.020400788739192
01110110100,9.31443207952849,9.432626377980993
01010110101,9.472559643547958,9.320305570161796
10001010000,9.24923758770469,7.149959910261006
01001110111,9.446887576341801,9.65690622171927
11111010000,9.437229543913785,9.031503298443909
11100110101,9.470581901499504,10.154259239792596
11111010011,9.605652687603612,9.488975365964999
10001010011,9.280993397064346,8.477397307215698
10001010010,9.416141562754504,8.300287612861688
01000010010,8.87222645533819,nan
00000110110,8.61950436477793,nan
00001010010,7.874603099236567,7.251921138312508
00010010001,8.505147121214963,6.773675493798081
11011110101,9.51334663168951,10.005684491817831
11001010010,9.39008888233442,9.605863986411382
01011010001,9.421123664887261,8.845748586828512
10000010011,9.369237645798522,nan
00111010011,8.235753175790068,7.053411667297776
11110110101,9.498739351611068,10.114682131361132
01111010011,9.365613586861997,8.771075763019365
01001010010,8.925132782130806,8.679804327512699
00010010011,8.158028674400114,6.836076181567308
01101010011,8.779735552476371,8.686397139984017
01000110110,9.395270516396364,9.612181090829308
11110010011,9.549495669718663,9.501976473650423
11010110110,9.435899081594227,9.977138458474807
10110010001,9.553402933615182,7.324755569433225
11110010001,9.496983775268223,nan
11011010000,9.425001375674697,9.124520083421222
10100110111,9.235428925424445,9.626680843668638
00010010000,8.416619222569807,6.674119296652318
11000010001,9.363461945237288,9.105375773381256
10101010000,9.407481608330691,7.375051966157818
10000110101,9.36039873991873,9.551551463464955
00111110100,8.562014498065928,9.118273985003874
00010110101,8.870401874839095,9.120793270998778
11100010001,9.393732692315819,9.109156827727626
00100010000,8.530925410578599,6.699687093724706
00011010010,8.218810726789693,7.116087868642566
10001110101,9.20119121953526,9.353811020900286
10000110100,9.19965487840437,9.24616360206785
01100110101,9.232248957507363,9.181875431112875
00000110100,8.270036970090425,nan
11001010011,9.441831689661257,9.621058333062145
01111010000,9.46168916168327,nan
01010010001,9.459541419980102,8.194939002793008
01110010000,9.400423938074788,nan
01100010010,8.839043599745922,nan
01101010010,8.850228217026359,nan
01100010011,9.002423043169506,nan
10100010000,9.371397375482552,7.082795202367135
01110110101,9.310712670042367,nan
01001110110,9.248110762288855,9.519004885077264
11110110100,9.438543251185978,nan
01011010000,9.291192115050004,nan
10110010000,9.467039410693854,nan
10011110110,9.261415439099308,9.5251900259349
01000110111,9.533317547184106,9.845399874222998
10011110111,9.351418574188097,9.776660725720557
10010010001,9.488631830279614,7.255752219789903
10101110111,9.219626888138759,nan
10011010001,9.485956214965125,nan
11000010011,9.429657125293222,nan
01111010010,9.371960846086353,8.501491109459755
10111010000,9.565211472116115,nan
11111010001,9.476816394307964,9.206623474741377
11110110110,9.448812574776053,10.048903637965235
11101010010,9.267260396761902,9.316011173847643
11010110100,9.401293934952992,10.142271428420774
11111010010,9.48425454294669,nan
11101110100,9.29907122544963,10.129602905904587
11100110100,9.327492078801903,nan
10111010011,9.423801172846707,nan
10010110101,9.333841821365695,nan
01100110100,9.052638744170087,nan
01011010010,9.403172401827586,nan
00011110101,8.894842942104567,8.946854825121902
10110110100,9.21857688005722,nan
10100110100,8.986199567278394,9.37181767528075
10011010011,9.51492609593799,nan
10011010010,9.517231236171812,nan
10101010010,9.325634526214525,nan
10100010001,9.487047618638844,7.585651864190072
10010010000,9.349856836072519,6.8373675200028075
01011110111,9.433551211822007,nan
10010110100,9.249893684141409,9.391223143626515
00100110100,7.780603175338812,nan
11100010000,9.259092597177718,nan
00100110110,7.988861325337876,nan
10101010011,9.246312762991517,nan
10100110101,9.220708842852346,nan
11101010011,9.324373744224777,9.362128634753706
11011010010,9.590862681781454,nan
00001110100,7.935890714025078,nan
01000001001,7.516330790205477,6.9729845202284615
00011000101,7.45285645293743,7.006963907818533
01100000001,7.827483246995912,7.984463032744321
01010001000,7.354622328039951,6.410606265724683
01001001001,7.563620701522053,nan
01011001000,7.485457750016756,6.585095050855709
00110000011,7.122534845655104,7.049774070021105
01101001001,7.400664285017577,7.0133262080080625
01110001000,7.421730067914682,6.540194999997722
10001001000,7.45755147632531,6.945640675771484
00011010000,8.575628815562865,6.987267913748246
01100010001,9.155974043898674,nan
00000001110,7.25219230651214,6.907877828470378
01100000000,7.404370939404391,7.465055604692861
00111101001,6.923574982089489,7.699165160065536
00001010001,7.810924855203869,6.886324485931183
00010000101,nan,6.92131038830784
01000000000,nan,7.437714816640701
00000010010,nan,6.950425069219705
00010010010,nan,6.701376227065005
00000010001,nan,6.853142458497625
00100010011,nan,7.1221730087031245
00000010000,nan,6.732226535709798
00110010011,nan,6.8355124357707195
00101010000,nan,6.820282746803816
00101110100,nan,9.058650132094575
00100010010,nan,6.9251078397082795
00001010000,nan,6.789742588239186
00000010011,nan,7.1329186549804175
10010010010,nan,7.507512097062861
10000010000,nan,6.96899500088366
00101010001,nan,6.894974615632392
00011010011,nan,7.216115061897838
00100010001,nan,6.910638650211085
10110010010,nan,7.5016665644517095
01000010000,nan,7.241284147515196
11100110111,nan,10.009367339218544
00110010001,nan,6.768574867679776
00111010001,nan,7.024566870037459
01001010000,nan,7.587603214620508
00110010010,nan,6.761274671061062
01100001000,nan,6.539605901496452
01101010000,nan,7.40213442186505
00101110101,nan,8.263557883514864
00111010000,nan,6.936167037207697
10001010001,nan,7.529305763519806
