99301.6,74963,86813.9,59602.3,48743,80136.6,7458.51,342.993,0.608546
55311.8,53102,68263.3,15264.1,15594,64149.7,6378.33,416.201,0.622698
89761.7,80981,72642,60319.9,60705,65120.3,7966.59,347.502,0.65572
122119,93567,85534.1,47028.8,37291,82649.4,9588.63,444.103,0.672231
139546,123579,74003.3,79181.4,73823,70292.9,9165.33,414.771,0.67341
82162.6,74114,72653.1,30829.3,30374,66518.4,22495.2,357.655,0.675769
118494,107375,72322.1,57298.5,55307,67895.8,24993.2,438.646,0.686383
70044.4,61528,74607.2,31153,27500,74241.6,20558.8,383.097,0.705253
59224.9,54102,71741.6,20972.6,20546,66896.6,9649.79,403.46,0.706432
122890,92218,87333.5,67082.7,54862,80134.4,27947.7,361.83,0.713508
40828.1,39427,67865,9120.16,9351,63918.2,8874.41,360.573,0.720584
109700,91507,78565.8,28831.3,20631,91585,6673.11,342.685,0.750068
77014.6,70813,71275.5,37861,38537,64386.5,15373.3,337.11,0.763041
55823.9,53615,68236,18917.4,19227,64480.8,13493.5,402.102,0.770117
82433.4,74874,72152.6,32375.1,31550,67250,11776.7,372.903,0.774834
94660.9,79847,77694.8,64788.4,56419,75257.8,13428.1,397.209,0.779552
72935.3,66035,72384.2,21460.5,21015,66925.2,12591.5,403.875,0.781911
120572,84662,93333.6,51948.3,36050,94437.8,22073.2,419.402,0.797242
99410.9,88631,73506.9,59630.9,55971,69821.3,26353.9,395.884,0.832623
124273,107956,75441.6,56070.4,52624,69828.1,8817.23,365.573,0.849134
73475.9,65110,73956.6,39256.9,38962,66032.1,14360.6,336.009,0.890411
75131.7,64811,75972.2,46066.1,43839,68865.3,13895.6,413.633,0.917536
74442.9,69495,70202.1,18503.3,18899,64163.9,19462.7,387.018,0.922253
98239.5,88952,72378.6,43805.1,42668,67282.5,21128.8,380.622,0.963531
136633,89076,100525,63557.9,46464,89646.4,17182.4,411.769,0.967069
109776,83608,86048,49153,40060,80411.6,25612.3,414.348,0.990656
109493,86896,82578.5,48828.1,39908,80184.4,7315.85,433.207,0.991835
70225.9,62783,73305.3,29952.3,28011,70078,8965.04,343.665,1.00835
131311,85108,101114,59077.6,43376,89259.2,10150.8,399.065,1.03547
77178,70783,71457,19483.9,19019,67137.9,23873.8,404.968,1.04137
125029,115458,70968.4,60497.2,60086,65984.5,16036.7,390.984,1.04491
86125.1,72403,77956.6,34288.7,29655,75776.1,13890.3,361.168,1.05434
92244,85038,71089.5,26447.8,26970,64267,15361.5,425.23,1.07321
74276.7,70194,69347.8,38755.9,39750,63897.1,11011.4,382.478,1.08147
42597.1,40819,68390.7,13915.9,14327,63655.3,13113.3,349.962,1.10859
145070,102201,93025.4,56453.6,42829,86384.1,30593.6,423.882,1.12156
88659.7,79500,73086.8,73251.6,70072,68509.8,13389,379.423,1.14633
95115.9,80639,77301.5,43560,39659,71982.3,14366.9,410.254,1.17463
120786,100845,78494.9,77486.9,71929,70599.9,19674.7,370.004,1.18053
73869.1,63714,75981.6,36547.3,32470,73765.4,15430.4,338.05,1.20294
98941.5,79131,81943,45834,40479,74205.9,25215.2,387.963,1.21473
60862.7,55526,71834.8,22689.7,22274,66759.2,16564.1,368.746,1.22181
43643.9,40579,70486,17589.4,17575,65589.7,8154.57,453.269,1.23596
70042.5,65963,69589.1,18005.9,18655,63255.6,26335.4,354.32,1.25483
58622.6,53326,72045.4,17140.8,16746,67080.9,7848.41,379.284,1.26427
93047.8,81234,75066.8,47028.8,43382,71045.1,8285.43,354.155,1.27016
85085.8,75889,73478.1,59911.7,55717,70470,16639.5,434.02,1.27134
51994.4,48215,70673.2,7937.3,8115,64100.9,19213,370.405,1.302
66276.8,62309,69709.2,23721.5,24385,63752.7,22602.9,406.072,1.30908
77121.9,70696,71492.9,28845.6,29324,64466.8,29523.7,322.841,1.3138
100035,77532,84557.3,38284.7,26472,94780.3,12602.5,378.126,1.32913
84080.7,75203,73272.5,39609.2,38775,66945.9,8133.14,351.317,1.36805
43798.8,42986,66775.2,26714.3,28606,61202.2,9776.83,428.1,1.39517
44651.9,42605,68684.6,16742.1,17193,63817.3,12784.7,366.088,1.39635
65493,59198,72505,38243,38522,65061.4,13182.8,415.242,1.41286
76679.3,69629,72171.8,42768.6,42505,65942.4,9643.06,367.826,1.43409
74464.8,67140,72685.8,21884.1,21312,67295.3,13362.6,400.236,1.44589
43124.3,41181,68628.6,22028.1,23065,62589.8,13198,337.019,1.45414
81470.1,75566,70656.4,48027.2,47450,66333.2,17459,363.018,1.45768
128246,102830,81734.4,69041.4,53114,85188.4,11600.2,405.726,1.48363
80517.3,70291,75070.5,50815.4,46519,71588.8,35204.4,358.498,1.50485
118324,106043,73126.1,60561.5,57551,68964.2,32891.7,405.057,1.53552
69375.6,63586,71503.2,24322.4,23926,66621.8,28370.1,364.433,1.54495
68820.9,63006,71584.4,32523.9,33082,64430.4,7548.57,375.585,1.56146
93380.3,86707,70579.9,43258.9,43511,65156.3,9496.97,344.193,1.56854
98440.9,79127,81532.5,38371.6,28787,87356,12253.8,382.389,1.58269
44707,42771,68502.4,19676.7,20919,61643.9,19303.2,395.077,1.59566
88347.1,80863,71601.6,34654,34347,66121.8,20918.5,348.134,1.63104
93055.4,85495,71331.4,44740.4,43555,67319.7,8241.09,380.923,1.63458
54623.1,50453,70952.8,20056.3,20209,65040.7,12458.7,357.461,1.63458
69108.7,60183,75255.6,53853.5,52451,67288.3,20054.6,349.874,1.6452
117656,75156,102596,58925.2,39616,97478.9,29674.4,365.281,1.64991
68609.9,62026,72492.5,58590.8,58542,65590.7,5185.07,389.517,1.64991
79358.3,71162,73084.3,22736.1,22254,66955.9,10340.7,340.49,1.66053
81794,73550,72881.8,35642.9,34586,67538.7,25511.7,368.896,1.71714
85287.2,77971,71685.4,40519.5,39479,67263.3,14150.4,400.542,1.73601
93725.1,76542,80248.3,40878.9,32730,81852.7,10776.2,450.002,1.73719
64682.6,59823,70859.7,24121.3,25291,62505,9950.81,408.149,1.75134
138414,107229,84595.6,55365.9,45193,80288.1,19100.6,420.003,1.7761
72480.3,68433,69411.9,32452.5,32885,64674.1,19489.1,370.166,1.78082
104521,79820,85816.6,32609.6,22712,94095.7,17701.2,411.318,1.782
71440,64466,72625.8,43025.6,43110,65407.8,15415.9,351.923,1.82328
107852,95257,74201,56482.2,53981,68572.6,11343.6,369.319,1.88578
121388,87006,91433.8,64399.2,45962,91825.2,11327.4,431.703,1.89876
66161.8,62070,69856.3,21719.9,22546,63134.7,12609.4,397.92,1.92234
75228.6,67194,73372.4,34029.2,32830,67930,6807.49,350.488,1.92234
74385.9,68447,71222.4,28538.6,28059,66656.1,19339.4,345.546,1.92352
142796,95435,98059.4,65046.6,44575,95634.2,26622.4,435.251,1.94711
63610.1,60135,69323.2,20575.1,21395,63024.5,10426.4,339.426,2.00254
116672,93802,81514.7,54411.6,43966,81106.2,13396.1,386.347,2.01669
108329,89126,79656,65513.1,56626,75821.4,7016.99,345.356,2.02259
64785.3,60451,70234.8,35759.5,36903,63505.3,15476.4,369.69,2.03438
103195,84387,80142.3,48053.4,40039,78654,7118.93,379.918,2.04382
133354,92790,94185.9,57122.4,42450,88187.8,18111.3,347.602,2.04618
99427,86915,74970.4,33847.2,31559,70287.7,7614.73,417.107,2.04736
67465.2,63046,70129.7,23692.9,23874,65038.9,16198.5,394.803,2.06387
138546,101433,89514.8,81253.2,61629,86404.3,10684.5,353.062,2.06387
124483,83855,97288.6,47979.6,35371,88897.5,20285.4,350.664,2.06505
87200.5,78267,73016.4,31871.8,31439,66438.1,22359.9,428.063,2.07448
96360.4,86643,72886.1,38784.5,36295,70031.1,11120.2,339.813,2.09925
87504.5,73351,78181.5,50815.4,42147,79014.8,33529.3,319.363,2.10396
90319.4,75003,78919.1,57786.4,54175,69904.8,12880.6,403.624,2.10396
97498.5,77918,82005,25362.5,17290,96133.9,13487.5,404.087,2.13581
63458.1,59718,69640.5,21360.5,21634,64707.5,12421.2,415.903,2.14052
108832,78794,90519.8,78875.6,56910,90831,13382.2,355.669,2.18534
124838,95162,85972.9,50930.8,39262,85013.6,9468.61,429.357,2.21011
120486,90408,87339,67721.7,54732,81089.9,17894.5,372.54,2.216
84414.1,70660,78292.8,33007,25264,85621.8,13371.8,428.938,2.21836
131239,102251,84115.2,47163.3,37391,82664.1,20842.4,349.19,2.22544
69729,63475,71993.1,30406.9,30263,65847.6,16388.1,357.018,2.23369
89305.7,81889,71471.6,48825.7,48725,65671.5,29491.5,329.799,2.24902
74173.1,68844,70609.1,36201,37000,64120.8,26197.7,425.72,2.25374
113672,90383,82422.9,66205.7,55419,78291.8,9221.81,367.202,2.2962
90516,79947,74199.9,104946,99855,68877.4,10684.1,384.742,2.29738
104819,84006,81773.1,59397.7,47634,81720.7,15149.8,414.524,2.30445
65693.4,59324,72572.4,41197.8,40376,66869.9,17257,443.384,2.33394
100294,85055,77278.1,44251.3,41579,69748.1,17693.6,347.965,2.35517
78294.3,71834,71429.9,29450.1,29294,65885.3,18742.6,403.484,2.37522
80574.3,75948,69528,20186,21112,62661.4,15337.2,368.821,2.42475
99953.3,80317,81558.6,57593.6,52281,72195.6,7205.86,374.892,2.44598
72066,61767,76463.5,34518.3,32243,70160.8,19701,367.012,2.46249
52880.8,50959,68007.5,9558.08,9899,63279,10247.2,402.941,2.48254
74616.8,68590,71294.4,20946.4,20794,66016.3,13195.4,349.891,2.49669
47152.3,43759,70618,15780.6,16107,64207.9,13050.3,448.027,2.50848
92599.4,80498,75388.1,53986.7,47830,73971.9,12243.8,416.057,2.56155
73511.9,68926,69896.4,24518.8,24554,65442,11179.3,375.402,2.58632
101052,92741,71408.7,30229.6,31153,63593.4,19046.4,373.52,2.59811
117707,106790,72235.6,33831.7,32690,67824.9,10246.8,439.572,2.62052
86528.9,64975,87276,48964.9,37883,84707.3,7675.97,369.534,2.64647
60249.9,56427,69976.1,14826.2,15263,63660.5,28826.8,389.777,2.67477
77149.5,69084,73187.3,62410.7,60392,67726.7,34593.8,363.978,2.70072
125315,102734,79941.1,71383.3,65274,71669.9,9187.11,384.062,2.7019
70902.3,64511,72028.9,34308.9,33515,67088.4,10744.9,374.789,2.71133
82089.5,74437,72273.4,51666.2,50097,67588.8,19139.4,353.639,2.74199
100622,85264,77340.6,85828.8,81060,69391.5,10888,353.875,2.77855
74093.4,59346,81821.6,33305.7,23782,91780.5,33518.6,419.362,2.7986
91876.4,79873,75384.8,47927.3,43893,71559.5,9826.3,369.647,2.82101
109919,95144,75713,42976.9,39420,71449.3,16171.7,340.376,2.82573
84049.4,72930,75528,41144.3,39398,68440.8,20483.1,342.572,2.82691
106554,81776,85393.2,52210.1,41268,82912.6,14827,447.474,2.85167
61744.3,57362,70542.8,21433.1,21510,65301.7,6392.21,347.879,2.85875
75100.4,63270,77790,57108.1,54226,69019.2,9870.37,366.639,2.86936
61758.6,57570,70304.1,23313.3,23190,65884.4,11455.6,356.352,2.90474
127531,98659,84714.6,43154.2,32103,88096.2,11556.9,342.404,2.90592
73436.9,67514,71285.4,31765.9,31342,66422.3,14785.5,427.71,2.91182
51278.1,48229,69679.3,13596.9,13553,65748.5,17918.2,374.5,2.92243
152070,101894,97808.3,44595.3,26834,108914,17787.1,395.404,2.93659
93294.8,83467,73252.5,107615,97583,72273.6,19823.6,359.975,2.9472
94297.9,86121,71758.5,35183.5,34941,65990.9,10719.7,398.571,2.94838
48361.6,45322,69931.4,18377.2,18206,66152.2,16808.4,439.813,2.94956
115976,99362,76494.1,35428.7,31494,73723.7,12799.9,386.865,2.97079
64347.3,60923,69219.6,26942.8,27791,63535.8,10652.9,410.509,3.00617
89833.9,80046,73549.6,31237.5,30346,67461.3,5580.59,351.554,3.0498
73234.5,62450,76853.5,36922.1,34214,70723.4,14176.6,400.519,3.06042
95566.2,83831,74710.1,37552.8,36531,67369.1,9960.08,428.931,3.08283
84983.2,77281,72067.6,53865.4,53013,66589.7,10990.3,352.796,3.10759
87150.1,76969,74204.8,63523.4,59165,70363.7,19186.6,388.248,3.15831
87740.1,79230,72575.2,26069.3,25754,66338.4,30490.3,400.212,3.21138
45641.8,42884,69750.5,19075.7,19984,62557.3,11865.1,341.146,3.21727
62909.9,56150,73425.9,28191.1,26546,69597.4,23065.4,342.31,3.22553
57832.2,51866,73074.7,39329.5,39763,64821.5,8022.44,354.383,3.25147
79382,68371,76090.4,53233.5,51687,67496.8,12762.8,408.677,3.27506
147162,99922,96519.1,75075.9,55238,89072.3,15031.2,383.937,3.28332
72177.2,64330,73530.3,39315.2,39422,65358.5,9917.9,372.537,3.2845
101287,86944,76347.4,53002.6,46244,75114.1,14511.7,441.808,3.28921
90763.9,84682,70242.9,57646,57454,65755,20604.2,367.217,3.29865
75886,65146,76340.3,39107,37246,68810.5,18085.3,441.675,3.29983
78847.1,71678,72090.8,44030,43034,67052.8,10080.5,406.056,3.30101
93711.8,80727,76077.4,53557.1,49315,71173.5,6880.8,391.015,3.31398
128522,83746,100576,79597.9,58406,89315,14042.6,357.075,3.35172
81089.1,70159,75745.9,41847.5,39467,69489,21845,399.8,3.35172
103501,78951,85914.2,71419,55475,84371.7,25978.7,325.92,3.35762
93489.5,86291,71003.1,32304.9,31687,66814,6770.66,345.57,3.36823
120191,89628,87883.8,33648.4,20792,106059,13977.9,398.712,3.39064
73194.6,67230,71350.4,24268.9,24106,65978.8,14782.8,357.423,3.39418
126164,106870,77367.6,51943.5,48370,70377.7,12973.2,424.334,3.41187
92423.6,77590,78065.1,63055.7,60578,68216.5,12208.1,421.038,3.42838
85826.8,71770,78371.8,29419.2,24174,79755.8,8700.77,351.814,3.45078
130349,108911,78435.8,62189.4,53835,75706.2,20895,427.355,3.45432
89230.6,74340,78663.2,26309.7,22192,77696.2,13744.1,346.445,3.47909
70675.3,63153,73342.1,64878.8,64101,66331.2,13609.3,373.292,3.48852
129791,100186,84901.8,57968.5,43838,86660.5,19381.2,435.599,3.4956
117067,87591,87589.8,56827.3,43827,84975.7,11770.6,386.768,3.52037
113892,83750,89122.5,61205.3,47922,83701.6,8098.75,341.447,3.54985
87703,76138,75490.7,30901.9,27614,73339.2,15417.5,423.201,3.55928
78234.4,60591,84619.3,48085.5,40795,77248,14036.8,448.16,3.58287
94355.9,87626,70569.3,35368,35422,65436.1,10782.4,428.217,3.59702
93344.1,77616,78816.3,67532.5,63540,69653.9,18147.3,431.721,3.62415
94268.5,85379,72359.5,38016.9,37511,66419.9,9941.49,390.337,3.64066
86963,77646,73399.9,37241.1,35690,68384.1,19810.5,358.996,3.65481
107372,83267,84507.9,44723.8,34439,85107.5,19061.1,333.907,3.6725
82422,73652,73339.6,38268,35184,71280.5,14786.2,374.25,3.6725
135908,115432,77161.1,97369.4,83116,76774.6,18587.3,347.189,3.69963
137095,93959,95623.5,70346.9,55443,83153,10543.2,425.454,3.71968
102765,83246,80902.7,72112.8,66554,71009.8,11706.8,446.224,3.73383
79962.4,72483,72298.6,40232.7,39927,66037.8,6477.9,347.805,3.74444
111506,83077,87962.7,68442.9,56561,79303.2,17883,434.92,3.74916
83825.1,69487,79058.9,34608.8,29963,75697.4,21457.8,331.826,3.78454
150732,120078,82266.2,70924,58362,79642.2,23733.1,428.85,3.84351
120599,93183,84817.6,55452.8,48667,74673.9,10346,394.935,3.85412
119853,89963,87310.1,45362.8,34511,86143.4,13980.8,355.149,3.88361
72197.1,64583,73262.5,25813.5,24275,69689.5,10986.8,351.809,3.9414
92596.5,72373,83849,41661.9,30289,90143.4,13055.7,392.582,3.94493
81419.8,73539,72559.1,21456.9,21415,65664.2,17321.3,443.328,3.94611
59705.6,55723,70219.9,22398.2,23103,63536.6,14904.4,337.517,3.95319
68197.6,60470,73911,25072.1,24786,66292.5,9200.22,382.07,3.95909
100465,88280,74582,46158.9,42892,70527.6,11867.9,405.494,4.0039
82579.7,67751,79879.9,54684.1,49587,72272.5,11906.2,390.611,4.02631
80195.2,74374,70665.5,32099.1,31938,65866.5,14791.7,409.885,4.05579
90193,76783,76981.8,38521.5,35739,70638.4,7888.93,374.299,4.05815
116577,97030,78738.7,63387.7,56066,74094.4,17180.2,394.941,4.0723
121996,103875,76968.9,52232.7,48887,70021.1,12475.1,381.207,4.09353
109725,93885,76593,37176.8,34617,70382.1,10832.2,343.033,4.1065
97823.4,90618,70747,35983.2,36782,64112.8,7664.31,451.714,4.10886
93682.4,82721,74220.2,55101.8,53861,67045.7,27783.7,344.152,4.13481
74205.4,69223,70253.1,28877.7,29171,64877.1,16625.1,338.993,4.17844
81324.8,70640,75448.7,31187.5,29268,69834.1,14085.6,341.198,4.18198
118304,98962,78344.6,27030.9,20550,86204.1,14223.7,442.058,4.18906
76221.4,60922,81994.1,28123.3,20430,90214.7,14945.1,420.642,4.19614
154111,105672,95577,66932.7,45884,95599.9,22430.6,384.441,4.23859
97928.9,73406,87429.7,77250,71178,71126.7,16028.2,399.901,4.24921
54975.6,51872,69457.1,18094,17972,65980.7,20440.9,390.129,4.25274
110854,82731,87813.5,40498.1,30511,86987.7,23891.9,388.122,4.25982
57649.8,53558,70542.9,21940,21826,65878.4,21617.8,386.137,4.28812
84813.1,76797,72376.7,27083.2,27817,63807.2,12711.6,406.741,4.30699
93615.9,84198,72866.4,58627.7,55650,69042.7,31501.8,399.334,4.32115
87710.6,77847,73839.8,40174.4,37827,69602.9,12500.3,360.395,4.34355
95545.3,85176,73514.3,39537.8,38844,66706.5,21511.5,421.869,4.42021
84455.9,77315,71589,42441.4,42999,64686.1,14360.1,379.57,4.42375
104726,90929,75480.1,91264.7,88037,67938.7,20268.8,347.708,4.42611
105969,86296,80476.1,49532.6,44572,72829.7,16967.5,365.425,4.44852
70484.3,63768,72438.5,28070.9,27388,67170.1,17812.2,390.432,4.46031
109797,99394,72395.4,36812.7,36118,66796.4,10212.7,400.001,4.46031
81524.3,72869,73320.3,43244.6,42033,67425.1,8736.02,390.394,4.48979
102460,63546,105669,59989.1,38078,103247,20822.3,435.338,4.48979
144618,131625,72005,97927.5,95437,67246.2,9481.47,346.186,4.49215
96090.6,74998,83967.5,42530.6,32690,85264.2,9502.84,351.118,4.49805
106346,85343,81664.4,47434.6,37787,82268.3,13388.3,344.774,4.50748
130302,97213,87842.9,47774.9,34313,91247.6,13235.4,387.476,4.52517
99643.6,80190,81434.6,58101.8,52682,72278.1,14428.4,441.88,4.53343
32585.9,31459,67883.7,18376,19127,62962.7,9651.13,390.589,4.53343
115876,101426,74873,31304.1,30326,67649.8,29146.4,431.079,4.54994
69084.9,63917,70834.9,31788.5,32313,64472.2,12671.8,348.366,4.56291
76815.1,66939,75205.1,32631,29471,72563,15031.9,425.516,4.57353
104372,82174,83239.3,71583.3,57674,81341.4,10511.6,381.922,4.57825
71864.6,65180,72257.2,21841.3,21608,66243.5,17632,429.198,4.60419
103280,90124,75102.9,61981.2,59928,67781.3,18657.3,372.868,4.61127
74487.6,67346,72485.7,34397,33750,66792.3,9730.54,418.24,4.61598
75287.5,68206,72340.3,32074.1,31114,67558.2,23650,419.022,4.61834
146456,118086,81280.8,111366,97746,74667.9,21772.9,354.322,4.62778
135224,99946,88668.3,92975.9,74638,81637.6,13647.6,350.488,4.63367
88870.6,78071,74601.6,74334.5,67171,72525.2,8207.96,365.112,4.6608
46873,41853,73396.6,34513.6,35737,63292.4,19646.6,331.419,4.6667
77275.9,66887,75715,36381.9,34771,68572.2,17865.1,438.896,4.67495
116669,91879,83218,51007,44227,75582.6,10967.6,359.746,4.69264
94180.1,83263,74128.9,75090.2,68763,71566.3,13116.7,368.769,4.72331
84744.8,76835,72282.6,46941.9,46423,66268.6,15216,356.056,4.74925
87048.5,78775,72419.1,23371.6,20595,74371.5,15915.6,361.389,4.75043
71137.9,67329,69243.5,46202.9,47653,63541.8,7855.33,398.088,4.75515
99246.5,91482,71098.3,35448.9,36174,64222.4,9400.5,351.207,4.78463
69450.7,64972,70053.6,43862.2,45016,63856.3,16199,344.313,4.78935
85268.2,68683,81361.3,69924.4,65343,70130.9,9780.48,421.167,4.79407
66126.6,60208,71978.4,28124.5,27972,65893.2,10648.6,364.973,4.80704
129384,88718,95576.2,56282.2,35786,103071,17448.7,333.327,4.81529
91390,78615,76185.6,35178.8,32067,71895.6,19635.2,391.819,4.82355
107189,96350,72908.2,94126.6,92330,66811.3,11607.6,383.94,4.84478
123687,95686,84714.2,111955,98754,74296.7,10857.1,349.942,4.85068
55549.3,53314,68283.8,25494.6,26886,62144.3,15529.9,372.614,4.85185
71923.5,62626,75265.6,30010.6,29174,67415.4,11320.9,373.299,4.8719
84153.9,73801,74729.4,31800.4,30221,68961,7076.77,424.504,4.89903
76830.3,69595,72349.3,40813.4,39887,67058.2,8501.78,373.767,4.912
47821.1,44990,69660,20278.8,20218,65733,15903.8,359.419,4.92969
72340.6,67759,69967.3,34551.7,35579,63643.6,19058,399.25,4.93087
47075.3,45341,68042.8,12384.3,12649,64164.7,10874.5,385.567,4.97097
52575.8,50151,68704.7,21635.4,21987,64488,13752.4,344.457,4.97333
113584,83571,89072,86354.7,73895,76586.3,31048.8,362.107,4.97451
81712.4,61827,86614.3,37395.8,29255,83772.6,22534.1,389.301,5.00753
120878,95924,82584.8,70970.4,63760,72947.3,5388.6,386.371,5.01696
50500.1,48066,68854.8,18610.4,19078,63929.8,29342.2,378.439,5.01814
104077,92946,73384.6,29231.2,27382,69961.8,16050.6,423.642,5.04173
80881.1,67248,78822,46037.5,43156,69911.9,13810.1,396.877,5.04881
83591.4,73304,74733.3,30368.8,27932,71253.4,21887.8,395.802,5.10424
66331.9,61382,70820.8,27971,27890,65726.2,15056.2,382.925,5.12075
68789.5,60372,74673.5,36272.4,35872,66267.5,33977.4,364.514,5.1349
68734.4,65531,68739.6,26821.4,28111,62529.6,8158.19,346.345,5.14905
119100,93350,83613.4,81994.6,71042,75639.7,9895.63,445.817,5.16792
64691.2,59457,71305.4,37417.2,37445,65487.3,12570.1,399.934,5.20212
46830.3,44469,69015.9,26777.4,27793,63141.2,11182,342.729,5.20448
75825.2,70846,70142,27560.4,27402,65914.8,7215.73,345.184,5.21392
124884,106482,76861.9,73205.2,66758,71865.2,24553.5,389.528,5.24812
136705,98366,91079.2,52088.7,37098,92018,14654.5,336.744,5.25519
79589.1,73229,71228,32155,32281,65280.2,7518.86,372.641,5.26581
63725.1,59980,69628,27837.7,29016,62874.6,16973.8,342.65,5.27642
70832,65524,70845,31859.9,32864,63533.6,15030.8,417.597,5.2776
78396.9,65407,78551.5,24915,20171,80949.5,11583.9,374.06,5.27878
133506,106343,82276,99272.2,68723,94668.5,2589.3,422.461,5.27996
91189.5,81906,72964.1,31813.5,29350,71036.7,15256.6,443.141,5.3118
37718.8,36271,68151.9,13457.7,13435,65646.8,12408.5,379.284,5.31888
79221.4,73792,70358,28693.3,28388,66240.8,13097.3,400.466,5.34954
60478.9,53794,73680.1,39831.7,40534,64400.5,12010.1,357.85,5.38256
83893.5,77303,71123.3,27649.7,27971,64783.1,20466.5,439.607,5.39436
94328.4,86830,71195.5,31488.6,30922,66736.8,28871.6,422.408,5.40615
91886.9,81457,73927.3,39364,38661,66727.7,10411.7,375.078,5.40851
41173,38647,69819.5,21290.3,21603,64587.4,6149.45,348.09,5.4262
90706,78486,75739.7,37959.8,36450,68250.6,8962.81,433.757,5.43563
109935,94686,76090.4,64177.9,61162,68767.6,8214.14,447.277,5.44979
113230,93877,79046.1,22693.3,17089,87028.4,17471,362.018,5.46866
112546,89899,82045.3,43402.9,33279,85472.8,20228.9,401.203,5.47219
124550,93871,86954.4,74395.2,61403,79402.7,15163.4,372.932,5.47455
112573,89239,82672.3,77065.6,65459,77156.3,9282.78,445.359,5.48871
83333,74214,73588.8,34626.6,34066,66614.5,10085.7,367.441,5.5064
66991.1,60484,72586.7,32567.9,31680,67372.8,18267.5,424.686,5.51229
100607,86351,76355.5,43312.4,39515,71834.1,7036.7,390.879,5.6031
80979.9,74878,70876.6,41955.8,40666,67614.6,12915.6,363.004,5.60664
119092,105079,74275.7,40339.8,36627,72179.3,8093.92,347.391,5.61725
70294.3,65235,70618.6,37830.1,37991,65258.4,24794.9,409.118,5.62433
108329,86991,81610.9,52126.8,47275,72261.9,19748.8,342.22,5.63494
41015.3,40025,67157.5,7710.01,8013,63057.9,12024.5,343.978,5.64556
74844.8,69606,70468.5,25224.4,25410,65057.4,4524.73,380.191,5.65381
93770.7,79333,77462.8,47747.6,46657,67067.8,5400.65,373.49,5.65853
103021,75854,89007.5,41343,30010,90285,25214.5,347.374,5.67386
132459,110815,78336.5,68079.9,61195,72909.3,21806.8,402.803,5.67386
129010,112131,75401.1,61333.8,59047,68074.1,17651,436.112,5.67504
155846,106467,95931.1,73470.6,46695,103115,31666.5,361.571,5.69627
74919.9,66744,73563.9,27825.8,26908,67771.3,5233.23,443.925,5.69863
90161.6,80486,73414.4,64200.5,61106,68854.9,13454.6,366.496,5.72576
102594,83861,80175.8,48694.8,36513,87400.7,15838.7,431.746,5.73755
125469,103422,79506.9,38702.4,28746,88234.8,33739.3,374.621,5.75642
102548,77346,86889.7,55417.1,47062,77170.9,17906.9,428.96,5.76231
91842.2,82345,73094.6,28708.8,28029,67125.4,11617.3,364.131,5.77647
97631.5,83353,76762.4,53389.4,51565,67854.6,6625.18,371.437,5.77883
133395,110832,78877.8,113624,103860,71696.8,10953.5,448.858,5.78236
78311.4,68385,75048.8,49202.9,46213,69776.1,2959.51,412.24,5.82718
112347,87440,84203.7,73175.5,59620,80436.6,12251.8,348.73,5.88025
74570.3,66511,73477.1,28924.1,28219,67173.6,14829.6,428.662,5.88968
68961.4,66164,68306.9,26547.7,27280,63776.8,25656.3,416.29,5.92507
94672.3,80723,76860.9,41784.5,37575,72877.9,10231.4,425.725,5.92742
76571.9,67000,74898.8,33226,31532,69056.8,9346.51,388.873,5.9404
105291,78311,88115,38232.3,29491,84961.3,14510.1,370.529,5.98521
105327,95079,72600,35526.3,35939,64783.4,22625.9,377.342,6.01941
76234.6,70962,70405.5,31624.3,31782,65210.7,18136.3,350.55,6.03592
81573.6,74220,72029.3,39621.1,39928,65032.2,8796.07,342.821,6.03592
100037,89487,73262.2,30647.3,29723,67573.9,5409.94,393.282,6.06659
61241.8,51520,77902.5,42785.3,40948,68476.5,19050,366.587,6.08546
114071,98396,75976.4,49863.4,44136,74040.4,11213.1,436.753,6.08664
59632.4,49271,79317.9,39355.7,34451,74866.2,26715.6,402.5,6.09489
65875.9,60602,71239.2,33779.3,33566,65952.5,10918.4,395.428,6.09961
61668.3,56132,71999.8,27666.3,27104,66895.6,8154.67,342.388,6.1173
129043,97558,86686.7,53062.1,42946,80973.3,26683.3,414.408,6.12909
103137,81311,83127.4,33967.4,25723,86540.6,11393.8,344.526,6.13381
79541.6,71655,72749.1,28943.2,28083,67543.4,7957.96,373.249,6.13971
69626.4,62863,72587,29162.1,26795,71325.6,10341.5,378.109,6.13971
62007.4,58118,69921.9,24149.9,24738,63977.9,12207.8,342.829,6.15032
86754,78963,72002.2,33092.7,32599,66528.5,9139.46,388.063,6.15622
87131.1,73195,78013.9,56796.3,52095,71450.3,5318.65,363.661,6.16329
113441,67531,110090,68734.4,50015,90064.5,6665.38,394.172,6.16565
75834.7,68634,72411.7,29775,29486,66178.3,25111.1,335.583,6.20929
73726.6,65748,73488.9,19729,17728,72933.3,11572.6,424.56,6.20929
80925.8,65698,80726.2,44993.9,40054,73618.6,6694.54,444.636,6.22934
97516.5,79696,80190.3,61649.1,56980,70906.3,10038,376.393,6.2659
93009.8,83815,72725.5,52539.7,50947,67584.8,4604.13,408.832,6.26944
153518,95204,105678,52876.5,26592,130314,24961.5,403.033,6.27769
72678.8,67352,70719.2,27458.1,27932,64424,7821.54,438.708,6.28005
122604,108097,74331.3,50458.4,45701,72358.2,14727.3,418.851,6.29656
60980.5,57379,69649.5,26990.4,27719,63813.4,14098,408.507,6.31543
132415,100498,86349.3,75945.8,62582,79530.6,16764.2,351.742,6.32251
45967.6,43894,68632.1,27460.4,28370,63434.9,16486.6,380.693,6.32369
110295,98606,73304.8,58699.1,56538,68041.1,25294.4,434.424,6.33194
110811,78825,92129.4,51259.3,34605,97076.3,13087.1,351.965,6.33784
133355,93802,93170.4,100280,80350,81791.6,26858.5,391.486,6.3685
62189.8,57310,71116.3,32465.6,31434,67686.7,10121.8,340.68,6.39916
43740.8,41163,69640.2,19660,19439,66281,15627.4,385.399,6.41804
79062.8,70479,73517.8,29435.8,28747,67106.4,30472,336.868,6.44752
78762.6,61811,83509.2,32703.6,25127,85297.2,24999.2,334.691,6.45106
79362,69464,74874.4,41791.6,39116,70018.8,28356.8,387.215,6.45577
138773,110559,82260.5,58780.1,46651,82575.1,12507,404.939,6.45931
61067.9,55438,72191.4,25626.7,25146,66788.7,8567.5,350.94,6.46757
103064,85962,78574,55727.7,49998,73046.3,11515.8,393.92,6.46993
54777.9,50651,70875.8,36477.1,36063,66288.5,12305.3,350.664,6.51946
71460.9,62338,75126.9,37991.9,33990,73252.1,21657.9,414.812,6.54187
90573.9,82018,72372.6,40883.6,40934,65455.4,16412.3,424.317,6.54776
141228,116766,79265.5,79082.6,70810,73192.5,4040.29,389.521,6.56899
128930,110999,76122.9,59717.8,54259,72129.3,12063.1,400.374,6.59022
129605,88122,96386.5,50930.8,36190,92229.9,25705.6,374.667,6.61263
78508.9,71278,72184.4,20055.1,18570,70777,14409,364.677,6.66688
71676.5,58171,80751.5,32226.4,28591,73869,25975.5,398.193,6.67867
45470.8,43952,67800.7,10801.6,11300,62645.6,15093.2,372.993,6.69282
110352,88883,81365.7,78402,68599,74901.3,13800.9,369.165,6.69636
68716.4,61515,73208.1,13176.9,12095,71398,25897.6,343.81,6.70108
131073,97367,88223.2,55187.4,45891,78812.1,11139.4,427.906,6.71641
115327,86538,87338.3,72720.9,60430,78865.4,18138.9,431.728,6.72349
86133.6,78842,71597.1,42479.4,42446,65587.6,8074.77,357.308,6.72585
100207,81975,80111.8,56440.5,45059,82089.8,6622.34,411.039,6.7282
128831,101348,83308,52519.5,40304,85398.9,10471.2,379.977,6.72938
68203.4,62254,71799,44993.9,44138,66806.8,6889.36,371.207,6.76005
113905,73218,101954,80698.7,58934,89738.8,11865.1,445.096,6.79425
104146,93526,72977.5,50628.6,50802,65312.2,9158.67,373.197,6.81666
79775.3,69174,75579.8,50727.3,47170,70478.4,7175.22,349.179,6.82373
109682,87009,82613.7,56868.9,47957,77714.6,22491.7,347.758,6.83788
101965,81438,82055.1,42015.3,29002,94942.3,22477.5,345.79,6.8485
64536.3,60926,69419.5,31821.8,32074,65020.7,15923.5,403.952,6.88742
89281.9,70301,83230.4,39221.2,30665,83822,20481.7,354.454,6.90982
82523.6,71585,75550.3,78975.5,74165,69786.9,17464.3,424.394,6.92987
92419.8,83637,72418,58750.3,57697,66732.4,5082.93,372.776,6.93813
73376.1,63291,75978.8,20157.4,18047,73199.8,18064.7,371.403,6.95464
89842.4,68954,85389,47550,42718,72949.1,24566.5,394.466,6.95936
46985.1,44299,69509.8,22378,22847,64190.6,7152.25,379.889,6.98412
110264,91552,78930.4,54715,48932,73281.4,8350.48,388.748,6.99828
149917,127430,77100.7,69750.7,63618,71853.6,12997.9,345.113,7.01832
136394,109125,81912.9,57187.8,45393,82564.8,19131.1,351.666,7.01832
146951,124262,77502.1,71678.5,65090,72169.6,9713.14,379.645,7.02068
81684.8,77062,69467.4,39186.7,40418,63539.5,5567.19,378.295,7.03012
79800,72143,72491.8,18879.4,18107,68331.4,8441.22,362.93,7.03012
63351.7,59580,69684.8,18944.8,19096,65017.1,19880.5,378.736,7.03955
66688.1,61959,70538.1,25758.7,26851,62870.1,12129.3,338.937,7.04545
54810.3,52149,68880.4,17979.7,18785,62726.6,9908.62,351.755,7.05253
96233.1,79222,79608.4,53091.9,43058,80807.9,15008.1,427.517,7.09144
69300.6,60925,74545.5,36325.9,36361,65472.8,31587.4,407.179,7.10206
90130.3,76267,77448.7,37069.7,34175,71087,21044,405.445,7.1056
91901.1,74539,80801.1,36809.1,30063,80242.2,7910.8,437.64,7.11975
52543.6,48971,70317,24879.3,25167,64786.9,13833.4,439.427,7.11975
91282.6,80570,74249.7,39731.7,38718,67251.9,11302.7,403.015,7.12918
110552,81297,89119.7,73765.7,56293,85877.6,19321,396.052,7.1339
118271,100455,77159.1,46082.8,42803,70557.7,7639.09,368.576,7.14452
68933.9,63999,70589.4,38657.2,38811,65276.2,10697.7,346.12,7.16456
155354,123365,82530,53441.7,46113,75951.6,17807.7,359.746,7.16692
51254.4,48109,69820.8,16605.3,17161,63413.7,13515.7,338.723,7.174
114180,90466,82714.7,47686.9,39958,78212.3,7504.1,414.233,7.17872
88086.9,78969,73102.9,33716.3,32397,68204.8,19990.5,434.08,7.19877
72427,66230,71668.1,35025.3,34242,67035.1,12715.2,402.778,7.20112
134173,110607,79499.3,105947,100027,69414.6,23726.9,355.595,7.2082
33277.6,31967,68222.8,15900.8,16859,61811.1,8939.79,366.457,7.2141
93532.3,74118,82702.3,33906.7,25506,87121,8558.87,376.687,7.22825
148706,128939,75583.2,61689.6,56895,71058.8,22980.4,380.994,7.23651
92464.4,85705,70704.7,27705.6,28157,64485.3,6084.41,415.466,7.24122
86267.6,74579,75807.3,51794.8,49063,69184.9,16003.4,388.043,7.24712
77782.2,69213,73650,20234.8,19753,67134.4,20207,343.802,7.2766
54629.8,50282,71202.7,14851.2,15470,62914.6,16757.4,427.978,7.2766
121807,101561,78600.5,26238.3,19085,90099.8,21407.7,346.719,7.30373
125074,114882,71350.3,57002.2,56150,66530.6,13648.4,389.098,7.30962
69806,62463,73240.3,43502.8,41563,68594.7,15478.9,362.758,7.30962
49662.2,47644,68312.1,15997.2,16920,61961.6,4266.3,397.245,7.33675
99588.5,86475,75474.2,61524.2,58159,69328,9586.51,421.335,7.33675
113378,101479,73220.3,47392.9,45939,67610.2,30927.3,381.023,7.36388
79316.4,58129,89423.2,31813.5,21685,96146.1,10421.6,446.35,7.41459
100911,79823,82849.5,39299.8,33035,77964.2,16723.3,389.397,7.42402
60726.8,52459,75864.9,62685.6,62703,65517.8,7409.17,390.556,7.43817
128061,105575,79494.2,89749.8,81891,71825.3,17473.5,347.166,7.43935
62454.9,52230,78365.8,32009.8,29058,72193.4,12024.1,377.638,7.45115
93795.4,79658,77167.1,49167.2,46190,69760.2,7118.01,357.149,7.4594
55094.3,50951,70865.3,20139.6,19843,66515.5,15279.5,422.331,7.46058
80908.6,73962,71691.3,24287.9,23790,66907.6,13893.1,420.565,7.48299
93888.5,84078,73183,35401.3,33338,69592.1,19801.7,402.564,7.4936
120204,109023,72256.8,69754.2,66491,68752.4,13917.1,409.654,7.51129
48244.8,44221,71499.3,25988.4,26041,65403.7,16858.2,356.61,7.51601
156381,121278,84505.1,89430.9,73242,80021.6,9427.48,384.843,7.51837
107531,92087,76527.4,43882.4,41699,68967.6,16388.9,388.698,7.54785
117639,87966,87642.5,48637.7,38730,82301,16358.1,375.854,7.56437
120691,88891,88980.8,77271.5,61999,81679.7,16111,341.419,7.57852
126719,102572,80963.9,77577.3,63880,79588.4,15743.3,446.678,7.59975
73965.1,68159,71118.7,24762.7,24523,66176.6,6668.22,354.569,7.60328
73215.5,67791,70780.1,38946.3,37499,68065.5,9572.88,365.907,7.6422
75496.5,70011,70670.9,28541,29023,64447.5,20382.8,367.409,7.654
86040.5,80666,69902.5,18559.2,18942,64211.7,2653.93,390.725,7.66579
69597,59943,76090.8,37606.4,35395,69630.5,16721.3,353.759,7.68584
115655,101521,74660,50845.1,44613,74690.9,12774.5,424.507,7.69527
41028.6,37534,71637.7,18646.1,17370,70350.7,13911.4,381.939,7.71178
80920,71962,73694.1,74440.5,70734,68970.1,40429.1,403.461,7.74363
132726,94730,91822.6,65610.7,50814,84619.6,10527.5,341.318,7.76486
85715.6,78246,71792.3,38033.6,37314,66799.9,13042,447.044,7.7849
95337.3,82125,76079.4,39856.7,35017,74593.7,21892,349.269,7.80967
104241,87066,78463.6,52751.5,48734,70938.6,13209,412.249,7.81321
84270.7,76139,72535.3,35091.9,34511,66639.1,16704.9,336.943,7.82146
112077,103301,71103.8,84190.1,83377,66175.1,4648.86,348.403,7.82854
91810.9,84835,70924.9,32101.4,32839,64064.1,17277.3,333.476,7.82972
79875,74406,70353.1,31765.9,31842,65379.3,20562.9,334.583,7.84033
67876.5,61176,72714.1,36767.4,37132,64892.6,11352.2,340.602,7.85449
64119.3,61102,68772.3,27816.3,29386,62035.2,16798.7,355.672,7.85684
154820,122265,82985.8,89421.4,79517,73698.9,18855.5,417.246,7.87454
83666.5,73834,74263.5,48153.4,43902,71882.3,15172.5,413.514,7.88279
113038,78158,94782.8,55167.2,44026,82120.5,20245.7,394.259,7.90048
80424.1,69790,75522,39322.4,36938,69766.4,20447.6,427.743,7.9052
85235.9,74327,75154.7,37537.4,35155,69977.2,15453.5,398.42,7.91109
74703.3,69510,70432.3,26241.9,26322,65336.5,9738.13,379.623,7.91227
89027.4,81245,71813.6,43551.6,41737,68385.3,21517.9,380.284,7.92053
79306,65656,79161.1,45974.5,40732,73970.9,8025.17,426.651,7.93468
54546.1,51682,69167.9,10118.6,10630,62382.9,14249.3,385.606,7.94058
89348.4,79799,73378.6,32428.7,31651,67146.3,12358.1,417.938,7.95473
97823.4,80298,79839.5,34237.5,28798,77914.7,12538.7,438.571,7.95591
88494.4,79575,72881.8,32790.5,31891,67384.4,17336.3,380.945,7.96417
73906.2,68126,71096.4,32155,33626,62669.1,12136.9,402.29,7.98186
72181,65553,72162.3,43958.6,44181,65206.1,9479.53,411.528,8.03375
104332,92395,74002.8,54671,51791,69180.3,5036.81,347.076,8.08092
103854,78539,86659.8,45343.8,32815,90557.6,15181.9,416.476,8.0821
135314,106835,83006,52408.8,38679,88799.2,19994.1,436.057,8.09272
116923,95373,80344.3,47183.5,36425,84892.7,14296.6,412.295,8.09625
96691,88459,71634.8,47344.2,45535,68139.8,10044.1,363.518,8.10333
76776.1,71205,70663.6,42127.2,42801,64504.3,15637.7,421.03,8.12456
74844.8,67711,72440.6,43252.9,41867,67705.5,8255.69,353.191,8.12574
124502,90708,89952.1,68510.7,51744,86771.7,19439.3,353.379,8.14814
74024.9,68207,71126.1,25743.3,26427,63840.4,9325.18,380.972,8.16937
63908.4,58998,70990.6,22457.7,21970,66990.7,20000.7,381.601,8.16937
131102,90522,94915,43554,27198,104947,20575.7,358.332,8.18117
146749,91013,105670,54509.1,33697,106013,9867.4,417.131,8.1965
85048.8,77559,71864.7,43840.8,42867,67024.8,11717.2,374.935,8.20593
68575.8,55871,80438.5,25750.4,17531,96262.6,12282.9,432.853,8.20593
86466.1,78938,71786,51850.7,51534,65938.7,8555.6,350.95,8.22716
55835.3,51816,70619.5,15861.5,15916,65311.6,34523.9,336.319,8.25547
76267.9,71000,70398.5,46057.8,46652,64701.2,8047.87,418.711,8.28141
67210.6,63885,68947.5,54405.6,55529,64210.2,6130.1,374.837,8.28259
119738,85998,91248,93160.3,76410,79902.6,20101.3,423.094,8.28849
107037,77553,90451,41388.2,29525,91868.5,7972.22,375.217,8.29674
84326.8,76204,72521.6,38265.6,38216,65621.1,22749.3,401.984,8.30146
73338.1,67122,71605.2,33082,33414,64884.8,15372.5,400.47,8.30736
121743,96731,82481.5,45519.9,36975,80681.3,16627,386.511,8.31207
116400,103450,73739.7,28255.4,27422,67527.7,11289.7,399.066,8.34156
100697,82870,79634.2,41715.5,32866,83182.1,6868.87,393.995,8.34156
71764.9,65806,71470.5,29159.8,29098,65675.1,22290.2,381.593,8.3451
79630.9,70519,74004,30370,29363,67783.5,32831.8,330.859,8.34628
110989,82359,88318.3,49737.2,34963,93229.4,17729,381.594,8.35453
81667.7,71560,74792.8,26974.9,24860,71111.4,20458.8,385.163,8.39109
76360,69369,72140.8,41645.2,40509,67374.2,13479.4,385.284,8.40524
121262,98954,80310.2,51660.3,40654,83278.6,23913.9,436.613,8.42647
78471.9,63196,81377.5,47884.4,44024,71282.8,11044.6,396.309,8.43355
105845,95756,72441.1,47239.4,45688,67761.4,7110.8,363.095,8.43709
105912,90906,76353.9,72231.8,68350,69258,8319.8,366.005,8.45949
106861,96896,72275.7,44567.9,43460,67206.6,12833.6,351.195,8.47011
78614.4,71583,71973.4,33024.9,32955,65675,12420.3,383.234,8.4819
126454,103638,79963.5,40193.4,33458,78729.1,6258.83,356.905,8.49487
37050,36560,66414.4,15885.3,16852,61776.6,14541.6,431.882,8.49841
72566.7,62903,75604.2,41427.5,36547,74287.7,8391.07,377.823,8.50195
42446,40771,68228.4,17616.8,18871,61180.2,20887.9,427.361,8.50313
98532.1,90670,71218.7,33524.7,32378,67857,18987.2,346.841,8.50431
129033,98177,86133.1,59410.8,45269,86009,23306.6,375.76,8.50667
128614,108135,77947.4,77434.5,72195,70292.2,16284.4,373.939,8.5279
80047,73533,71341.6,49908.6,48281,67745.3,11317.7,338.652,8.5279
142977,105926,88459.2,96817.2,75842,83660.9,8793.77,438.853,8.53615
103936,87357,77973.5,53697.6,44281,79472.5,5128.6,436.096,8.53615
75827.1,66530,74694.2,34064.9,33302,67037.4,14583,349.676,8.57271
66804,57183,76562.4,28123.3,22555,81715.2,17436.2,384.818,8.57389
81101.5,71342,74501.3,37029.2,36842,65869.1,16672.5,357.761,8.58097
98484.6,72903,88532.5,48886.4,37235,86043.2,9734.43,390.517,8.59512
60857.9,54552,73111.6,52674.2,51852,66575.1,7005.19,439.417,8.60102
151901,130855,76076.6,59909.4,56419,69590.4,5976.79,358.14,8.60573
100024,91985,71263.2,43479,43765,65107.8,6969.46,442.418,8.6246
95646,83911,74701.2,44814.2,42051,69842.4,10909.5,449.886,8.62932
76045.6,59111,84311.3,46000.6,39827,75694.8,17232,337.476,8.63404
108652,92531,76954.2,76164.8,69255,72074.7,15884.5,379.236,8.64465
118935,105021,74218.9,30769.8,28601,70505.6,10845.7,404.402,8.69418
88277.8,73882,78305.6,58611.1,55694,68968.6,8336.72,344.21,8.70008
144707,97120,97647.3,81942.2,59636,90049,15984.3,390.039,8.70834
69357.6,65293,69615.7,38990.4,38953,65598.8,11182.9,369.459,8.76023
104213,80858,84465.5,30159.4,21006,94093.3,24125.3,370.099,8.79679
71768.7,66406,70828.4,11916.7,11858,65860.2,10435.9,340.407,8.8133
85112.4,78922,70676.4,43004.2,43118,65363.1,13741.8,436.537,8.85811
73603.1,68639,70275.7,48471.1,49515,64154.3,18762.1,363.867,8.87227
94046.2,81617,75516.3,27543.7,26693,67624.7,13395.5,336.847,8.88878
90100.9,83419,70785.4,39705.5,39519,65845.4,20210,391.32,8.91826
88118.2,70230,82228.6,39296.2,28690,89763.5,10543.1,438.324,8.92062
52248.1,49636,68984.8,17339.5,17984,63187.3,22040.9,435.27,8.94657
52754.4,49125,70377.9,31113.7,31185,65386.3,16940.7,426.829,8.96426
57318.3,53718,69928.3,24573.5,24706,65184.5,7929.73,344.564,8.96426
79017.2,74061,69921.7,31867,33145,63009.1,15034,346.314,8.98195
116444,100736,75755.4,48287.8,44788,70657.1,11966.9,390.558,8.99492
139066,99815,91307,62759.4,41827,98333.6,13565.7,434.709,9.01261
90200.6,80691,73259.6,37535,37655,65327.1,16912.5,388.243,9.01969
124170,104440,77916.4,21011.8,17196,80078.6,23674.8,428.901,9.02087
89136.6,72402,80683.6,25144.7,19910,82766.6,16934.5,344.664,9.0244
108661,84572,84202.9,63720.9,53800,77621.1,11042.8,444.82,9.04327
63769.7,59803,69883,23328.8,23247,65766.5,7585.46,375.553,9.04917
84007.5,77313,71210.8,43131.6,42725,66159.6,16105.4,414.684,9.05389
100363,91595,71809.3,43091.1,41391,68227.8,24824.8,394.242,9.05742
113510,93987,79149,56422.7,53383,69267.7,14449.3,384.442,9.05978
74759.3,68555,71467.1,16500.5,16495,65558,9348.69,405.702,9.05978
154585,107990,93813.1,68251.3,46834,95505.7,21446.1,417.966,9.06332
79965.3,63598,82402,51573.4,40938,82561.8,11373,396.024,9.0704
78955.4,68283,75779.1,26359.7,24831,69570.6,9921.31,386.394,9.08691
81075.9,76009,69904.7,33186.7,32845,66217.8,21457.6,346.676,9.10342
104689,94530,72579.1,43567.1,41846,68231.4,18544.6,335.346,9.11757
45131.6,43343,68240.5,16116.2,17003,62117.8,24613.5,344.925,9.12111
137220,114571,78491.4,63806.6,58191,71860.4,18422.5,396.832,9.12229
75259.9,67980,72554.2,61139.8,58584,68395.1,32137,422.542,9.12701
42969.4,40279,69913.5,19819.5,20083,64676,6932.83,419.68,9.13998
68395.3,64527,69464.7,24688.9,25403,63693.8,9497.84,371.912,9.15295
89765.5,74528,78935.1,43569.5,38740,73706,15207.7,351.114,9.16003
80690.1,68681,76995.2,50133.5,43693,75196.3,22235.9,345.01,9.18362
85004.1,75857,73438.6,36703.2,36245,66364.4,19813.2,435.224,9.18362
47167.5,44491,69478.5,18817.5,19231,64126.8,7217.98,356.072,9.20366
50923.8,48125,69347.4,24942.4,25593,63870,20753.3,436.388,9.2072
80227.5,71655,73376.5,31683.8,32067,64752.8,22509.7,438.822,9.219
75981.9,68889,72283.7,27304.6,27037,66184.5,12174.5,342.858,9.23315
101107,82319,80493.2,53363.2,46763,74785.8,17647.2,347.015,9.23787
89784.5,80511,73084.6,88549.1,84043,69049.8,28420.6,423.789,9.25202
111551,86474,84541,34267.2,25598,87731,15001.9,348.322,9.25438
103320,84255,80365.4,27528.3,23787,75843.6,12093.4,352.828,9.26263
72828.9,66893,71351.5,29468,29305,65900.5,18700.1,370.851,9.27089
88027,69394,83133.1,59329.8,48198,80672.2,15948.6,395.02,9.27678
83736.8,68797,79767.6,35957,29081,81031.6,14272.2,367.766,9.27796
93687.1,83659,73391.7,50254.9,49471,66574.5,5195.05,349.909,9.28268
101042,93077,71144.2,31671.9,31953,64959.4,8067.77,344.444,9.32868
106310,97748,71276.3,27377.1,27360,65577.1,4279.83,359.613,9.33811
125871,86100,95808.3,71384.5,54896,85220.4,12377.2,411.982,9.35108
128780,114756,73545,64077.9,60256,69692.8,12106.1,393.407,9.36052
60645.1,54034,73554.4,17683.4,17222,67291.8,12181.2,380.472,9.36524
83420.4,75594,72321.1,31882.5,31726,65859.2,13591.4,372.317,9.36877
79686,73367,71180.5,26965.4,26899,65697.8,15597.4,407.205,9.36877
96990.3,78488,80985,30892.4,23580,85859.4,15617.1,350.758,9.4018
101979,91226,73260.6,32510.8,31470,67703.5,15764.4,373.4,9.4018
101310,81649,81316.9,45988.7,38005,79303.2,14817.7,428.672,9.43482
123702,89779,90299,48110.5,35959,87682.4,12046.7,384.549,9.43718
75135.5,69330,71023.8,26014.6,25958,65678.9,14064.6,411.506,9.43718
77707.1,71171,71554.6,31079.2,31703,64246.6,13913.4,413.617,9.44307
51989.7,47356,71948.6,25587.4,25352,66144.5,24293.6,329.363,9.46076
78161.3,71530,71611.6,70043.4,69182,66352,27254.9,379.262,9.4643
120289,97507,80848.1,101730,93751,71113.3,12452.1,414.887,9.48081
45132.6,43518,67967.5,18403.4,18842,64010.3,11825.6,363.951,9.48553
80516.3,73076,72208.6,41785.7,40800,67119.3,5197.48,345.946,9.50794
95296.4,75111,83148.2,29870.2,23075,84835.2,15352.9,345.047,9.52445
156401,111492,91934.1,58483.7,37840,101289,24358.3,396.627,9.52563
117246,105988,72497.3,59860.6,53328,73564,21520.8,341.671,9.52681
65644,60859,70688.8,28473.1,28639,65156.4,7935.67,345.549,9.52917
57254.6,53910,69601.9,26564.4,26978,64531.2,20961,379.777,9.54804
136548,104907,85302.5,42929.3,32383,86879.3,8309.69,417.494,9.54922
96094.4,76182,82665.8,38254.9,29890,83876.7,16352.1,387.74,9.55511
56942.1,53278,70043.1,26894,27034,65196.6,12113.4,373.601,9.56455
68022.9,61450,72545.9,49063.7,47534,67645,16696.5,342.891,9.57044
74690.9,59175,82719.8,44590.5,33427,87422.8,21536.7,405.017,9.57516
102716,85475,78755.1,73638.4,67735,71247.7,8164.84,388.91,9.58224
61061.3,54364,73609.6,39041.5,39304,65098.3,13335.9,347.789,9.59049
104973,83435,82453.6,52596.8,45359,75993.4,12792.8,383.901,9.59875
110115,94574,76304.9,57378.2,52842,71162,12658.6,357.287,9.59993
65545.3,56758,75682.3,21991.2,21154,68129.7,11438.1,429.627,9.62234
97777.8,87104,73566.8,38882.1,38324,66490.3,12208.6,373.518,9.64003
108980,97400,73327.8,24575.9,24076,66896.7,18177.2,416.845,9.66715
51413.1,48242,69843.8,15360.5,15702,64110.8,23600.9,438.865,9.72258
39639.7,38151,68093.3,13669.5,13651,65625,8185.1,385.922,9.73673
92482.5,83842,72289.9,38780.9,37574,67641.1,15819.4,343.652,9.75088
125185,102738,79855,64849.1,54582,77863.5,21450.7,427.862,9.76386
113915,102842,72592.6,126432,122670,67545.6,11240,368.419,9.77211
75937.3,65196,76333.3,51021.3,49992,66885.3,24206.9,415.569,9.78744
88324.4,82422,70229.1,33840,34594,64107.7,10039.2,378.372,9.79452
94009.1,80409,76620.6,35867.8,34333,68465.7,6171.88,363.91,9.81457
78250.5,64869,79055.1,23625.1,20769,74548.3,13670.6,418.778,9.86174
89842.4,81548,72201.8,95698.6,94232,66556,22908.2,347.396,9.87
57827.4,54342,69739.4,22987.2,24306,61980.2,18986.9,375.552,9.87354
133683,96457,90828.6,56961.7,39725,93972.2,26653.7,406.514,9.87708
49313.6,46767,69104.6,14545.4,14939,63809.2,13434.1,392.254,9.88651
103853,91970,74003.6,43770.6,39158,73255.8,9762.17,358.813,9.90774
128325,91619,91792.2,56679.7,43015,86355,31293.5,407.435,9.9101
46980.3,44889,68589.3,14000.4,14701,62412.6,5436.63,348.709,9.9101
130576,96415,88755.9,58639.6,41947,91615.8,12852.2,389.789,9.91481
91189.5,81755,73098.9,76133.8,72479,68840.7,18907.8,418.19,9.91481
71635.7,66766,70316,8581.09,8074,69652,14626.5,391.218,9.91599
83507.9,76262,71762.8,21101.1,20466,67569.6,9254.95,383.013,9.92189
91164.9,79726,74938.9,29188.3,27594,69322.5,13581.1,336.686,9.94901
98982.4,82349,78773.4,63966.1,61897,67726.7,14728.2,344.6,9.95373
34588.6,33607,67450.1,13261.4,13683,63516.5,14928.6,406.796,9.97496
99294.9,85835,75812.8,63061.7,60895,67867.8,13007.1,376.785,9.99383
115224,105393,71648.9,32017,32389,64783.2,7477.55,342.976,9.99501
102713,89597,75129.8,43463.6,41801,68142.6,9452.57,375.911,9.99619
120964,98414,80552.2,71786.8,57594,81685.9,25917.5,367.553,9.99737
129507,97959,86642,39346.2,27171,94902.3,16919.3,422.887,9.99973
140178,103127,89081.6,49371.9,39587,81734.9,14719.5,374.307,10.0186
87519.7,68419,83831.9,36598.5,28743,83447,14942.5,336.494,10.0292
123083,94952,84952,42594.9,29740,93863.4,8596.57,409.325,10.0481
85683.4,79268,70840,33650.8,33440,65949.2,10468,345.33,10.0611
96223.6,86034,73297.9,50103.8,48102,68263.3,7964.25,343.544,10.0705
68912,63691,70908.3,34330.3,33983,66205.8,13688.1,447.473,10.0941
55195.9,52483,68923.7,33042.7,33079,65464.1,30171,328.219,10.107
85693.8,77809,72177.1,40022.1,39397,66575.8,6346.59,382.569,10.107
110501,88292,82021.1,44764.2,33776,86856.6,17129.3,373.205,10.1118
67399.6,61902,71356.4,26566.8,26330,66125.3,18190.8,370.303,10.1177
138103,102131,88619,90660.2,73335,81018.7,19670,366.048,10.1236
71610,65591,71550,27178.4,26531,67135.2,9683.42,376.701,10.1318
101539,87043,76450.1,48825.7,45575,70210.4,12172.7,390.379,10.153
58380.3,54870,69728.7,21866.3,21922,65369.3,20589.5,396.93,10.1601
114410,88335,84881.4,60246.1,46443,85013.7,7360.29,398.518,10.1625
91054.6,84382,70718.4,59891.5,60106,65302.1,18147.3,425.781,10.1755
148303,101443,95809.1,97428.9,67143,95097,12625.1,379.096,10.179
104423,83113,82339.3,51467.5,42845,78725,14047.8,422.411,10.1896
81618.3,69547,76911.1,38443,36031,69923.1,11299.1,406.978,10.1931
141381,112271,82528.3,32721.4,21291,100720,39765.4,377.307,10.2014
103608,74492,91151.4,78244.9,67000,76535.2,12562.4,345.491,10.2049
89540.4,80198,73170.4,53116.8,49858,69819.6,10009,417.998,10.271
117016,104893,73110.5,35833.3,34409,68248.7,14408.3,431.998,10.2733
112198,81046,90726.2,36029.6,26578,88841.8,17845,431.983,10.2957
62493.8,59635,68677.7,32746.4,34615,61998.3,22361.7,373.611,10.2969
48809.1,44808,71388,17653.7,17612,65691,10082.9,409.024,10.3028
97587.8,78403,81572.3,59419.1,47191,82517.6,16595.2,350.899,10.3182
101361,86771,76555.6,49305.3,42759,75569.4,7139.93,416.53,10.3618
109162,90319,79208.3,59332.2,52907,73494.9,6107.57,367.926,10.3665
68819.9,63855,70631.6,33531.8,34843,63069.8,12873.6,398.681,10.4031
76841.7,69827,72119.6,36660.3,36855,65189.8,16281.2,339.291,10.4042
99775.6,78162,83658.3,41765.4,36262,75482.3,14642.5,349.624,10.4113
81652.5,74023,72290.8,37113.7,33843,71869.7,12082.4,380.558,10.4196
106104,88034,78987.7,66178.3,58390,74277.4,10081.9,393.185,10.4526
79016.3,70543,73407.8,32289.5,31723,66706.2,18542,355.148,10.4691
95662.1,85227,73560.2,36183.1,34239,69257.2,18822.5,390.544,10.4797
72106.9,64988,72714.9,14878.6,13688,71236.3,15934.2,398.993,10.5092
97344.6,81232,78535.3,60430.6,47924,82638.7,19818.8,364.929,10.5186
94791.9,85373,72766.4,36283.1,34009,69918.2,10804.1,400.478,10.5198
87927.3,80075,71962.5,41202.6,41743,64687.5,14762.4,369.32,10.5458
36756.4,34592,69636.6,12936.5,13008,65175.7,16699.1,428.028,10.5611
92306.8,69335,87249.1,46132.7,29171,103642,11579.3,360.204,10.5741
58743.3,54443,70712.4,19518.4,18495,69162.3,22181.1,351.988,10.5753
121861,112117,71231.8,51824.5,51057,66521.2,12815.9,441.301,10.5906
67040.5,61754,71146.3,24761.5,24574,66036.1,21513.8,425.827,10.6083
111245,93448,78017.2,54178.3,48284,73536.4,20344.1,426.843,10.6283
71551.1,66823,70173.1,27477.1,28467,63257.1,8544.54,380.66,10.6366
89275.3,74269,78777.8,47822.5,41193,76083.3,12010.1,357.85,10.6519
45524,43688,68290.2,18197.5,18828,63341.3,12127.1,429.029,10.6543
90091.4,79270,74482.5,57715,55218,68499.6,14701.2,413.923,10.6602
109258,99169,72203.1,33176,31797,68378.2,10522.2,392.802,10.6672
85125.7,65455,85231,32078.8,25259,83230.5,13920,360.152,10.672
67751.1,57698,76954.8,50733.3,48326,68800.6,27037.7,333.91,10.679
98359.2,73260,87988.9,43283.9,30472,93090.4,12445.1,401.033,10.6838
77562.8,63234,80386.4,34754,26182,86992.4,10519,363.105,10.692
64565.8,59007,71709.9,35578.6,35803,65125.3,24669.8,414.177,10.7085
114808,99674,75486.3,54204.5,49006,72488,22840.6,333.595,10.7144
67080.4,61419,71576.9,23858.3,24319,64294.5,11736.5,447.188,10.7144
159676,104410,100225,63014.1,33134,124636,14932.9,444.412,10.7262
113535,96158,77379.5,64838.3,60730,69969.5,19393.2,427.669,10.7297
103138,92831,72812.2,28974.1,26619,71334.3,8916.39,434.787,10.7533
73198.4,66803,71810.1,11427.6,11319,66164.6,9601.73,340.142,10.7663
126170,106044,77974.3,64279,57528,73226.8,24682.3,368.626,10.7687
96885.8,88326,71887.1,33712.7,31970,69108.4,9124.09,379.167,10.7934
60318.3,51556,76674.4,48433,44304,71643.8,8988.05,411.955,10.8088
49673.6,47246,68903.4,22759.9,23434,63650.9,18962,366.663,10.8323
81601.2,63083,84774.3,37030.4,30319,80043.1,28994.8,368.841,10.8323
153296,115195,87212.1,98527.2,85839,75223.2,12922.7,366.958,10.8323
105992,90582,76684.8,43200.6,41906,67560.6,21243.9,407.252,10.843
147852,95475,101489,68688,43431,103648,16733.2,355.729,10.8453
56653.3,52416,70833.9,22474.3,22852,64452.9,17693.8,440.035,10.8524
75599.1,60265,82211.3,20659.6,15533,87165.8,7835.53,361.476,10.8548
99740.5,87574,74640.8,36324.8,30034,79262.8,12582.9,422.693,10.8571
95571.9,76522,81851,49809.8,43006,75904.2,10010.9,352.656,10.863
70934.6,65395,71087.5,28838.5,29319,64461.9,9877.24,389.403,10.8854
91067,81293,73415.5,51968.5,49545,68741.7,14304.7,439.018,10.8901
72144.9,66127,71500.1,49571.8,50891,63837.2,9569.32,364.92,10.8984
118774,89566,86907.5,65882,53082,81339.1,16816.9,429.906,10.9078
122111,88033,90905.4,63532.9,47717,87258.1,15408.5,373.709,10.9161
152506,96048,104059,114935,84708,88921.7,18731.1,367.854,10.9196
95155.8,84310,73966.7,35910.6,34306,68601.4,22669.2,432.744,10.922
76668.8,64058,78437.8,25656.4,20750,81032.2,8853.84,389.301,10.9267
73118.6,66886,71642.9,40946.7,39826,67380.2,16396.7,337.211,10.9267
55760.3,52950,69014.2,24430.7,24978,64100,10148.8,366.397,10.9302
92173.8,83039,72745.3,35604.8,34139,68349.9,17851,429.998,10.9397
75525.9,64591,76630.9,43313.6,40251,70522.5,13587.3,423.801,10.942
48901.3,45951,69743.7,21010.6,21275,64721.7,21488.7,440.699,10.9491
89755,73704,79808.2,51343.7,47100,71440.8,8831.41,374.471,10.9491
65197.6,60091,71105.3,35409.6,35983,64491.7,8064.79,396.917,10.9857
71730.7,64735,72618.3,39035.6,38219,66936.2,9681.16,366.803,11.0022
157445,118891,86788.2,80523.7,65039,81139.1,29227.2,337.949,11.0305
159045,117549,88671,63881.6,52057,80422.3,13556.7,389.177,11.047
104758,85506,80292,58351.7,52358,73038.2,14161.2,389.642,11.0529
106069,89993,77243.4,40410,36045,73472.4,10468.3,424.529,11.0552
95787.5,85862,73111.9,27359.3,22034,81375.1,26791.9,393.524,11.0883
136103,104509,85347.9,54285.4,43033,82672.6,24017.5,330.593,11.0918
106250,95108,73213.5,81110.4,77392,68684.8,14176.3,423.289,11.1024
144577,100364,94406.2,85452.7,65592,85379.8,11237.5,384.261,11.1036
64784.3,60097,70647.5,25457.7,26357,63299.8,7500.75,394.436,11.1036
99463.1,74082,87989.2,44332.3,29654,97975.3,24782.3,365.569,11.1378
128941,101799,83009.2,57588.9,45539,82877.2,10609.7,439.256,11.1402
91203.8,70223,85116.4,65170.4,51707,82600.1,12689,407.751,11.1437
70395,61284,75279.1,37510,34752,70737.1,12830.9,382.878,11.1732
66599.8,55483,78667,26458.5,22079,78535.3,11441.6,431.604,11.1791
101850,90548,73715.7,51456.8,44704,75435.6,26739,435.15,11.1956
108293,95323,74453.3,46274.3,44431,68254.9,15675.2,365.558,11.2286
103814,90319,75328.1,42754.3,36043,77739,11051.3,426.003,11.2569
109180,78498,91151.4,67170.7,46758,94146.5,11047,388.387,11.2605
95068.4,82719,75320.1,47667.8,45819,68180.4,9648.43,418.311,11.2711
101342,91882,72283.6,53307.2,51566,67749,27490.6,371.137,11.2758
65983.2,53667,80576,34875.3,33159,68928.2,9024.31,363.413,11.2888
74773.5,64866,75545.9,38268,37254,67319.8,14905,390.976,11.2888
124861,94448,86639.4,89541.6,74084,79210,21931.5,423.485,11.2947
118014,96026,80542.2,50415.5,43838,75369.2,14024.5,380.851,11.2994
95146.3,86743,71884.9,41021.7,40243,66804.1,12496.4,388.118,11.3029
60844.6,55590,71730.8,27862.7,27506,66385.8,9287.4,355.265,11.3064
49976.6,46338,70682.1,26595.3,26630,65450.6,28259.8,333.839,11.3289
73878.6,68002,71199.5,25881.3,25078,67635.3,23105.9,435.335,11.3348
116670,88211,86679.8,70242.1,55495,82951.4,21559.2,411.928,11.376
75323.6,70000,70520.1,26781,25508,68806.5,18632.8,430.309,11.3866
151744,112631,88294.7,40619.5,25507,104365,14605.3,372.427,11.4161
46449.3,45010,67631.7,18716.3,19478,62973.2,12654.5,404.811,11.4433
74897,66943,73322.9,41275.2,35803,75552.6,23781.1,394.158,11.4444
71140.8,66961,69626.8,28262.5,28341,65354.5,15110.7,404.658,11.4492
115067,96926,77801.8,75409.1,68938,71687.8,10100.1,361.489,11.4539
71903.6,60419,77993.3,45979.2,41431,72730.4,15212.1,380.81,11.4633
88593.2,80418,72198.3,31928.9,30950,67608.8,17684.8,392.522,11.4668
86773.9,70767,80359.7,55360,46971,77240.7,17255.3,381.015,11.4739
96691,88279,71780.9,48967.3,47939,66941.8,14008.3,343.245,11.4751
104786,89019,77143.7,73972.8,64383,75297.5,12391.7,389.199,11.4763
108780,87975,81034.3,109405,98915,72486.2,20520.6,386.1,11.481
155832,100431,101688,67901.4,43995,101148,18217.6,421.76,11.4881
128253,102868,81708.4,32550.1,23536,90635.7,15676.9,425.946,11.5305
78955.4,69925,73999.6,44113.3,41393,69843,8253.45,444.273,11.5376
105701,85197,81308.1,39004.6,28777,88828.2,15355.4,438.105,11.5388
47028.8,43966,70101.4,16618.4,16330,66693.2,10974.5,380.53,11.5459
77949.4,70386,72578.2,48657.9,47878,66603.6,6879.22,424.676,11.5588
114684,100705,74633.1,43213.7,40341,70202.8,11061.5,370.554,11.5671
72293.1,68468,69197.3,36047.5,36176,65303.2,11168.5,384.321,11.6048
100458,81749,80534.3,37192.3,31345,77761.4,13030.5,414.384,11.6143
46765.6,44373,69069.8,21471.2,21953,64097.6,19676.3,438.313,11.6154
105643,94099,73575.8,78503.1,74359,69188.4,8385.22,368.918,11.6225
59566.9,55235,70675.8,17681,17991,64406.8,13598.8,354.491,11.6237
61097.3,56884,70390.2,27043.9,27616,64178.4,12172.4,417.109,11.6532
86478.5,80277,70598.7,35765.5,35809,65456.3,12647.4,407.787,11.6638
123272,86890,92976.8,57513.9,33790,111549,22182.1,367.827,11.6685
48901.3,46499,68921.8,20155,20583,64173.4,12042.9,405.342,11.6709
164206,114718,93807.2,92041.7,68298,88319.5,9864.05,398.324,11.6897
147602,113273,85397.9,120564,104781,75407.4,13697.6,353.415,11.7098
90991.9,82714,72094.8,26473.9,25646,67651.7,14069.1,434.272,11.7133
81807.4,67567,79348.3,47774.9,44267,70729.4,12791.2,419.542,11.7546
96703.4,88877,71307,37430.3,37033,66239,11125.6,383.368,11.7581
158782,126602,82194.1,93486.4,78958,77594.7,11991.3,339.057,11.7735
89074.9,82259,70966.2,55714.6,55831,65399.4,4124.47,416.178,11.7758
112822,83671,88368.8,58991.9,51715,74757.6,18240.2,424.71,11.7829
115008,94663,79621,79636,73491,71015.8,21573.1,344.596,11.7853
144453,89508,105766,60262.8,43232,91353.2,12789.8,438.353,11.7853
83167.8,73162,74498.8,36920.9,35486,68186.1,15267,369.872,11.8442
44949.3,43450,67797.3,20778.6,21630,62956.3,10006.3,346.721,11.8926
114740,79974,94025.6,62034.7,44738,90873.7,19819.1,338.199,11.8949
128987,101835,83009.8,69701.9,56383,81017,12338.2,383.305,11.9067
128949,97457,86713.3,53457.2,43237,81027.1,7318.84,380.734,11.9091
94696.9,85211,72831.7,31112.6,27263,74789.7,19825.1,435.214,11.9268
78948.8,71514,72349.3,30210.5,28510,69445,7930.38,391.093,11.9409
68468.4,64543,69521.8,29765.5,29979,65069.2,16997.6,340.649,11.9869
118173,96894,79928.7,101139,94826,69899.2,11835.8,407.502,12.0011
92093,70375,85760.7,42372.3,29603,93805.1,14837.7,446.475,12.0023
59387.3,54156,71866.6,24204.6,23832,66560.6,33934.2,394.251,12.0353
128918,101498,83240.7,73465.8,58862,81795.7,24551.6,352.899,12.0365
109109,88222,81052.3,46364.8,37322,81414.8,7892.07,410.926,12.0388
104043,93992,72544.1,74028.7,71532,67823.4,8231.92,351.231,12.0494
84525.3,78858,70245.9,39179.6,38686,66372.1,15230.9,401.583,12.0648
132519,101798,85313.9,31482.6,21826,94531.6,9132.77,451.429,12.0648
86698.9,77356,73451.3,23928.5,22488,69734.1,19606.1,335.414,12.0683
44865.6,40962,71781.5,15653.3,10966,93548.4,12037,396.437,12.0707
80735.8,73951,71548.7,29349,28939,66464.4,12966.9,355.039,12.0766
75490.8,58214,84985.8,38602.4,29106,86918.4,9308.96,343.366,12.0966
109716,78383,91733.9,77620.1,62459,81444,18501.3,381.913,12.1072
80185.7,72033,72953.4,27377.1,27637,64919.8,12266.2,434.848,12.1096
109542,79208,90633.8,92659.4,77196,78663.7,9744.03,383.578,12.1155
128007,96358,87061.3,49540.9,39378,82449.9,35306.8,349.499,12.1237
86056.7,71987,78344.9,35143.1,30455,75624.3,13717.5,374.188,12.1367
110716,85039,85324.1,76323,59083,84659,12147.5,410.201,12.1662
86450.9,80497,70383.4,27145.1,27909,63742.2,24101.8,349.33,12.1768
81068.3,62450,85074.3,43389.8,35270,80623.6,13399.3,417.034,12.1862
95575.7,85412,73334.5,46499.3,46224,65926.3,4718.78,373.092,12.2004
75126,66853,73646,32613.1,32753,65256.2,16661.1,422.121,12.2488
148440,129828,74931.3,61705.1,55520,72836.9,15911.7,390.102,12.257
99005.2,84622,76675.1,62003.8,55418,73324.2,22412.8,384.457,12.2629
97718.9,86039,74432.6,37007.8,31315,77449.9,12254.4,425.948,12.2794
117932,90621,85287,77175.1,62393,81062.7,15188.3,384.79,12.283
81985,73652,72950.8,28632.6,27504,68225.2,12126,416.16,12.2936
108324,88346,80355.7,63592.4,55438,75175.7,16046.5,364.245,12.3301
141844,114329,81308,59481,52733,73922.3,29738,415.715,12.3384
51578.3,47191,71628.9,26671.5,26323,66403.6,21634.8,354.442,12.3396
77921.9,69207,73788.6,40901.5,41331,64855,10571.8,426.419,12.3419
129084,92971,90992.4,58907.4,44815,86144.3,8977.42,405.034,12.349
134069,80902,108605,67678.9,47058,94254,14406.8,356.759,12.3584
84867.3,70015,79438.2,44291.8,38491,75412.6,11424.7,348.459,12.3643
78377.9,62253,82511.2,34777.8,24841,91751.3,23679.9,401.176,12.3679
102456,78322,85729.8,41934.4,30982,88703.6,21325.1,383.421,12.3773
107667,84086,83915.1,50376.3,39474,83636.3,16159.9,440.377,12.3879
87005.8,77971,73129.9,30027.3,29191,67413.5,15873.1,434.686,12.4221
74103.8,68759,70630.3,60054.5,61347,64155.3,21861.2,336.426,12.4316
96316.7,83763,75358,39536.6,38631,67072.3,14509.2,345.78,12.4351
86800.5,73911,76965,46515.9,42499,71730.3,10219.8,401.975,12.4374
52952.1,49488,70123.4,19022.2,18964,65737,13512.4,412.976,12.4422
100177,81945,80116.8,55225.5,46717,77472,4602.46,347.453,12.4504
137882,101000,89467.7,43776.5,31420,91309.3,15029.2,347.309,12.4516
72008.1,65633,71901.7,30609.2,30837,65051.8,15712.9,400.175,12.4563
42765.2,40147,69810,16253,16967,62778.2,13289.6,436.929,12.4599
101227,91508,72496.7,14251.4,13856,67406.4,12651.5,355.313,12.4717
123433,99695,81140.2,56531,48139,76960.7,36473.5,406.896,12.4787
115669,70301,107829,69450.8,45657,99689.6,19172.6,366.48,12.4964
73952.8,61106,79314.1,82130.2,79606,67614.1,8203.56,436.396,12.5011
135689,117291,75816.1,75223.5,68623,71839.6,7321.66,343.112,12.5082
142127,103219,90239.3,44467.9,29639,98324.8,31725.3,417.95,12.5424
43432.1,40666,69993.8,14435.9,14654,64560.6,10290.5,362.314,12.5518
65156.7,59187,72146.1,39857.9,38823,67282.9,12566.8,374.197,12.5542
104502,96454,71004.2,30122.5,29938,65939.8,12735.7,379.99,12.5884
77748.9,69762,73039.1,27755.6,26566,68470.5,10186.9,367.354,12.5919
63663.3,53903,77402.7,51550.8,48107,70227.5,21936.3,424.47,12.599
81073,73943,71855.4,31840.8,31171,66944.3,18862.1,360.81,12.6132
130216,94781,90037.1,81199.7,62809,84725.1,16155,445.331,12.6403
108174,81234,87269.7,49714.6,37542,86785.4,21993.6,410.561,12.6438
143042,100708,93084.6,130839,103792,82614.1,15576.5,356.733,12.6662
148975,111702,87404.3,80835.5,66530,79627.8,24092,373.098,12.6839
146023,94131,101664,90219.9,68791,85950.9,13236,338.966,12.691
145770,106962,89313.7,58051.8,37542,101339,13742.6,366.246,12.7063
71697.4,67896,69205.3,38363.2,39100,64301.1,18734.1,415.371,12.7146
141946,109419,85018,59664.2,45167,86571,12685.2,427.554,12.7299
117170,87695,87563.3,52808.6,37931,91241.1,19108.5,350.696,12.7346
138306,114115,79428.7,79333.7,65079,79890.8,19524.7,377.065,12.7394
70668.6,59338,78050.1,29644.1,24686,78698.7,12478.2,421.794,12.7641
94604.8,86315,71830.2,37667.1,37551,65738.6,16389.5,336.227,12.783
110629,93471,77566.4,48361.6,42523,74534.4,9606.4,451.018,12.7889
95713.4,77274,81174.5,48559.1,36286,87702.5,3556.93,408.751,12.7983
151028,115758,85504.1,91056.4,74298,80318.1,18165,444.575,12.8125
66102.9,60803,71248.5,15903.2,14919,69859.2,9286.23,353.286,12.8148
41480.8,39260,69243.1,18295.1,18696,64130.6,12097,351.835,12.8337
132286,87949,98573.8,51778.1,39081,86828.1,14980.8,423.581,12.8349
77451.6,67471,75230.4,36762.7,35835,67232.6,9596.64,368.856,12.8502
59918.4,55591,70637.5,28076.9,28627,64276.6,18055.4,350.621,12.8585
120644,93459,84599.1,39074.8,26407,96974.6,29697.4,328.631,12.8939
35173.8,33979,67840.3,22456.5,23567,62447.9,16726.3,333.955,12.895
84752.4,65663,84588.4,48231.9,36347,86965.2,8401.74,380.784,12.9009
153652,117462,85727.6,36948.3,25842,93701.9,19609.8,426.491,12.9092
97222,74691,85305.4,36406.9,26167,91182,14243.7,360.861,12.9115
61798.4,57729,70155.8,20863.1,19813,69009.4,9961.07,343.79,12.9163
78310.4,67581,75940.7,82690.7,78793,68777.9,14660.9,403.068,12.9292
70753.1,64791,71566.7,36615.1,35651,67308.3,16430.2,423.312,12.934
92151.9,77495,77931.1,46010.2,37363,80703.4,10119.2,359.492,12.9469
130814,90008,95247.4,74905.7,56668,86627.8,20652.9,374.105,12.9516
63980.6,59355,70643.3,27542.6,26927,67034.1,19076.4,347.754,12.9599
121610,100648,79185.5,67983.5,61580,72350.9,15645.8,435.873,12.9717
109075,76332,93648.2,45028.4,28712,102779,22225.1,354.92,12.9752
97236.3,87257,73031.1,45594.9,44173,67645.5,11035.4,366.617,12.9788
71699.4,66489,70671.7,23794.1,24253,64295.8,21362.6,334.879,12.987
98234.8,90514,71126.2,35607.2,34646,67354.2,20322.2,359.542,12.9941
139987,94499,97082.6,50263.2,36695,89768.4,17166.3,359.313,13.0153
54417.9,50192,71053.8,23457.3,23668,64952.5,15483.4,382.554,13.0318
59210.6,57047,68021.6,15687.8,16707,61537.9,27304.2,436.639,13.0366
99043.2,89423,72586.4,74594,71675,68205,12283.9,447.703,13.0377
89670.5,74595,78780.7,47315.6,37431,82842.4,7820.36,437.719,13.0531
52193.9,49702,68821.8,26310.9,27394,62944.9,7263.28,349.103,13.0932
113307,86582,85765.1,38489.4,27634,91280.3,11134.4,444.741,13.0979
38721.1,36695,69154.5,16356.6,15827,67728.8,17728,357.835,13.1097
128255,103114,81514.7,67795.5,57486,77289.2,13057.5,444.061,13.1109
55822.9,48021,76183.6,47462,43505,71496.8,14478,366.597,13.125
68765.8,62480,72129.2,29327.6,28884,66542.4,20544.2,410.829,13.1462
75974.4,69939,71191.4,31130.4,31735,64287.4,12192.2,356.702,13.1486
96834.4,87664,72391.7,38421.5,37492,67160.8,16928,387.24,13.1981
82116.1,74331,72400,41155,40111,67241.7,13793.5,391.942,13.204
87809.4,80884,71147.3,34593.3,34992,64789.3,5894.48,375.041,13.2052
81046.4,62495,84990.1,35175.2,27387,84172.9,6699.65,414.932,13.2323
102651,85895,78320.7,38602.4,34723,72858,13493.9,368.442,13.2335
139971,103790,88381.8,94133.8,78474,78613.9,11331.6,375.27,13.2359
93531.3,86799,70619.1,29199,28971,66051.8,9501.51,362.999,13.2359
89961.2,76254,77316.6,34370.8,28810,78185.5,10663.9,385.749,13.2429
97057.7,86654,73404.3,46356.5,41962,72399.2,15536.8,395.378,13.2524
93340.4,78765,77663.4,60125.9,55993,70373.3,5720.91,360.342,13.2771
83453.7,72791,75136,25237.5,20195,81899.8,31963,342.503,13.2878
55560.8,52947,68771.2,29196.7,29575,64697.6,17402.5,414.548,13.2937
86594.4,71800,79039.7,42870.9,37068,75795.6,36463.8,426.705,13.3043
90001.1,58899,100143,49991.9,32999,99283.9,14451.9,367.61,13.3161
98958.6,89827,72198.3,45229.5,44007,67356.6,22976.2,436.437,13.3255
54690.6,51803,69189,21093.9,21807,63393.1,6414.78,351.819,13.3314
67342.6,61666,71568.9,91370.6,90502,66165,21272.4,418.117,13.3644
33012.5,31517,68645.7,20427.5,20857,64186.6,8960.28,343.669,13.3986
56625.7,54067,68637.5,19090,20023,62482.2,11576.1,426.537,13.4187
151877,125626,79230.8,56283.4,50526,73003.8,14356.5,378.583,13.4257
94715.9,74099,83770.4,34981.2,28423,80657.6,23771,345.657,13.447
69343.4,65290,69604.6,38257.3,39022,64251.7,10649.6,385.762,13.4611
90775.4,79995,74367.8,39311.7,38479,66954.1,9052.84,366.358,13.4788
80898.2,55698,95187.3,31806.3,19990,104275,22730.6,379.231,13.5142
82478,74038,73006.9,36655.6,35186,68273.2,18743.6,414.373,13.5283
84086.4,65618,83981.3,52643.2,41382,83370.2,9452.86,351.161,13.5401
64871.7,60044,70805.3,24559.2,24792,64920.7,10850.3,424.198,13.572
147656,114139,84780.5,32402.5,23311,91095.7,22315.8,434.041,13.5767
105731,86808,79822.1,50196.6,45484,72326.2,16629.5,369.679,13.5944
84433.1,77552,71351,34823,35908,63555.7,5298.29,374.569,13.6085
